snp,ss_id,chromosome,position,a_forward,b_forward,derivation,alleles_gnm2,notes
BARC_1.01_Gm01_138835_A_G,ss715578496,Gm01,138690,A,G,unambiguous:A/G:TOP,A/G,
BARC_1.01_Gm01_281790_T_C,ss715578887,Gm01,281645,T,C,unambiguous:T/C:BOT-design,T/C,
BARC_1.01_Gm01_334575_A_G,ss715579048,Gm01,334437,A,G,unambiguous:A/G:TOP,A/G,
BARC_1.01_Gm01_402061_A_C,ss715579337,Gm01,401923,A,C,unambiguous:A/C:TOP,A/C,
BARC_1.01_Gm01_510342_G_A,ss715580182,Gm01,510643,A,G,unambiguous:A/G:TOP,G/A,
BARC_1.01_Gm01_565991_A_C,ss715580737,Gm01,566240,A,C,unambiguous:A/C:TOP,A/C,
BARC_1.01_Gm01_688663_A_G,ss715580778,Gm01,688904,A,G,unambiguous:A/G:TOP,A/G,
BARC_1.01_Gm01_822979_A_G,ss715580823,Gm01,823278,A,G,unambiguous:A/G:TOP,A/G,
BARC_1.01_Gm01_901691_C_T,ss715580851,Gm01,901990,T,C,unambiguous:T/C:BOT-design,C/T,
BARC_1.01_Gm01_963847_T_C,ss715580875,Gm01,964146,T,C,unambiguous:T/C:BOT-design,T/C,
BARC_1.01_Gm01_1013695_A_G,ss715578407,Gm01,1013994,A,G,unambiguous:A/G:TOP,A/G,
BARC_1.01_Gm01_1059407_T_C,ss715578418,Gm01,1059707,T,C,unambiguous:T/C:BOT-design,T/C,
BARC_1.01_Gm01_1279146_C_T,ss715578463,Gm01,1273914,T,C,unambiguous:T/C:BOT-design,C/T,
BARC_1.01_Gm01_1344976_A_G,ss715578484,Gm01,1339744,A,G,unambiguous:A/G:TOP,A/G,
BARC_1.01_Gm01_1428598_T_G,ss715578509,Gm01,1423756,T,G,unambiguous:T/G:BOT-design,T/G,
BARC_1.01_Gm01_1502816_G_A,ss715578533,Gm01,1498823,A,G,unambiguous:A/G:TOP,G/A,
BARC_1.01_Gm01_1584120_T_G,ss715578563,Gm01,1580127,T,G,unambiguous:T/G:BOT-design,T/G,
BARC_1.01_Gm01_1653315_T_C,ss715578584,Gm01,1653600,T,C,unambiguous:T/C:BOT-design,T/C,
BARC_1.01_Gm01_1695799_C_T,ss715578593,Gm01,1696769,T,C,unambiguous:T/C:BOT-design,C/T,
BARC_1.01_Gm01_1744951_C_A,ss715578610,Gm01,1745945,A,C,unambiguous:A/C:TOP,C/A,
BARC_1.01_Gm01_1795962_A_G,ss715578621,Gm01,1796956,A,G,unambiguous:A/G:TOP,A/G,
BARC_1.01_Gm01_1887205_G_A,ss715578642,Gm01,1887609,A,G,unambiguous:A/G:TOP,G/A,
BARC_1.01_Gm01_1936523_T_C,ss715578656,Gm01,1936927,T,C,unambiguous:T/C:BOT-design,T/C,
BARC_1.01_Gm01_2009015_G_T,ss715578669,Gm01,2010584,T,G,unambiguous:T/G:BOT-design,G/T,
BARC_1.01_Gm01_2099803_A_G,ss715578689,Gm01,2102513,A,G,unambiguous:A/G:TOP,A/G,
BARC_1.01_Gm01_2188771_C_T,ss715578706,Gm01,2194371,T,C,unambiguous:T/C:BOT-design,C/T,
BARC_1.01_Gm01_2267573_T_C,ss715578728,Gm01,2274638,T,C,unambiguous:T/C:BOT-design,T/C,
BARC_1.01_Gm01_2348223_A_C,ss715578746,Gm01,2355288,A,C,unambiguous:A/C:TOP,A/C,
BARC_1.01_Gm01_2585749_A_C,ss715578810,Gm01,2601764,A,C,unambiguous:A/C:TOP,A/C,
BARC_1.01_Gm01_2708722_C_T,ss715578848,Gm01,2724688,T,C,unambiguous:T/C:BOT-design,C/T,
BARC_1.01_Gm01_2813785_C_T,ss715578885,Gm01,2829751,T,C,unambiguous:T/C:BOT-design,C/T,
BARC_1.01_Gm01_2928374_C_A,ss715578913,Gm01,2944680,A,C,unambiguous:A/C:TOP,C/A,
BARC_1.01_Gm01_3016694_A_G,ss715578942,Gm01,3033126,A,G,unambiguous:A/G:TOP,A/G,
BARC_1.01_Gm01_3063603_T_G,ss715578957,Gm01,3080035,T,G,unambiguous:T/G:BOT-design,T/G,
BARC_1.01_Gm01_3121012_T_G,ss715578975,Gm01,3137444,T,G,unambiguous:T/G:BOT-design,T/G,
BARC_1.01_Gm01_3221969_C_A,ss715579001,Gm01,3237203,A,C,unambiguous:A/C:TOP,C/A,
BARC_1.01_Gm01_3281127_A_G,ss715579021,Gm01,3296361,A,G,unambiguous:A/G:TOP,A/G,
BARC_1.01_Gm01_3327321_A_C,ss715579040,Gm01,3342559,A,C,unambiguous:A/C:TOP,A/C,
BARC_1.01_Gm01_3372977_A_C,ss715579057,Gm01,3387651,A,C,unambiguous:A/C:TOP,A/C,
BARC_1.01_Gm01_3458582_T_C,ss715579081,Gm01,3458900,T,C,unambiguous:T/C:BOT-design,T/C,
BARC_1.01_Gm01_3519206_T_C,ss715579104,Gm01,3530881,T,C,unambiguous:T/C:BOT-design,T/C,
BARC_1.01_Gm01_3585713_C_A,ss715579141,Gm01,3597388,A,C,unambiguous:A/C:TOP,C/A,
BARC_1.01_Gm01_3596804_A_C,ss715579147,Gm01,3608479,A,C,unambiguous:A/C:TOP,A/C,
BARC_1.01_Gm01_3638269_G_A,ss715579164,Gm01,3649944,A,G,unambiguous:A/G:TOP,G/A,
BARC_1.01_Gm01_3715007_G_A,ss715579200,Gm01,3735682,A,G,unambiguous:A/G:TOP,G/A,
BARC_1.01_Gm01_3770764_A_C,ss715579224,Gm01,3791530,A,C,unambiguous:A/C:TOP,A/C,
BARC_1.01_Gm01_3832790_G_T,ss715579255,Gm01,3853942,T,G,unambiguous:T/G:BOT-design,G/T,
BARC_1.01_Gm01_3905200_A_G,ss715579291,Gm01,3926357,A,G,unambiguous:A/G:TOP,A/G,
BARC_1.01_Gm01_4002275_A_G,ss715579327,Gm01,4023442,A,G,unambiguous:A/G:TOP,A/G,
BARC_1.01_Gm01_4021131_A_G,ss715579338,Gm01,4042298,A,G,unambiguous:A/G:TOP,A/G,
BARC_1.01_Gm01_4120447_C_T,ss715579379,Gm01,4142416,T,C,unambiguous:T/C:BOT-design,C/T,
BARC_1.01_Gm01_4213351_T_C,ss715579410,Gm01,4235320,T,C,unambiguous:T/C:BOT-design,T/C,
BARC_1.01_Gm01_4264556_A_G,ss715579428,Gm01,4286525,A,G,unambiguous:A/G:TOP,A/G,
BARC_1.01_Gm01_4365237_T_C,ss715579472,Gm01,4387206,T,C,unambiguous:T/C:BOT-design,T/C,
BARC_1.01_Gm01_4474392_A_G,ss715579515,Gm01,4496361,A,G,unambiguous:A/G:TOP,A/G,
BARC_1.01_Gm01_4517478_T_C,ss715579529,Gm01,4539492,T,C,unambiguous:T/C:BOT-design,T/C,
BARC_1.01_Gm01_4595776_G_A,ss715579559,Gm01,4617792,A,G,unambiguous:A/G:TOP,G/A,
BARC_1.01_Gm01_4642545_A_G,ss715579578,Gm01,4664561,A,G,unambiguous:A/G:TOP,A/G,
BARC_1.01_Gm01_4726775_C_A,ss715579689,Gm01,4748809,A,C,unambiguous:A/C:TOP,C/A,
BARC_1.01_Gm01_4777842_G_A,ss715579736,Gm01,4799896,A,G,unambiguous:A/G:TOP,G/A,
BARC_1.01_Gm01_4912239_G_A,ss715579934,Gm01,4934180,A,G,unambiguous:A/G:TOP,G/A,
BARC_1.01_Gm01_5044640_G_A,ss715580115,Gm01,5066554,A,G,unambiguous:A/G:TOP,G/A,
BARC_1.01_Gm01_5159361_A_G,ss715580248,Gm01,5181297,A,G,unambiguous:A/G:TOP,A/G,
BARC_1.01_Gm01_5238004_A_G,ss715580349,Gm01,5251363,A,G,unambiguous:A/G:TOP,A/G,
BARC_1.01_Gm01_5300057_T_C,ss715580423,Gm01,5313416,T,C,unambiguous:T/C:BOT-design,T/C,
BARC_1.01_Gm01_5453015_T_G,ss715580578,Gm01,5466375,T,G,unambiguous:T/G:BOT-design,T/G,
BARC_1.01_Gm01_5555585_C_T,ss715580702,Gm01,5568956,T,C,unambiguous:T/C:BOT-design,C/T,
BARC_1.01_Gm01_5716473_G_A,ss715580740,Gm01,5729824,A,G,unambiguous:A/G:TOP,G/A,
BARC_1.01_Gm01_5936538_C_T,ss715580747,Gm01,5949964,T,C,unambiguous:T/C:BOT-design,C/T,
BARC_1.01_Gm01_6754321_G_A,ss715580774,Gm01,6767604,A,G,unambiguous:A/G:TOP,G/A,
BARC_1.01_Gm01_6835270_G_A,ss715580776,Gm01,6849198,A,G,unambiguous:A/G:TOP,G/A,
BARC_1.01_Gm01_6907127_T_G,ss715580779,Gm01,6917089,T,G,unambiguous:T/G:BOT-design,T/G,
BARC_1.01_Gm01_7052156_A_G,ss715580784,Gm01,7071117,A,G,unambiguous:A/G:TOP,A/G,
BARC_1.01_Gm01_7224118_G_A,ss715580789,Gm01,7243107,A,G,unambiguous:A/G:TOP,G/A,
BARC_1.01_Gm01_7507993_A_G,ss715580798,Gm01,7536147,A,G,unambiguous:A/G:TOP,A/G,
BARC_1.01_Gm01_7659177_T_C,ss715580803,Gm01,7687334,T,C,unambiguous:T/C:BOT-design,T/C,
BARC_1.01_Gm01_8484147_T_C,ss715580832,Gm01,8533425,T,C,unambiguous:T/C:BOT-design,T/C,
BARC_1.01_Gm01_8822487_T_C,ss715580844,Gm01,8869123,T,C,unambiguous:T/C:BOT-design,T/C,
BARC_1.01_Gm01_8845965_T_C,ss715580845,Gm01,8892601,T,C,unambiguous:T/C:BOT-design,T/C,
BARC_1.01_Gm01_9014216_T_G,ss715580850,Gm01,9062511,T,G,unambiguous:T/G:BOT-design,T/G,
BARC_1.01_Gm01_9235132_G_A,ss715580860,Gm01,9284428,A,G,unambiguous:A/G:TOP,G/A,
BARC_1.01_Gm01_9361366_T_C,ss715580865,Gm01,9410680,T,C,unambiguous:T/C:BOT-design,T/C,
BARC_1.01_Gm01_9967172_G_A,ss715580889,Gm01,10015821,A,G,unambiguous:A/G:TOP,G/A,
BARC_1.01_Gm01_10768239_C_T,ss715578424,Gm01,10813099,T,C,unambiguous:T/C:BOT-design,C/T,
BARC_1.01_Gm01_11835461_T_C,ss715578446,Gm01,11872068,T,C,unambiguous:T/C:BOT-design,T/C,
BARC_1.01_Gm01_11904297_T_C,ss715578448,Gm01,11941473,T,C,unambiguous:T/C:BOT-design,T/C,
BARC_1.01_Gm01_17053851_C_T,ss715578596,Gm01,14460880,T,C,unambiguous:T/C:BOT-design,C/T,
BARC_1.01_Gm01_18915610_T_C,ss715578644,Gm01,17436477,T,C,unambiguous:T/C:BOT-design,T/C,
BARC_1.01_Gm01_19942022_G_A,ss715578667,Gm01,18443259,A,G,unambiguous:A/G:TOP,G/A,
BARC_1.01_Gm01_20542501_C_T,ss715578681,Gm01,19044380,T,C,unambiguous:T/C:BOT-design,C/T,
BARC_1.01_Gm01_21804377_G_T,ss715578702,Gm01,20305604,T,G,unambiguous:T/G:BOT-design,G/T,
BARC_1.01_Gm01_21883574_G_A,ss715578705,Gm01,20384801,A,G,unambiguous:A/G:TOP,G/A,
BARC_1.01_Gm01_23586582_C_A,ss715578751,Gm01,22123142,A,C,unambiguous:A/C:TOP,C/A,
BARC_1.01_Gm01_27164384_T_G,ss715578851,Gm01,25626349,T,G,unambiguous:T/G:BOT-design,T/G,
BARC_1.01_Gm01_27463902_G_T,ss715578859,Gm01,25928596,T,G,unambiguous:T/G:BOT-design,G/T,
BARC_1.01_Gm01_28628358_A_C,ss715578900,Gm01,27098957,A,C,unambiguous:A/C:TOP,A/C,
BARC_1.01_Gm01_28759367_G_A,ss715578901,Gm01,27230466,A,G,unambiguous:A/G:TOP,G/A,
BARC_1.01_Gm01_28848622_A_G,ss715578904,Gm01,27319719,A,G,unambiguous:A/G:TOP,A/G,
BARC_1.01_Gm01_29091115_A_G,ss715578909,Gm01,27562614,A,G,unambiguous:A/G:TOP,A/G,
BARC_1.01_Gm01_29169958_A_G,ss715578911,Gm01,27641493,A,G,unambiguous:A/G:TOP,A/G,
BARC_1.01_Gm01_29990637_T_C,ss715578935,Gm01,28477581,T,C,unambiguous:T/C:BOT-design,T/C,
BARC_1.01_Gm01_30080907_T_C,ss715578938,Gm01,28567716,T,C,unambiguous:T/C:BOT-design,T/C,
BARC_1.01_Gm01_14097047_T_C,ss715578504,Gm01,29270116,T,C,unambiguous:T/C:BOT-design,T/C,
BARC_1.01_Gm01_14818197_C_T,ss715578521,Gm01,30442329,T,C,unambiguous:T/C:BOT-design,C/T,
BARC_1.01_Gm01_14910545_C_A,ss715578528,Gm01,30530043,A,C,unambiguous:A/C:TOP,C/A,
BARC_1.01_Gm01_15851740_A_C,ss715578564,Gm01,31278484,A,C,unambiguous:A/C:TOP,A/C,
BARC_1.01_Gm01_16388569_G_A,ss715578580,Gm01,31804544,A,G,unambiguous:A/G:TOP,G/A,
BARC_1.01_Gm01_31506268_T_C,ss715578984,Gm01,32803083,T,C,unambiguous:T/C:BOT-design,T/C,
BARC_1.01_Gm01_31906055_A_G,ss715578992,Gm01,33203133,A,G,unambiguous:A/G:TOP,A/G,
BARC_1.01_Gm01_32070134_C_T,ss715578995,Gm01,33366518,T,C,unambiguous:T/C:BOT-design,C/T,
BARC_1.01_Gm01_32144754_T_C,ss715578997,Gm01,33441397,T,C,unambiguous:T/C:BOT-design,T/C,
BARC_1.01_Gm01_32259879_A_G,ss715579002,Gm01,33557981,A,G,unambiguous:A/G:TOP,A/G,
BARC_1.01_Gm01_32354171_C_A,ss715579005,Gm01,33652273,A,C,unambiguous:A/C:TOP,C/A,
BARC_1.01_Gm01_32493455_G_A,ss715579008,Gm01,33791555,A,G,unambiguous:A/G:TOP,G/A,
BARC_1.01_Gm01_32899706_A_G,ss715579026,Gm01,34197502,A,G,unambiguous:A/G:TOP,A/G,
BARC_1.01_Gm01_33891376_A_G,ss715579059,Gm01,35249061,A,G,unambiguous:A/G:TOP,A/G,
BARC_1.01_Gm01_34560330_T_C,ss715579080,Gm01,35932877,T,C,unambiguous:T/C:BOT-design,T/C,
BARC_1.01_Gm01_34668255_T_C,ss715579084,Gm01,36041544,T,C,unambiguous:T/C:BOT-design,T/C,
BARC_1.01_Gm01_35048367_A_G,ss715579099,Gm01,36420185,A,G,unambiguous:A/G:TOP,A/G,
BARC_1.01_Gm01_35151660_A_C,ss715579103,Gm01,36523544,A,C,unambiguous:A/C:TOP,A/C,
BARC_1.01_Gm01_35448254_C_T,ss715579115,Gm01,36823412,T,C,unambiguous:T/C:BOT-design,C/T,
BARC_1.01_Gm01_35496161_T_C,ss715579117,Gm01,36871319,T,C,unambiguous:T/C:BOT-design,T/C,
BARC_1.01_Gm01_35587217_G_T,ss715579122,Gm01,36962671,T,G,unambiguous:T/G:BOT-design,G/T,
BARC_1.01_Gm01_35840821_A_G,ss715579140,Gm01,37206666,A,G,unambiguous:A/G:TOP,A/G,
BARC_1.01_Gm01_36393636_C_T,ss715579165,Gm01,37759422,T,C,unambiguous:T/C:BOT-design,C/T,
BARC_1.01_Gm01_36723932_G_A,ss715579180,Gm01,38090469,A,G,unambiguous:A/G:TOP,G/A,
BARC_1.01_Gm01_36994849_A_G,ss715579192,Gm01,38360550,A,G,unambiguous:A/G:TOP,A/G,
BARC_1.01_Gm01_37767294_A_G,ss715579229,Gm01,39140734,A,G,unambiguous:A/G:TOP,A/G,
BARC_1.01_Gm01_38661096_A_G,ss715579274,Gm01,40040347,A,G,unambiguous:A/G:TOP,A/G,
BARC_1.01_Gm01_39561856_T_C,ss715579310,Gm01,40936653,T,C,unambiguous:T/C:BOT-design,T/C,
BARC_1.01_Gm01_39724988_A_G,ss715579315,Gm01,41099473,A,G,unambiguous:A/G:TOP,A/G,
BARC_1.01_Gm01_39803394_C_A,ss715579318,Gm01,41176370,A,C,unambiguous:A/C:TOP,C/A,
BARC_1.01_Gm01_39969821_T_C,ss715579325,Gm01,41361574,T,C,unambiguous:T/C:BOT-design,T/C,
BARC_1.01_Gm01_40195425_G_T,ss715579336,Gm01,41586720,T,G,unambiguous:T/G:BOT-design,G/T,
BARC_1.01_Gm01_41403051_C_T,ss715579384,Gm01,42255290,T,C,unambiguous:T/C:BOT-design,C/T,
BARC_1.01_Gm01_41493471_T_C,ss715579389,Gm01,42337744,T,C,unambiguous:T/C:BOT-design,T/C,
BARC_1.01_Gm01_41604325_A_G,ss715579393,Gm01,42448605,A,G,unambiguous:A/G:TOP,A/G,
BARC_1.01_Gm01_41828048_A_G,ss715579398,Gm01,42672105,A,G,unambiguous:A/G:TOP,A/G,
BARC_1.01_Gm01_41993098_T_C,ss715579404,Gm01,42838494,T,C,unambiguous:T/C:BOT-design,T/C,
BARC_1.01_Gm01_42151166_C_T,ss715579411,Gm01,42996883,T,C,unambiguous:T/C:BOT-design,C/T,
BARC_1.01_Gm01_42468038_A_C,ss715579423,Gm01,43313817,A,C,unambiguous:A/C:TOP,A/C,
BARC_1.01_Gm01_42848317_T_G,ss715579437,Gm01,43694104,T,G,unambiguous:T/G:BOT-design,T/G,
BARC_1.01_Gm01_43106876_A_G,ss715579449,Gm01,43971846,A,G,unambiguous:A/G:TOP,A/G,
BARC_1.01_Gm01_43254220_T_C,ss715579456,Gm01,44117573,T,C,unambiguous:T/C:BOT-design,T/C,
BARC_1.01_Gm01_43413943_T_C,ss715579462,Gm01,44276483,T,C,unambiguous:T/C:BOT-design,T/C,
BARC_1.01_Gm01_43576945_G_A,ss715579470,Gm01,44442390,A,G,unambiguous:A/G:TOP,G/A,
BARC_1.01_Gm01_43767242_C_A,ss715579477,Gm01,44633514,A,C,unambiguous:A/C:TOP,C/A,
BARC_1.01_Gm01_44304195_T_C,ss715579496,Gm01,45169738,T,C,unambiguous:T/C:BOT-design,T/C,
BARC_1.01_Gm01_44443891_A_G,ss715579502,Gm01,45309459,A,G,unambiguous:A/G:TOP,A/G,
BARC_1.01_Gm01_44673778_A_G,ss715579513,Gm01,45535684,A,G,unambiguous:A/G:TOP,A/G,
BARC_1.01_Gm01_44790492_G_A,ss715579517,Gm01,45661398,A,G,unambiguous:A/G:TOP,G/A,
BARC_1.01_Gm01_44883585_C_T,ss715579520,Gm01,45754481,T,C,unambiguous:T/C:BOT-design,C/T,
BARC_1.01_Gm01_45064727_A_G,ss715579524,Gm01,45935654,A,G,unambiguous:A/G:TOP,A/G,
BARC_1.01_Gm01_45165995_A_C,ss715579528,Gm01,46036919,A,C,unambiguous:A/C:TOP,A/C,
BARC_1.01_Gm01_45665752_G_A,ss715579549,Gm01,46542618,A,G,unambiguous:A/G:TOP,G/A,
BARC_1.01_Gm01_45975397_C_T,ss715579560,Gm01,46851639,T,C,unambiguous:T/C:BOT-design,C/T,
BARC_1.01_Gm01_46534870_A_G,ss715579582,Gm01,47417553,A,G,unambiguous:A/G:TOP,A/G,
BARC_1.01_Gm01_46545441_G_A,ss715579586,Gm01,47428124,A,G,unambiguous:A/G:TOP,G/A,
BARC_1.01_Gm01_46672210_C_A,ss715579604,Gm01,47548257,A,C,unambiguous:A/C:TOP,C/A,
BARC_1.01_Gm01_46765711_G_A,ss715579613,Gm01,47641758,A,G,unambiguous:A/G:TOP,G/A,
BARC_1.01_Gm01_46833359_C_T,ss715579620,Gm01,47709406,T,C,unambiguous:T/C:BOT-design,C/T,
BARC_1.01_Gm01_46891710_G_A,ss715579629,Gm01,47767757,A,G,unambiguous:A/G:TOP,G/A,
BARC_1.01_Gm01_47023597_C_A,ss715579640,Gm01,47899030,A,C,unambiguous:A/C:TOP,C/A,
BARC_1.01_Gm01_47130768_A_G,ss715579666,Gm01,48006295,A,G,unambiguous:A/G:TOP,A/G,
BARC_1.01_Gm01_47296536_T_C,ss715579693,Gm01,48171267,T,C,unambiguous:T/C:BOT-design,T/C,
BARC_1.01_Gm01_47342247_A_G,ss715579701,Gm01,48216978,A,G,unambiguous:A/G:TOP,A/G,
BARC_1.01_Gm01_47505074_T_C,ss715579717,Gm01,48379472,T,C,unambiguous:T/C:BOT-design,T/C,
BARC_1.01_Gm01_47601703_T_C,ss715579723,Gm01,48476100,T,C,unambiguous:T/C:BOT-design,T/C,
BARC_1.01_Gm01_47672271_C_T,ss715579726,Gm01,48546668,T,C,unambiguous:T/C:BOT-design,C/T,
BARC_1.01_Gm01_47734651_C_A,ss715579732,Gm01,48609048,A,C,unambiguous:A/C:TOP,C/A,
BARC_1.01_Gm01_47807975_G_A,ss715579739,Gm01,48682524,A,G,unambiguous:A/G:TOP,G/A,
BARC_1.01_Gm01_47853391_T_C,ss715579744,Gm01,48727937,T,C,unambiguous:T/C:BOT-design,T/C,
BARC_1.01_Gm01_47942462_A_C,ss715579755,Gm01,48817017,A,C,unambiguous:A/C:TOP,A/C,
BARC_1.01_Gm01_48057519_A_G,ss715579780,Gm01,48932018,A,G,unambiguous:A/G:TOP,A/G,
BARC_1.01_Gm01_48119773_C_T,ss715579793,Gm01,48994432,T,C,unambiguous:T/C:BOT-design,C/T,
BARC_1.01_Gm01_48181097_C_T,ss715579804,Gm01,49055756,T,C,unambiguous:T/C:BOT-design,C/T,
BARC_1.01_Gm01_48222840_C_T,ss715579816,Gm01,49097595,T,C,unambiguous:T/C:BOT-design,C/T,
BARC_1.01_Gm01_48306028_T_C,ss715579827,Gm01,49180782,T,C,unambiguous:T/C:BOT-design,T/C,
BARC_1.01_Gm01_48418410_G_T,ss715579847,Gm01,49298272,T,G,unambiguous:T/G:BOT-design,G/T,
BARC_1.01_Gm01_48469239_T_C,ss715579856,Gm01,49349101,T,C,unambiguous:T/C:BOT-design,T/C,
BARC_1.01_Gm01_48524758_C_T,ss715579864,Gm01,49405022,T,C,unambiguous:T/C:BOT-design,C/T,
BARC_1.01_Gm01_48565309_G_A,ss715579872,Gm01,49445573,A,G,unambiguous:A/G:TOP,G/A,
BARC_1.01_Gm01_48617111_G_A,ss715579880,Gm01,49497388,A,G,unambiguous:A/G:TOP,G/A,
BARC_1.01_Gm01_48684218_C_T,ss715579890,Gm01,49564591,T,C,unambiguous:T/C:BOT-design,C/T,
BARC_1.01_Gm01_48740400_G_A,ss715579901,Gm01,49620773,A,G,unambiguous:A/G:TOP,G/A,
BARC_1.01_Gm01_48860794_C_T,ss715579909,Gm01,49741168,T,C,unambiguous:T/C:BOT-design,C/T,
BARC_1.01_Gm01_49029066_T_G,ss715579920,Gm01,49910518,T,G,unambiguous:T/G:BOT-design,T/G,
BARC_1.01_Gm01_49121708_G_T,ss715579933,Gm01,50003168,T,G,unambiguous:T/G:BOT-design,G/T,
BARC_1.01_Gm01_49196746_A_G,ss715579938,Gm01,50078206,A,G,unambiguous:A/G:TOP,A/G,
BARC_1.01_Gm01_49281276_T_G,ss715579950,Gm01,50164447,T,G,unambiguous:T/G:BOT-design,T/G,
BARC_1.01_Gm01_49322760_C_A,ss715579958,Gm01,50206347,A,C,unambiguous:A/C:TOP,C/A,
BARC_1.01_Gm01_49403702_A_G,ss715579973,Gm01,50287274,A,G,unambiguous:A/G:TOP,A/G,
BARC_1.01_Gm01_49412063_T_G,ss715579975,Gm01,50295635,T,G,unambiguous:T/G:BOT-design,T/G,
BARC_1.01_Gm01_49566893_G_T,ss715580003,Gm01,50451035,T,G,unambiguous:T/G:BOT-design,G/T,
BARC_1.01_Gm01_49635005_G_A,ss715580014,Gm01,50519169,A,G,unambiguous:A/G:TOP,G/A,
BARC_1.01_Gm01_49687691_C_T,ss715580023,Gm01,50572171,T,C,unambiguous:T/C:BOT-design,C/T,
BARC_1.01_Gm01_49770288_T_C,ss715580035,Gm01,50654766,T,C,unambiguous:T/C:BOT-design,T/C,
BARC_1.01_Gm01_49816449_T_C,ss715580039,Gm01,50700924,T,C,unambiguous:T/C:BOT-design,T/C,
BARC_1.01_Gm01_49912586_C_A,ss715580047,Gm01,50797061,A,C,unambiguous:A/C:TOP,C/A,
BARC_1.01_Gm01_49987647_C_T,ss715580057,Gm01,50871946,T,C,unambiguous:T/C:BOT-design,C/T,
BARC_1.01_Gm01_50035662_A_C,ss715580066,Gm01,50919957,A,C,unambiguous:A/C:TOP,A/C,
BARC_1.01_Gm01_50098348_G_T,ss715580075,Gm01,50982643,T,G,unambiguous:T/G:BOT-design,G/T,
BARC_1.01_Gm01_50202416_C_T,ss715580090,Gm01,51087595,T,C,unambiguous:T/C:BOT-design,C/T,
BARC_1.01_Gm01_50262496_T_C,ss715580100,Gm01,51147675,T,C,unambiguous:T/C:BOT-design,T/C,
BARC_1.01_Gm01_50318073_A_G,ss715580105,Gm01,51203252,A,G,unambiguous:A/G:TOP,A/G,
BARC_1.01_Gm01_50423856_A_C,ss715580114,Gm01,51309036,A,C,unambiguous:A/C:TOP,A/C,
BARC_1.01_Gm01_50507289_A_G,ss715580117,Gm01,51392814,A,G,unambiguous:A/G:TOP,A/G,
BARC_1.01_Gm01_50644671_A_C,ss715580131,Gm01,51530195,A,C,unambiguous:A/C:TOP,A/C,
BARC_1.01_Gm01_50744456_A_C,ss715580144,Gm01,51629974,A,C,unambiguous:A/C:TOP,A/C,
BARC_1.01_Gm01_50889550_T_C,ss715580166,Gm01,51774753,T,C,unambiguous:T/C:BOT-design,T/C,
BARC_1.01_Gm01_51034693_A_C,ss715580183,Gm01,51921479,A,C,unambiguous:A/C:TOP,A/C,
BARC_1.01_Gm01_51097931_C_A,ss715580188,Gm01,51984719,A,C,unambiguous:A/C:TOP,C/A,
BARC_1.01_Gm01_51230562_C_A,ss715580203,Gm01,52117349,A,C,unambiguous:A/C:TOP,C/A,
BARC_1.01_Gm01_51330200_C_A,ss715580213,Gm01,52216987,A,C,unambiguous:A/C:TOP,C/A,
BARC_1.01_Gm01_51376821_C_A,ss715580220,Gm01,52264113,A,C,unambiguous:A/C:TOP,C/A,
BARC_1.01_Gm01_51460913_C_A,ss715580233,Gm01,52348205,A,C,unambiguous:A/C:TOP,C/A,
BARC_1.01_Gm01_51612381_A_G,ss715580250,Gm01,52499700,A,G,unambiguous:A/G:TOP,A/G,
BARC_1.01_Gm01_51636488_G_A,ss715580254,Gm01,52523807,A,G,unambiguous:A/G:TOP,G/A,
BARC_1.01_Gm01_51721249_T_C,ss715580269,Gm01,52608568,T,C,unambiguous:T/C:BOT-design,T/C,
BARC_1.01_Gm01_51764870_C_T,ss715580276,Gm01,52652130,T,C,unambiguous:T/C:BOT-design,C/T,
BARC_1.01_Gm01_51831718_G_A,ss715580289,Gm01,52718978,A,G,unambiguous:A/G:TOP,G/A,
BARC_1.01_Gm01_51890126_A_G,ss715580307,Gm01,52777403,A,G,unambiguous:A/G:TOP,A/G,
BARC_1.01_Gm01_51946478_A_C,ss715580314,Gm01,52833754,A,C,unambiguous:A/C:TOP,A/C,
BARC_1.01_Gm01_52102056_T_C,ss715580325,Gm01,52989334,T,C,unambiguous:T/C:BOT-design,T/C,
BARC_1.01_Gm01_52154366_A_G,ss715580331,Gm01,53041644,A,G,unambiguous:A/G:TOP,A/G,
BARC_1.01_Gm01_52253980_C_T,ss715580343,Gm01,53141084,T,C,unambiguous:T/C:BOT-design,C/T,
BARC_1.01_Gm01_52386309_T_C,ss715580350,Gm01,53273430,T,C,unambiguous:T/C:BOT-design,T/C,
BARC_1.01_Gm01_52493627_T_C,ss715580361,Gm01,53378518,T,C,unambiguous:T/C:BOT-design,T/C,
BARC_1.01_Gm01_52551516_A_G,ss715580367,Gm01,53436407,A,G,unambiguous:A/G:TOP,A/G,
BARC_1.01_Gm01_52642507_T_G,ss715580379,Gm01,53527381,T,G,unambiguous:T/G:BOT-design,T/G,
BARC_1.01_Gm01_52887948_A_G,ss715580414,Gm01,53772821,A,G,unambiguous:A/G:TOP,A/G,
BARC_1.01_Gm01_53242363_T_G,ss715580434,Gm01,54127023,T,G,unambiguous:T/G:BOT-design,T/G,
BARC_1.01_Gm01_53278791_G_T,ss715580441,Gm01,54163451,T,G,unambiguous:T/G:BOT-design,G/T,
BARC_1.01_Gm01_53365928_A_G,ss715580443,Gm01,54250600,A,G,unambiguous:A/G:TOP,A/G,
BARC_1.01_Gm01_53570723_G_A,ss715580450,Gm01,54479210,A,G,unambiguous:A/G:TOP,G/A,
BARC_1.01_Gm01_53675540_T_C,ss715580458,Gm01,54584027,T,C,unambiguous:T/C:BOT-design,T/C,
BARC_1.01_Gm01_53772846_G_T,ss715580464,Gm01,54681333,T,G,unambiguous:T/G:BOT-design,G/T,
BARC_1.01_Gm01_53900971_G_A,ss715580489,Gm01,54809451,A,G,unambiguous:A/G:TOP,G/A,
BARC_1.01_Gm01_54025362_C_T,ss715580507,Gm01,54933861,T,C,unambiguous:T/C:BOT-design,C/T,
BARC_1.01_Gm01_54123492_T_C,ss715580518,Gm01,55031991,T,C,unambiguous:T/C:BOT-design,T/C,
BARC_1.01_Gm01_54220674_T_C,ss715580529,Gm01,55129174,T,C,unambiguous:T/C:BOT-design,T/C,
BARC_1.01_Gm01_54250250_T_C,ss715580536,Gm01,55158751,T,C,unambiguous:T/C:BOT-design,T/C,
BARC_1.01_Gm01_54285824_G_A,ss715580541,Gm01,55194325,A,G,unambiguous:A/G:TOP,G/A,
BARC_1.01_Gm01_54432202_T_G,ss715580563,Gm01,55348314,T,G,unambiguous:T/G:BOT-design,T/G,
BARC_1.01_Gm01_54488416_C_A,ss715580571,Gm01,55404734,A,C,unambiguous:A/C:TOP,C/A,
BARC_1.01_Gm01_54521885_T_C,ss715580576,Gm01,55438203,T,C,unambiguous:T/C:BOT-design,T/C,
BARC_1.01_Gm01_54622722_C_A,ss715580594,Gm01,55539040,A,C,unambiguous:A/C:TOP,C/A,
BARC_1.01_Gm01_54686660_C_A,ss715580601,Gm01,55602978,A,C,unambiguous:A/C:TOP,C/A,
BARC_1.01_Gm01_54752856_A_C,ss715580606,Gm01,55669170,A,C,unambiguous:A/C:TOP,A/C,
BARC_1.01_Gm01_54807842_C_A,ss715580611,Gm01,55724571,A,C,unambiguous:A/C:TOP,C/A,
BARC_1.01_Gm01_54843428_G_T,ss715580614,Gm01,55760157,T,G,unambiguous:T/G:BOT-design,G/T,
BARC_1.01_Gm01_54932021_T_G,ss715580627,Gm01,55848750,T,G,unambiguous:T/G:BOT-design,T/G,
BARC_1.01_Gm01_54962372_G_A,ss715580631,Gm01,55879101,A,G,unambiguous:A/G:TOP,G/A,
BARC_1.01_Gm01_55060537_G_T,ss715580642,Gm01,55976161,T,G,unambiguous:T/G:BOT-design,G/T,
BARC_1.01_Gm01_55124547_G_A,ss715580655,Gm01,56040192,A,G,unambiguous:A/G:TOP,G/A,
BARC_1.01_Gm01_55226574_A_G,ss715580676,Gm01,56142221,A,G,unambiguous:A/G:TOP,A/G,
BARC_1.01_Gm01_55380880_T_C,ss715580683,Gm01,56296878,T,C,unambiguous:T/C:BOT-design,T/C,
BARC_1.01_Gm01_55608992_G_A,ss715580710,Gm01,56524987,A,G,unambiguous:A/G:TOP,G/A,
BARC_1.01_Gm01_55666300_G_A,ss715580712,Gm01,56582329,A,G,unambiguous:A/G:TOP,G/A,
BARC_1.01_Gm01_55789200_A_C,ss715580717,Gm01,56705229,A,C,unambiguous:A/C:TOP,A/C,
BARC_1.01_Gm02_51238_A_G,ss715583506,Gm02,51236,A,G,unambiguous:A/G:TOP,A/G,
BARC_1.01_Gm02_207506_A_G,ss715581475,Gm02,207504,A,G,unambiguous:A/G:TOP,A/G,
BARC_1.01_Gm02_269063_A_C,ss715581660,Gm02,269061,A,C,unambiguous:A/C:TOP,A/C,
BARC_1.01_Gm02_398525_C_A,ss715582150,Gm02,398523,A,C,unambiguous:A/C:TOP,C/A,
BARC_1.01_Gm02_447495_G_A,ss715582795,Gm02,447493,A,G,unambiguous:A/G:TOP,G/A,
BARC_1.01_Gm02_496816_T_C,ss715583314,Gm02,496814,T,C,unambiguous:T/C:BOT-design,T/C,
BARC_1.01_Gm02_504059_C_A,ss715583404,Gm02,504057,A,C,unambiguous:A/C:TOP,C/A,
BARC_1.01_Gm02_693740_A_G,ss715583798,Gm02,693738,A,G,unambiguous:A/G:TOP,A/G,
BARC_1.01_Gm02_769809_G_A,ss715583906,Gm02,769807,A,G,unambiguous:A/G:TOP,G/A,
BARC_1.01_Gm02_831797_C_T,ss715583999,Gm02,831795,T,C,unambiguous:T/C:BOT-design,C/T,
BARC_1.01_Gm02_881272_G_A,ss715584056,Gm02,881270,A,G,unambiguous:A/G:TOP,G/A,
BARC_1.01_Gm02_971923_C_A,ss715584262,Gm02,971919,A,C,unambiguous:A/C:TOP,C/A,
BARC_1.01_Gm02_1033642_T_C,ss715580912,Gm02,1033638,T,C,unambiguous:T/C:BOT-design,T/C,
BARC_1.01_Gm02_1272204_C_T,ss715581133,Gm02,1272176,T,C,unambiguous:T/C:BOT-design,C/T,
BARC_1.01_Gm02_1398489_G_A,ss715581237,Gm02,1412870,A,G,unambiguous:A/G:TOP,G/A,
BARC_1.01_Gm02_1461422_G_A,ss715581316,Gm02,1475801,A,G,unambiguous:A/G:TOP,G/A,
BARC_1.01_Gm02_1517184_T_G,ss715581341,Gm02,1541019,T,G,unambiguous:T/G:BOT-design,T/G,
BARC_1.01_Gm02_1574622_A_C,ss715581363,Gm02,1598551,A,C,unambiguous:A/C:TOP,A/C,
BARC_1.01_Gm02_1782296_G_A,ss715581404,Gm02,1806075,A,G,unambiguous:A/G:TOP,G/A,
BARC_1.01_Gm02_1830094_T_C,ss715581419,Gm02,1853600,T,C,unambiguous:T/C:BOT-design,T/C,
BARC_1.01_Gm02_1878469_A_G,ss715581433,Gm02,1901965,A,G,unambiguous:A/G:TOP,A/G,
BARC_1.01_Gm02_1938444_G_A,ss715581449,Gm02,1961940,A,G,unambiguous:A/G:TOP,G/A,
BARC_1.01_Gm02_2061467_T_C,ss715581471,Gm02,2092182,T,C,unambiguous:T/C:BOT-design,T/C,
BARC_1.01_Gm02_2158660_G_A,ss715581502,Gm02,2189373,A,G,unambiguous:A/G:TOP,G/A,
BARC_1.01_Gm02_2246479_A_G,ss715581528,Gm02,2277189,A,G,unambiguous:A/G:TOP,A/G,
BARC_1.01_Gm02_2320070_C_A,ss715581556,Gm02,2350780,A,C,unambiguous:A/C:TOP,C/A,
BARC_1.01_Gm02_2391001_T_C,ss715581576,Gm02,2421724,T,C,unambiguous:T/C:BOT-design,T/C,
BARC_1.01_Gm02_2467152_C_T,ss715581593,Gm02,2497896,T,C,unambiguous:T/C:BOT-design,C/T,
BARC_1.01_Gm02_2629337_A_G,ss715581640,Gm02,2676772,A,G,unambiguous:A/G:TOP,A/G,
BARC_1.01_Gm02_2736727_C_A,ss715581676,Gm02,2784160,A,C,unambiguous:A/C:TOP,C/A,
BARC_1.01_Gm02_2834472_T_C,ss715581715,Gm02,2881929,T,C,unambiguous:T/C:BOT-design,T/C,
BARC_1.01_Gm02_2885598_C_A,ss715581732,Gm02,2933055,A,C,unambiguous:A/C:TOP,C/A,
BARC_1.01_Gm02_2920341_C_T,ss715581751,Gm02,2967798,T,C,unambiguous:T/C:BOT-design,C/T,
BARC_1.01_Gm02_3091665_T_G,ss715581813,Gm02,3142154,T,G,unambiguous:T/G:BOT-design,T/G,
BARC_1.01_Gm02_3221348_A_G,ss715581857,Gm02,3271798,A,G,unambiguous:A/G:TOP,A/G,
BARC_1.01_Gm02_3316379_A_C,ss715581892,Gm02,3366836,A,C,unambiguous:A/C:TOP,A/C,
BARC_1.01_Gm02_3364524_C_T,ss715581908,Gm02,3415435,T,C,unambiguous:T/C:BOT-design,C/T,
BARC_1.01_Gm02_3429963_G_A,ss715581929,Gm02,3480874,A,G,unambiguous:A/G:TOP,G/A,
BARC_1.01_Gm02_3594255_T_G,ss715581991,Gm02,3646075,T,G,unambiguous:T/G:BOT-design,T/G,
BARC_1.01_Gm02_3644248_T_C,ss715582009,Gm02,3696068,T,C,unambiguous:T/C:BOT-design,T/C,
BARC_1.01_Gm02_3774471_G_A,ss715582063,Gm02,3826362,A,G,unambiguous:A/G:TOP,G/A,
BARC_1.01_Gm02_3835570_T_C,ss715582094,Gm02,3887461,T,C,unambiguous:T/C:BOT-design,T/C,
BARC_1.01_Gm02_3860736_G_A,ss715582103,Gm02,3912545,A,G,unambiguous:A/G:TOP,G/A,
BARC_1.01_Gm02_3906107_A_G,ss715582120,Gm02,3957865,A,G,unambiguous:A/G:TOP,A/G,
BARC_1.01_Gm02_3954305_C_T,ss715582137,Gm02,4006063,T,C,unambiguous:T/C:BOT-design,C/T,
BARC_1.01_Gm02_4019916_A_G,ss715582163,Gm02,4071674,A,G,unambiguous:A/G:TOP,A/G,
BARC_1.01_Gm02_4069373_T_G,ss715582179,Gm02,4121131,T,G,unambiguous:T/G:BOT-design,T/G,
BARC_1.01_Gm02_4159788_T_C,ss715582279,Gm02,4211548,T,C,unambiguous:T/C:BOT-design,T/C,
BARC_1.01_Gm02_4206514_A_G,ss715582347,Gm02,4258274,A,G,unambiguous:A/G:TOP,A/G,
BARC_1.01_Gm02_4283009_G_A,ss715582472,Gm02,4334769,A,G,unambiguous:A/G:TOP,G/A,
BARC_1.01_Gm02_4319761_C_T,ss715582547,Gm02,4371521,T,C,unambiguous:T/C:BOT-design,C/T,
BARC_1.01_Gm02_4430768_C_T,ss715582735,Gm02,4482526,T,C,unambiguous:T/C:BOT-design,C/T,
BARC_1.01_Gm02_4439399_T_C,ss715582746,Gm02,4491157,T,C,unambiguous:T/C:BOT-design,T/C,
BARC_1.01_Gm02_4487187_A_C,ss715582816,Gm02,4538945,A,C,unambiguous:A/C:TOP,A/C,
BARC_1.01_Gm02_4618881_T_C,ss715582963,Gm02,4670640,T,C,unambiguous:T/C:BOT-design,T/C,
BARC_1.01_Gm02_4688093_C_A,ss715583031,Gm02,4739852,A,C,unambiguous:A/C:TOP,C/A,
BARC_1.01_Gm02_4785649_G_T,ss715583146,Gm02,4845732,T,G,unambiguous:T/G:BOT-design,G/T,
BARC_1.01_Gm02_4848464_G_A,ss715583198,Gm02,4908552,A,G,unambiguous:A/G:TOP,G/A,
BARC_1.01_Gm02_4909353_C_T,ss715583267,Gm02,4969441,T,C,unambiguous:T/C:BOT-design,C/T,
BARC_1.01_Gm02_4957187_A_G,ss715583297,Gm02,5017274,A,G,unambiguous:A/G:TOP,A/G,
BARC_1.01_Gm02_5107836_C_A,ss715583486,Gm02,5167931,A,C,unambiguous:A/C:TOP,C/A,
BARC_1.01_Gm02_5155733_T_G,ss715583557,Gm02,5215843,T,G,unambiguous:T/G:BOT-design,T/G,
BARC_1.01_Gm02_5202276_T_C,ss715583580,Gm02,5262408,T,C,unambiguous:T/C:BOT-design,T/C,
BARC_1.01_Gm02_5343214_T_C,ss715583592,Gm02,5403335,T,C,unambiguous:T/C:BOT-design,T/C,
BARC_1.01_Gm02_5380722_C_T,ss715583597,Gm02,5440843,T,C,unambiguous:T/C:BOT-design,C/T,
BARC_1.01_Gm02_5456974_A_G,ss715583607,Gm02,5515231,A,G,unambiguous:A/G:TOP,A/G,
BARC_1.01_Gm02_5595797_G_A,ss715583626,Gm02,5654145,A,G,unambiguous:A/G:TOP,G/A,
BARC_1.01_Gm02_5640246_C_A,ss715583637,Gm02,5698591,A,C,unambiguous:A/C:TOP,C/A,
BARC_1.01_Gm02_5809648_C_T,ss715583667,Gm02,5868669,T,C,unambiguous:T/C:BOT-design,C/T,
BARC_1.01_Gm02_5853742_A_C,ss715583673,Gm02,5912968,A,C,unambiguous:A/C:TOP,A/C,
BARC_1.01_Gm02_5929459_C_T,ss715583691,Gm02,5988587,T,C,unambiguous:T/C:BOT-design,C/T,
BARC_1.01_Gm02_5987005_C_T,ss715583696,Gm02,6046134,T,C,unambiguous:T/C:BOT-design,C/T,
BARC_1.01_Gm02_6125494_A_G,ss715583703,Gm02,6198717,A,G,unambiguous:A/G:TOP,A/G,
BARC_1.01_Gm02_6180795_T_G,ss715583710,Gm02,6257116,T,G,unambiguous:T/G:BOT-design,T/G,
BARC_1.01_Gm02_6225129_T_G,ss715583715,Gm02,6301450,T,G,unambiguous:T/G:BOT-design,T/G,
BARC_1.01_Gm02_6340233_C_A,ss715583728,Gm02,6416549,A,C,unambiguous:A/C:TOP,C/A,
BARC_1.01_Gm02_6418567_A_G,ss715583737,Gm02,6494883,A,G,unambiguous:A/G:TOP,A/G,
BARC_1.01_Gm02_6503793_A_G,ss715583750,Gm02,6580109,A,G,unambiguous:A/G:TOP,A/G,
BARC_1.01_Gm02_6596937_T_G,ss715583758,Gm02,6673361,T,G,unambiguous:T/G:BOT-design,T/G,
BARC_1.01_Gm02_6676083_A_C,ss715583770,Gm02,6752507,A,C,unambiguous:A/C:TOP,A/C,
BARC_1.01_Gm02_6734421_T_C,ss715583777,Gm02,6812100,T,C,unambiguous:T/C:BOT-design,T/C,
BARC_1.01_Gm02_6821311_A_C,ss715583788,Gm02,6899003,A,C,unambiguous:A/C:TOP,A/C,
BARC_1.01_Gm02_6889619_C_T,ss715583795,Gm02,6967983,T,C,unambiguous:T/C:BOT-design,C/T,
BARC_1.01_Gm02_6971683_T_C,ss715583802,Gm02,7050046,T,C,unambiguous:T/C:BOT-design,T/C,
BARC_1.01_Gm02_7039787_G_T,ss715583813,Gm02,7118150,T,G,unambiguous:T/G:BOT-design,G/T,
BARC_1.01_Gm02_7135561_T_C,ss715583834,Gm02,7213937,T,C,unambiguous:T/C:BOT-design,T/C,
BARC_1.01_Gm02_7219124_A_G,ss715583847,Gm02,7306587,A,G,unambiguous:A/G:TOP,A/G,
BARC_1.01_Gm02_7267240_T_G,ss715583855,Gm02,7354703,T,G,unambiguous:T/G:BOT-design,T/G,
BARC_1.01_Gm02_7333018_A_G,ss715583863,Gm02,7420481,A,G,unambiguous:A/G:TOP,A/G,
BARC_1.01_Gm02_7435044_T_C,ss715583874,Gm02,7522507,T,C,unambiguous:T/C:BOT-design,T/C,
BARC_1.01_Gm02_7517197_T_G,ss715583881,Gm02,7599371,T,G,unambiguous:T/G:BOT-design,T/G,
BARC_1.01_Gm02_7590666_T_G,ss715583886,Gm02,7679981,T,G,unambiguous:T/G:BOT-design,T/G,
BARC_1.01_Gm02_7641044_T_C,ss715583897,Gm02,7730289,T,C,unambiguous:T/C:BOT-design,T/C,
BARC_1.01_Gm02_7721197_G_A,ss715583909,Gm02,7810442,A,G,unambiguous:A/G:TOP,G/A,
BARC_1.01_Gm02_7790424_A_G,ss715583920,Gm02,7879670,A,G,unambiguous:A/G:TOP,A/G,
BARC_1.01_Gm02_7987834_A_G,ss715583949,Gm02,8077372,A,G,unambiguous:A/G:TOP,A/G,
BARC_1.01_Gm02_8081081_T_C,ss715583966,Gm02,8170539,T,C,unambiguous:T/C:BOT-design,T/C,
BARC_1.01_Gm02_8132109_G_A,ss715583972,Gm02,8221565,A,G,unambiguous:A/G:TOP,G/A,
BARC_1.01_Gm02_8170643_T_C,ss715583976,Gm02,8259908,T,C,unambiguous:T/C:BOT-design,T/C,
BARC_1.01_Gm02_8273157_G_A,ss715583992,Gm02,8362434,A,G,unambiguous:A/G:TOP,G/A,
BARC_1.01_Gm02_8341731_C_T,ss715584007,Gm02,8431008,T,C,unambiguous:T/C:BOT-design,C/T,
BARC_1.01_Gm02_8398517_G_A,ss715584012,Gm02,8487794,A,G,unambiguous:A/G:TOP,G/A,
BARC_1.01_Gm02_8455103_A_G,ss715584019,Gm02,8544380,A,G,unambiguous:A/G:TOP,A/G,
BARC_1.01_Gm02_8521511_C_A,ss715584026,Gm02,8610788,A,C,unambiguous:A/C:TOP,C/A,
BARC_1.01_Gm02_8641830_T_C,ss715584036,Gm02,8731107,T,C,unambiguous:T/C:BOT-design,T/C,
BARC_1.01_Gm02_8730196_G_A,ss715584048,Gm02,8819494,A,G,unambiguous:A/G:TOP,G/A,
BARC_1.01_Gm02_8807595_T_C,ss715584055,Gm02,8896955,T,C,unambiguous:T/C:BOT-design,T/C,
BARC_1.01_Gm02_9025221_T_C,ss715584109,Gm02,9113125,T,C,unambiguous:T/C:BOT-design,T/C,
BARC_1.01_Gm02_9039246_T_C,ss715584114,Gm02,9127150,T,C,unambiguous:T/C:BOT-design,T/C,
BARC_1.01_Gm02_9177001_G_A,ss715584151,Gm02,9264905,A,G,unambiguous:A/G:TOP,G/A,
BARC_1.01_Gm02_9289865_C_T,ss715584174,Gm02,9386766,T,C,unambiguous:T/C:BOT-design,C/T,
BARC_1.01_Gm02_9322142_T_C,ss715584183,Gm02,9418782,T,C,unambiguous:T/C:BOT-design,T/C,
BARC_1.01_Gm02_9370878_G_T,ss715584196,Gm02,9467609,T,G,unambiguous:T/G:BOT-design,G/T,
BARC_1.01_Gm02_9446659_T_C,ss715584211,Gm02,9544733,T,C,unambiguous:T/C:BOT-design,T/C,
BARC_1.01_Gm02_9492605_T_C,ss715584222,Gm02,9590678,T,C,unambiguous:T/C:BOT-design,T/C,
BARC_1.01_Gm02_9592601_A_G,ss715584240,Gm02,9690873,A,G,unambiguous:A/G:TOP,A/G,
BARC_1.01_Gm02_9670302_A_G,ss715584254,Gm02,9767655,A,G,unambiguous:A/G:TOP,A/G,
BARC_1.01_Gm02_9795247_C_T,ss715584279,Gm02,9894068,T,C,unambiguous:T/C:BOT-design,C/T,
BARC_1.01_Gm02_9873369_T_C,ss715584307,Gm02,9972239,T,C,unambiguous:T/C:BOT-design,T/C,
BARC_1.01_Gm02_9925870_A_G,ss715584321,Gm02,10024741,A,G,unambiguous:A/G:TOP,A/G,
BARC_1.01_Gm02_9990067_T_C,ss715584333,Gm02,10069346,T,C,unambiguous:T/C:BOT-design,T/C,
BARC_1.01_Gm02_10074856_T_C,ss715580896,Gm02,10154133,T,C,unambiguous:T/C:BOT-design,T/C,
BARC_1.01_Gm02_10140292_A_G,ss715580900,Gm02,10219566,A,G,unambiguous:A/G:TOP,A/G,
BARC_1.01_Gm02_10200610_C_T,ss715580902,Gm02,10279884,T,C,unambiguous:T/C:BOT-design,C/T,
BARC_1.01_Gm02_10241719_A_G,ss715580906,Gm02,10320993,A,G,unambiguous:A/G:TOP,A/G,
BARC_1.01_Gm02_10302121_G_A,ss715580910,Gm02,10381395,A,G,unambiguous:A/G:TOP,G/A,
BARC_1.01_Gm02_10373210_C_T,ss715580919,Gm02,10453962,T,C,unambiguous:T/C:BOT-design,C/T,
BARC_1.01_Gm02_10536842_A_G,ss715580930,Gm02,10618540,A,G,unambiguous:A/G:TOP,A/G,
BARC_1.01_Gm02_10709966_C_T,ss715580940,Gm02,10791729,T,C,unambiguous:T/C:BOT-design,C/T,
BARC_1.01_Gm02_10810984_G_A,ss715580957,Gm02,10903396,A,G,unambiguous:A/G:TOP,G/A,
BARC_1.01_Gm02_10843145_C_T,ss715580960,Gm02,10935557,T,C,unambiguous:T/C:BOT-design,C/T,
BARC_1.01_Gm02_10954777_T_C,ss715580969,Gm02,11047340,T,C,unambiguous:T/C:BOT-design,T/C,
BARC_1.01_Gm02_11042236_G_A,ss715580975,Gm02,11134264,A,G,unambiguous:A/G:TOP,G/A,
BARC_1.01_Gm02_11180500_A_C,ss715580990,Gm02,11272532,A,C,unambiguous:A/C:TOP,A/C,
BARC_1.01_Gm02_11257077_A_G,ss715580997,Gm02,11349126,A,G,unambiguous:A/G:TOP,A/G,
BARC_1.01_Gm02_11315650_T_C,ss715581004,Gm02,11407699,T,C,unambiguous:T/C:BOT-design,T/C,
BARC_1.01_Gm02_11386297_T_C,ss715581007,Gm02,11723017,T,C,unambiguous:T/C:BOT-design,T/C,
BARC_1.01_Gm02_11494870_T_C,ss715581014,Gm02,11831588,T,C,unambiguous:T/C:BOT-design,T/C,
BARC_1.01_Gm02_11540598_C_T,ss715581023,Gm02,11877262,T,C,unambiguous:T/C:BOT-design,C/T,
BARC_1.01_Gm02_11628896_T_C,ss715581032,Gm02,11965390,T,C,unambiguous:T/C:BOT-design,T/C,
BARC_1.01_Gm02_11638087_T_C,ss715581033,Gm02,11974580,T,C,unambiguous:T/C:BOT-design,T/C,
BARC_1.01_Gm02_11870846_C_T,ss715581051,Gm02,12206518,T,C,unambiguous:T/C:BOT-design,C/T,
BARC_1.01_Gm02_11998056_T_C,ss715581063,Gm02,12334435,T,C,unambiguous:T/C:BOT-design,T/C,
BARC_1.01_Gm02_12078209_G_A,ss715581080,Gm02,12414985,A,G,unambiguous:A/G:TOP,G/A,
BARC_1.01_Gm02_12168684_T_G,ss715581097,Gm02,12506411,T,G,unambiguous:T/G:BOT-design,T/G,
BARC_1.01_Gm02_12244605_A_G,ss715581101,Gm02,12582331,A,G,unambiguous:A/G:TOP,A/G,
BARC_1.01_Gm02_12303360_T_G,ss715581107,Gm02,12640902,T,G,unambiguous:T/G:BOT-design,T/G,
BARC_1.01_Gm02_12682738_A_G,ss715581128,Gm02,13042640,A,G,unambiguous:A/G:TOP,A/G,
BARC_1.01_Gm02_12736686_A_G,ss715581135,Gm02,13096621,A,G,unambiguous:A/G:TOP,A/G,
BARC_1.01_Gm02_13117615_T_C,ss715581177,Gm02,13478261,T,C,unambiguous:T/C:BOT-design,T/C,
BARC_1.01_Gm02_13476678_G_A,ss715581190,Gm02,13674975,A,G,unambiguous:A/G:TOP,G/A,
BARC_1.01_Gm02_13552155_A_G,ss715581203,Gm02,13748685,A,G,unambiguous:A/G:TOP,A/G,
BARC_1.01_Gm02_13663384_C_T,ss715581213,Gm02,13859930,T,C,unambiguous:T/C:BOT-design,C/T,
BARC_1.01_Gm02_13737468_A_C,ss715581222,Gm02,13934371,A,C,unambiguous:A/C:TOP,A/C,
BARC_1.01_Gm02_13963693_C_A,ss715581234,Gm02,14161558,A,C,unambiguous:A/C:TOP,C/A,
BARC_1.01_Gm02_14022512_C_T,ss715581240,Gm02,14220378,T,C,unambiguous:T/C:BOT-design,C/T,
BARC_1.01_Gm02_14127417_A_G,ss715581250,Gm02,14330827,A,G,unambiguous:A/G:TOP,A/G,
BARC_1.01_Gm02_14215487_T_G,ss715581263,Gm02,14419208,T,G,unambiguous:T/G:BOT-design,T/G,
BARC_1.01_Gm02_14266842_G_A,ss715581278,Gm02,14470563,A,G,unambiguous:A/G:TOP,G/A,
BARC_1.01_Gm02_14345423_T_G,ss715581286,Gm02,14549144,T,G,unambiguous:T/G:BOT-design,T/G,
BARC_1.01_Gm02_14357211_T_C,ss715581287,Gm02,14560932,T,C,unambiguous:T/C:BOT-design,T/C,
BARC_1.01_Gm02_14508130_C_T,ss715581307,Gm02,14710975,T,C,unambiguous:T/C:BOT-design,C/T,
BARC_1.01_Gm02_14561578_A_G,ss715581309,Gm02,14764422,A,G,unambiguous:A/G:TOP,A/G,
BARC_1.01_Gm02_14715495_T_C,ss715581320,Gm02,14917949,T,C,unambiguous:T/C:BOT-design,T/C,
BARC_1.01_Gm02_14817982_A_C,ss715581323,Gm02,15021137,A,C,unambiguous:A/C:TOP,A/C,
BARC_1.01_Gm02_14894202_A_C,ss715581329,Gm02,15097372,A,C,unambiguous:A/C:TOP,A/C,
BARC_1.01_Gm02_15067760_G_A,ss715581336,Gm02,15271225,A,G,unambiguous:A/G:TOP,G/A,
BARC_1.01_Gm02_15213831_T_G,ss715581343,Gm02,15417200,T,G,unambiguous:T/G:BOT-design,T/G,
BARC_1.01_Gm02_15290331_G_A,ss715581346,Gm02,15493700,A,G,unambiguous:A/G:TOP,G/A,
BARC_1.01_Gm02_15426845_A_C,ss715581352,Gm02,15630228,A,C,unambiguous:A/C:TOP,A/C,
BARC_1.01_Gm02_16287798_T_C,ss715581373,Gm02,16571664,T,C,unambiguous:T/C:BOT-design,T/C,
BARC_1.01_Gm02_16980821_T_C,ss715581390,Gm02,17264749,T,C,unambiguous:T/C:BOT-design,T/C,
BARC_1.01_Gm02_18273334_A_G,ss715581417,Gm02,18559493,A,G,unambiguous:A/G:TOP,A/G,
BARC_1.01_Gm02_18626206_C_T,ss715581428,Gm02,18913725,T,C,unambiguous:T/C:BOT-design,C/T,
BARC_1.01_Gm02_19218365_T_C,ss715581444,Gm02,19505166,T,C,unambiguous:T/C:BOT-design,T/C,
BARC_1.01_Gm02_22067031_G_T,ss715581519,Gm02,20406804,T,G,unambiguous:T/G:BOT-design,G/T,
BARC_1.01_Gm02_21065065_T_C,ss715581484,Gm02,21397827,T,C,unambiguous:T/C:BOT-design,T/C,
BARC_1.01_Gm02_20197918_A_C,ss715581463,Gm02,21619541,A,C,unambiguous:A/C:TOP,A/C,
BARC_1.01_Gm02_25466460_A_G,ss715581613,Gm02,23740649,A,G,unambiguous:A/G:TOP,A/G,
BARC_1.01_Gm02_29528097_T_C,ss715581761,Gm02,24269404,T,C,unambiguous:T/C:BOT-design,T/C,
BARC_1.01_Gm02_28331531_C_A,ss715581714,Gm02,25456057,A,C,unambiguous:A/C:TOP,C/A,
BARC_1.01_Gm02_28128455_G_T,ss715581705,Gm02,25658103,T,G,unambiguous:T/G:BOT-design,G/T,
BARC_1.01_Gm02_27824060_T_G,ss715581694,Gm02,25968828,T,G,unambiguous:T/G:BOT-design,T/G,
BARC_1.01_Gm02_30036458_G_A,ss715581780,Gm02,26856754,A,G,unambiguous:A/G:TOP,G/A,
BARC_1.01_Gm02_30250662_T_C,ss715581788,Gm02,27086017,T,C,unambiguous:T/C:BOT-design,T/C,
BARC_1.01_Gm02_30439101_A_G,ss715581794,Gm02,27274732,A,G,unambiguous:A/G:TOP,A/G,
BARC_1.01_Gm02_30787675_T_G,ss715581808,Gm02,27627995,T,G,unambiguous:T/G:BOT-design,T/G,
BARC_1.01_Gm02_30996860_A_G,ss715581816,Gm02,27822018,A,G,unambiguous:A/G:TOP,A/G,
BARC_1.01_Gm02_31905028_C_A,ss715581847,Gm02,28726135,A,C,unambiguous:A/C:TOP,C/A,
BARC_1.01_Gm02_32043775_T_C,ss715581851,Gm02,28871127,T,C,unambiguous:T/C:BOT-design,T/C,
BARC_1.01_Gm02_32346915_G_A,ss715581862,Gm02,29175395,A,G,unambiguous:A/G:TOP,G/A,
BARC_1.01_Gm02_32487728_T_C,ss715581867,Gm02,29316845,T,C,unambiguous:T/C:BOT-design,T/C,
BARC_1.01_Gm02_32605960_T_C,ss715581871,Gm02,29435127,T,C,unambiguous:T/C:BOT-design,T/C,
BARC_1.01_Gm02_32880763_C_T,ss715581880,Gm02,29704691,T,C,unambiguous:T/C:BOT-design,C/T,
BARC_1.01_Gm02_32904473_T_C,ss715581881,Gm02,29728401,T,C,unambiguous:T/C:BOT-design,T/C,
BARC_1.01_Gm02_33117418_G_T,ss715581889,Gm02,30015938,T,G,unambiguous:T/G:BOT-design,G/T,
BARC_1.01_Gm02_33608259_T_C,ss715581904,Gm02,30509898,T,C,unambiguous:T/C:BOT-design,T/C,
BARC_1.01_Gm02_34381583_T_C,ss715581932,Gm02,31282858,T,C,unambiguous:T/C:BOT-design,T/C,
BARC_1.01_Gm02_34765594_A_G,ss715581941,Gm02,31665695,A,G,unambiguous:A/G:TOP,A/G,
BARC_1.01_Gm02_35348897_T_C,ss715581956,Gm02,32269933,T,C,unambiguous:T/C:BOT-design,T/C,
BARC_1.01_Gm02_35471507_A_G,ss715581964,Gm02,32392798,A,G,unambiguous:A/G:TOP,A/G,
BARC_1.01_Gm02_36666688_T_C,ss715582018,Gm02,32865348,T,C,unambiguous:T/C:BOT-design,T/C,
BARC_1.01_Gm02_36300454_T_C,ss715582005,Gm02,33769092,T,C,unambiguous:T/C:BOT-design,T/C,
BARC_1.01_Gm02_37441958_T_C,ss715582052,Gm02,34367314,T,C,unambiguous:T/C:BOT-design,T/C,
BARC_1.01_Gm02_38261529_G_A,ss715582090,Gm02,35184471,A,G,unambiguous:A/G:TOP,G/A,
BARC_1.01_Gm02_38843686_T_C,ss715582112,Gm02,35774096,T,C,unambiguous:T/C:BOT-design,T/C,
BARC_1.01_Gm02_39299266_A_G,ss715582129,Gm02,36219154,A,G,unambiguous:A/G:TOP,A/G,
BARC_1.01_Gm02_39548191_C_A,ss715582138,Gm02,36468561,A,C,unambiguous:A/C:TOP,C/A,
BARC_1.01_Gm02_39722733_G_T,ss715582145,Gm02,36643041,T,G,unambiguous:T/G:BOT-design,G/T,
BARC_1.01_Gm02_39931059_T_C,ss715582153,Gm02,36851924,T,C,unambiguous:T/C:BOT-design,T/C,
BARC_1.01_Gm02_40019470_G_A,ss715582156,Gm02,36940321,A,G,unambiguous:A/G:TOP,G/A,
BARC_1.01_Gm02_40284206_G_A,ss715582166,Gm02,37203880,A,G,unambiguous:A/G:TOP,G/A,
BARC_1.01_Gm02_40709810_G_A,ss715582181,Gm02,37629287,A,G,unambiguous:A/G:TOP,G/A,
BARC_1.01_Gm02_40730869_T_C,ss715582184,Gm02,37650346,T,C,unambiguous:T/C:BOT-design,T/C,
BARC_1.01_Gm02_41021889_G_T,ss715582216,Gm02,37951218,T,G,unambiguous:T/G:BOT-design,G/T,
BARC_1.01_Gm02_41400852_G_A,ss715582248,Gm02,38330100,A,G,unambiguous:A/G:TOP,G/A,
BARC_1.01_Gm02_41481689_T_C,ss715582259,Gm02,38410937,T,C,unambiguous:T/C:BOT-design,T/C,
BARC_1.01_Gm02_41505846_A_G,ss715582265,Gm02,38435094,A,G,unambiguous:A/G:TOP,A/G,
BARC_1.01_Gm02_41583970_C_A,ss715582278,Gm02,38512775,A,C,unambiguous:A/C:TOP,C/A,
BARC_1.01_Gm02_41788343_T_C,ss715582314,Gm02,38717133,T,C,unambiguous:T/C:BOT-design,T/C,
BARC_1.01_Gm02_41860500_T_C,ss715582323,Gm02,38789290,T,C,unambiguous:T/C:BOT-design,T/C,
BARC_1.01_Gm02_41931129_T_G,ss715582337,Gm02,38860035,T,G,unambiguous:T/G:BOT-design,T/G,
BARC_1.01_Gm02_41979401_T_C,ss715582340,Gm02,38908307,T,C,unambiguous:T/C:BOT-design,T/C,
BARC_1.01_Gm02_42073855_G_A,ss715582348,Gm02,39002760,A,G,unambiguous:A/G:TOP,G/A,
BARC_1.01_Gm02_42204732_T_C,ss715582363,Gm02,39133046,T,C,unambiguous:T/C:BOT-design,T/C,
BARC_1.01_Gm02_42355637_A_G,ss715582382,Gm02,39283955,A,G,unambiguous:A/G:TOP,A/G,
BARC_1.01_Gm02_42404873_T_C,ss715582395,Gm02,39333124,T,C,unambiguous:T/C:BOT-design,T/C,
BARC_1.01_Gm02_42650889_T_C,ss715582431,Gm02,39578828,T,C,unambiguous:T/C:BOT-design,T/C,
BARC_1.01_Gm02_42737643_C_T,ss715582447,Gm02,39661019,T,C,unambiguous:T/C:BOT-design,C/T,
BARC_1.01_Gm02_42788887_A_G,ss715582464,Gm02,39712323,A,G,unambiguous:A/G:TOP,A/G,
BARC_1.01_Gm02_42844384_T_C,ss715582474,Gm02,39767727,T,C,unambiguous:T/C:BOT-design,T/C,
BARC_1.01_Gm02_42928916_T_C,ss715582495,Gm02,39852696,T,C,unambiguous:T/C:BOT-design,T/C,
BARC_1.01_Gm02_43117347_T_C,ss715582533,Gm02,40041145,T,C,unambiguous:T/C:BOT-design,T/C,
BARC_1.01_Gm02_43139891_G_A,ss715582537,Gm02,40063716,A,G,unambiguous:A/G:TOP,G/A,
BARC_1.01_Gm02_43641969_C_A,ss715582607,Gm02,40565506,A,C,unambiguous:A/C:TOP,C/A,
BARC_1.01_Gm02_43725963_A_G,ss715582627,Gm02,40649856,A,G,unambiguous:A/G:TOP,A/G,
BARC_1.01_Gm02_43777700_A_G,ss715582636,Gm02,40701593,A,G,unambiguous:A/G:TOP,A/G,
BARC_1.01_Gm02_43889571_T_C,ss715582653,Gm02,40813466,T,C,unambiguous:T/C:BOT-design,T/C,
BARC_1.01_Gm02_43952429_A_G,ss715582664,Gm02,40875934,A,G,unambiguous:A/G:TOP,A/G,
BARC_1.01_Gm02_44033150_T_C,ss715582685,Gm02,40956596,T,C,unambiguous:T/C:BOT-design,T/C,
BARC_1.01_Gm02_44114374_C_A,ss715582700,Gm02,41037819,A,C,unambiguous:A/C:TOP,C/A,
BARC_1.01_Gm02_44156636_G_T,ss715582709,Gm02,41080083,T,G,unambiguous:T/G:BOT-design,G/T,
BARC_1.01_Gm02_44190678_C_T,ss715582717,Gm02,41114125,T,C,unambiguous:T/C:BOT-design,C/T,
BARC_1.01_Gm02_44256235_A_G,ss715582729,Gm02,41179681,A,G,unambiguous:A/G:TOP,A/G,
BARC_1.01_Gm02_44354376_T_C,ss715582740,Gm02,41277852,T,C,unambiguous:T/C:BOT-design,T/C,
BARC_1.01_Gm02_44401175_C_T,ss715582747,Gm02,41324651,T,C,unambiguous:T/C:BOT-design,C/T,
BARC_1.01_Gm02_44461839_G_A,ss715582751,Gm02,41384134,A,G,unambiguous:A/G:TOP,G/A,
BARC_1.01_Gm02_44510528_T_C,ss715582768,Gm02,41432839,T,C,unambiguous:T/C:BOT-design,T/C,
BARC_1.01_Gm02_44574256_A_G,ss715582775,Gm02,41497702,A,G,unambiguous:A/G:TOP,A/G,
BARC_1.01_Gm02_44620331_A_G,ss715582782,Gm02,41544174,A,G,unambiguous:A/G:TOP,A/G,
BARC_1.01_Gm02_44778963_T_C,ss715582799,Gm02,41702818,T,C,unambiguous:T/C:BOT-design,T/C,
BARC_1.01_Gm02_44863895_G_T,ss715582813,Gm02,41787747,T,G,unambiguous:T/G:BOT-design,G/T,
BARC_1.01_Gm02_44923400_G_T,ss715582821,Gm02,41847331,T,G,unambiguous:T/G:BOT-design,G/T,
BARC_1.01_Gm02_45051600_A_G,ss715582829,Gm02,41975550,A,G,unambiguous:A/G:TOP,A/G,
BARC_1.01_Gm02_45088385_T_C,ss715582835,Gm02,42012522,T,C,unambiguous:T/C:BOT-design,T/C,
BARC_1.01_Gm02_45162941_A_G,ss715582844,Gm02,42088045,A,G,unambiguous:A/G:TOP,A/G,
BARC_1.01_Gm02_45183828_C_T,ss715582849,Gm02,42108934,T,C,unambiguous:T/C:BOT-design,C/T,
BARC_1.01_Gm02_45289939_A_G,ss715582859,Gm02,42215041,A,G,unambiguous:A/G:TOP,A/G,
BARC_1.01_Gm02_45366539_A_G,ss715582866,Gm02,42291659,A,G,unambiguous:A/G:TOP,A/G,
BARC_1.01_Gm02_45445720_T_C,ss715582873,Gm02,42370864,T,C,unambiguous:T/C:BOT-design,T/C,
BARC_1.01_Gm02_45533271_C_A,ss715582884,Gm02,42458613,A,C,unambiguous:A/C:TOP,C/A,
BARC_1.01_Gm02_45596920_A_G,ss715582893,Gm02,42522092,A,G,unambiguous:A/G:TOP,A/G,
BARC_1.01_Gm02_45602331_C_T,ss715582897,Gm02,42527503,T,C,unambiguous:T/C:BOT-design,C/T,
BARC_1.01_Gm02_45805567_A_G,ss715582916,Gm02,42730709,A,G,unambiguous:A/G:TOP,A/G,
BARC_1.01_Gm02_45940601_T_C,ss715582928,Gm02,42865743,T,C,unambiguous:T/C:BOT-design,T/C,
BARC_1.01_Gm02_46023727_T_C,ss715582937,Gm02,42948864,T,C,unambiguous:T/C:BOT-design,T/C,
BARC_1.01_Gm02_46060359_C_A,ss715582942,Gm02,42985495,A,C,unambiguous:A/C:TOP,C/A,
BARC_1.01_Gm02_46187810_C_T,ss715582962,Gm02,43112945,T,C,unambiguous:T/C:BOT-design,C/T,
BARC_1.01_Gm02_46243447_G_A,ss715582974,Gm02,43168584,A,G,unambiguous:A/G:TOP,G/A,
BARC_1.01_Gm02_46288368_G_A,ss715582977,Gm02,43213506,A,G,unambiguous:A/G:TOP,G/A,
BARC_1.01_Gm02_46504621_T_C,ss715583003,Gm02,43429759,T,C,unambiguous:T/C:BOT-design,T/C,
BARC_1.01_Gm02_46555984_C_T,ss715583007,Gm02,43481138,T,C,unambiguous:T/C:BOT-design,C/T,
BARC_1.01_Gm02_46630927_G_A,ss715583011,Gm02,43556059,A,G,unambiguous:A/G:TOP,G/A,
BARC_1.01_Gm02_46778366_G_A,ss715583020,Gm02,43703500,A,G,unambiguous:A/G:TOP,G/A,
BARC_1.01_Gm02_46855228_G_A,ss715583026,Gm02,43780375,A,G,unambiguous:A/G:TOP,G/A,
BARC_1.01_Gm02_47051470_C_T,ss715583057,Gm02,43963206,T,C,unambiguous:T/C:BOT-design,C/T,
BARC_1.01_Gm02_47064977_G_A,ss715583058,Gm02,43976713,A,G,unambiguous:A/G:TOP,G/A,
BARC_1.01_Gm02_47125519_G_A,ss715583067,Gm02,44037267,A,G,unambiguous:A/G:TOP,G/A,
BARC_1.01_Gm02_47268207_C_T,ss715583075,Gm02,44180381,T,C,unambiguous:T/C:BOT-design,C/T,
BARC_1.01_Gm02_47314350_T_C,ss715583084,Gm02,44226448,T,C,unambiguous:T/C:BOT-design,T/C,
BARC_1.01_Gm02_47394316_A_G,ss715583097,Gm02,44306758,A,G,unambiguous:A/G:TOP,A/G,
BARC_1.01_Gm02_47515175_G_A,ss715583112,Gm02,44427664,A,G,unambiguous:A/G:TOP,G/A,
BARC_1.01_Gm02_47528737_C_T,ss715583115,Gm02,44441196,T,C,unambiguous:T/C:BOT-design,C/T,
BARC_1.01_Gm02_47790307_C_T,ss715583137,Gm02,44702951,T,C,unambiguous:T/C:BOT-design,C/T,
BARC_1.01_Gm02_47853972_T_C,ss715583145,Gm02,44766619,T,C,unambiguous:T/C:BOT-design,T/C,
BARC_1.01_Gm02_47991459_G_A,ss715583157,Gm02,44912284,A,G,unambiguous:A/G:TOP,G/A,
BARC_1.01_Gm02_48054859_C_T,ss715583161,Gm02,44975684,T,C,unambiguous:T/C:BOT-design,C/T,
BARC_1.01_Gm02_48185680_G_A,ss715583171,Gm02,45106877,A,G,unambiguous:A/G:TOP,G/A,
BARC_1.01_Gm02_48248895_A_C,ss715583175,Gm02,45170092,A,C,unambiguous:A/C:TOP,A/C,
BARC_1.01_Gm02_48382122_G_A,ss715583187,Gm02,45303319,A,G,unambiguous:A/G:TOP,G/A,
BARC_1.01_Gm02_48583877_A_C,ss715583204,Gm02,45505123,A,C,unambiguous:A/C:TOP,A/C,
BARC_1.01_Gm02_48594877_C_T,ss715583207,Gm02,45516123,T,C,unambiguous:T/C:BOT-design,C/T,
BARC_1.01_Gm02_48702118_T_G,ss715583215,Gm02,45623364,T,G,unambiguous:T/G:BOT-design,T/G,
BARC_1.01_Gm02_48821067_T_C,ss715583231,Gm02,45743148,T,C,unambiguous:T/C:BOT-design,T/C,
BARC_1.01_Gm02_48874048_G_A,ss715583239,Gm02,45795780,A,G,unambiguous:A/G:TOP,G/A,
BARC_1.01_Gm02_48986653_A_C,ss715583257,Gm02,45908972,A,C,unambiguous:A/C:TOP,A/C,
BARC_1.01_Gm02_49069634_C_T,ss715583260,Gm02,45991978,T,C,unambiguous:T/C:BOT-design,C/T,
BARC_1.01_Gm02_49126947_T_C,ss715583271,Gm02,46049292,T,C,unambiguous:T/C:BOT-design,T/C,
BARC_1.01_Gm02_49276771_G_A,ss715583282,Gm02,46199186,A,G,unambiguous:A/G:TOP,G/A,
BARC_1.01_Gm02_49388210_T_G,ss715583287,Gm02,46310608,T,G,unambiguous:T/G:BOT-design,T/G,
BARC_1.01_Gm02_49540930_T_C,ss715583296,Gm02,46462690,T,C,unambiguous:T/C:BOT-design,T/C,
BARC_1.01_Gm02_49616128_C_A,ss715583304,Gm02,46537888,A,C,unambiguous:A/C:TOP,C/A,
BARC_1.01_Gm02_49679631_A_G,ss715583313,Gm02,46601391,A,G,unambiguous:A/G:TOP,A/G,
BARC_1.01_Gm02_49727178_A_C,ss715583320,Gm02,46648827,A,C,unambiguous:A/C:TOP,A/C,
BARC_1.01_Gm02_49776196_A_G,ss715583329,Gm02,46697848,A,G,unambiguous:A/G:TOP,A/G,
BARC_1.01_Gm02_49986718_G_A,ss715583347,Gm02,46907259,A,G,unambiguous:A/G:TOP,G/A,
BARC_1.01_Gm02_50175034_G_A,ss715583356,Gm02,47095510,A,G,unambiguous:A/G:TOP,G/A,
BARC_1.01_Gm02_50242535_T_C,ss715583363,Gm02,47163011,T,C,unambiguous:T/C:BOT-design,T/C,
BARC_1.01_Gm02_50304676_T_C,ss715583377,Gm02,47225152,T,C,unambiguous:T/C:BOT-design,T/C,
BARC_1.01_Gm02_50358347_C_T,ss715583392,Gm02,47278823,T,C,unambiguous:T/C:BOT-design,C/T,
BARC_1.01_Gm02_50383419_C_T,ss715583400,Gm02,47303895,T,C,unambiguous:T/C:BOT-design,C/T,
BARC_1.01_Gm02_50546149_C_T,ss715583421,Gm02,47466626,T,C,unambiguous:T/C:BOT-design,C/T,
BARC_1.01_Gm02_50706913_G_A,ss715583443,Gm02,47627402,A,G,unambiguous:A/G:TOP,G/A,
BARC_1.01_Gm02_50710552_G_A,ss715583444,Gm02,47631041,A,G,unambiguous:A/G:TOP,G/A,
BARC_1.01_Gm02_50905328_C_A,ss715583462,Gm02,47825902,A,C,unambiguous:A/C:TOP,C/A,
BARC_1.01_Gm02_50936574_G_T,ss715583466,Gm02,47857148,T,G,unambiguous:T/G:BOT-design,G/T,
BARC_1.01_Gm02_51025014_A_C,ss715583482,Gm02,47945589,A,C,unambiguous:A/C:TOP,A/C,
BARC_1.01_Gm02_51154756_C_T,ss715583499,Gm02,48075547,T,C,unambiguous:T/C:BOT-design,C/T,
BARC_1.01_Gm02_51272051_C_A,ss715583515,Gm02,48192842,A,C,unambiguous:A/C:TOP,C/A,
BARC_1.01_Gm02_51411364_G_A,ss715583528,Gm02,48332153,A,G,unambiguous:A/G:TOP,G/A,
BARC_1.01_Gm02_51429037_T_C,ss715583531,Gm02,48349826,T,C,unambiguous:T/C:BOT-design,T/C,
BARC_1.01_Gm03_18316_G_A,ss715584618,Gm03,19199,A,G,unambiguous:A/G:TOP,G/A,
BARC_1.01_Gm03_168228_A_G,ss715584565,Gm03,167458,A,G,unambiguous:A/G:TOP,A/G,
BARC_1.01_Gm03_206707_G_A,ss715584722,Gm03,205937,A,G,unambiguous:A/G:TOP,G/A,
BARC_1.01_Gm03_241447_C_A,ss715584856,Gm03,239949,A,C,unambiguous:A/C:TOP,C/A,
BARC_1.01_Gm03_345478_G_A,ss715585247,Gm03,344529,A,G,unambiguous:A/G:TOP,G/A,
BARC_1.01_Gm03_426154_C_A,ss715586167,Gm03,425209,A,C,unambiguous:A/C:TOP,C/A,
BARC_1.01_Gm03_510734_A_G,ss715586749,Gm03,509789,A,G,unambiguous:A/G:TOP,A/G,
BARC_1.01_Gm03_566774_G_A,ss715586870,Gm03,565829,A,G,unambiguous:A/G:TOP,G/A,
BARC_1.01_Gm03_715393_G_A,ss715586937,Gm03,714448,A,G,unambiguous:A/G:TOP,G/A,
BARC_1.01_Gm03_785680_A_C,ss715586961,Gm03,793778,A,C,unambiguous:A/C:TOP,A/C,
BARC_1.01_Gm03_829023_G_T,ss715586978,Gm03,837121,T,G,unambiguous:T/G:BOT-design,G/T,
BARC_1.01_Gm03_949581_T_C,ss715587012,Gm03,966701,T,C,unambiguous:T/C:BOT-design,T/C,
BARC_1.01_Gm03_1069751_A_G,ss715584355,Gm03,1086749,A,G,unambiguous:A/G:TOP,A/G,
BARC_1.01_Gm03_1077329_C_T,ss715584359,Gm03,1094327,T,C,unambiguous:T/C:BOT-design,C/T,
BARC_1.01_Gm03_1209205_G_T,ss715584399,Gm03,1226007,T,G,unambiguous:T/G:BOT-design,G/T,
BARC_1.01_Gm03_1302748_T_C,ss715584434,Gm03,1324758,T,C,unambiguous:T/C:BOT-design,T/C,
BARC_1.01_Gm03_1374930_T_G,ss715584457,Gm03,1396937,T,G,unambiguous:T/G:BOT-design,T/G,
BARC_1.01_Gm03_1441844_C_A,ss715584477,Gm03,1463842,A,C,unambiguous:A/C:TOP,C/A,
BARC_1.01_Gm03_1583754_T_C,ss715584526,Gm03,1605878,T,C,unambiguous:T/C:BOT-design,T/C,
BARC_1.01_Gm03_1671384_C_A,ss715584560,Gm03,1693521,A,C,unambiguous:A/C:TOP,C/A,
BARC_1.01_Gm03_1718435_A_G,ss715584577,Gm03,1740572,A,G,unambiguous:A/G:TOP,A/G,
BARC_1.01_Gm03_1758253_T_C,ss715584596,Gm03,1780390,T,C,unambiguous:T/C:BOT-design,T/C,
BARC_1.01_Gm03_1853758_T_C,ss715584630,Gm03,1863064,T,C,unambiguous:T/C:BOT-design,T/C,
BARC_1.01_Gm03_1926419_T_G,ss715584661,Gm03,1935727,T,G,unambiguous:T/G:BOT-design,T/G,
BARC_1.01_Gm03_1981847_C_T,ss715584681,Gm03,1991155,T,C,unambiguous:T/C:BOT-design,C/T,
BARC_1.01_Gm03_2024899_G_A,ss715584699,Gm03,2034207,A,G,unambiguous:A/G:TOP,G/A,
BARC_1.01_Gm03_2083705_C_T,ss715584730,Gm03,2092877,T,C,unambiguous:T/C:BOT-design,C/T,
BARC_1.01_Gm03_2151432_A_G,ss715584758,Gm03,2160604,A,G,unambiguous:A/G:TOP,A/G,
BARC_1.01_Gm03_2215518_A_G,ss715584780,Gm03,2224690,A,G,unambiguous:A/G:TOP,A/G,
BARC_1.01_Gm03_2224975_G_A,ss715584788,Gm03,2234147,A,G,unambiguous:A/G:TOP,G/A,
BARC_1.01_Gm03_2373742_T_C,ss715584839,Gm03,2383419,T,C,unambiguous:T/C:BOT-design,T/C,
BARC_1.01_Gm03_2485916_T_C,ss715584888,Gm03,2495572,T,C,unambiguous:T/C:BOT-design,T/C,
BARC_1.01_Gm03_2818076_T_C,ss715584989,Gm03,2846377,T,C,unambiguous:T/C:BOT-design,T/C,
BARC_1.01_Gm03_2892089_C_T,ss715585013,Gm03,2921152,T,C,unambiguous:T/C:BOT-design,C/T,
BARC_1.01_Gm03_2932028_G_A,ss715585029,Gm03,2959509,A,G,unambiguous:A/G:TOP,G/A,
BARC_1.01_Gm03_3009303_T_C,ss715585067,Gm03,3036784,T,C,unambiguous:T/C:BOT-design,T/C,
BARC_1.01_Gm03_3087237_A_G,ss715585102,Gm03,3115149,A,G,unambiguous:A/G:TOP,A/G,
BARC_1.01_Gm03_3164784_G_A,ss715585138,Gm03,3192661,A,G,unambiguous:A/G:TOP,G/A,
BARC_1.01_Gm03_3225968_G_A,ss715585160,Gm03,3254065,A,G,unambiguous:A/G:TOP,G/A,
BARC_1.01_Gm03_3334303_C_A,ss715585205,Gm03,3362229,A,C,unambiguous:A/C:TOP,C/A,
BARC_1.01_Gm03_3365988_T_G,ss715585219,Gm03,3393913,T,G,unambiguous:T/G:BOT-design,T/G,
BARC_1.01_Gm03_3497393_A_C,ss715585284,Gm03,3517250,A,C,unambiguous:A/C:TOP,A/C,
BARC_1.01_Gm03_3562176_C_T,ss715585348,Gm03,3582559,T,C,unambiguous:T/C:BOT-design,C/T,
BARC_1.01_Gm03_3618454_G_T,ss715585412,Gm03,3639127,T,G,unambiguous:T/G:BOT-design,G/T,
BARC_1.01_Gm03_3659662_A_G,ss715585478,Gm03,3679598,A,G,unambiguous:A/G:TOP,A/G,
BARC_1.01_Gm03_3828735_G_A,ss715585710,Gm03,3849214,A,G,unambiguous:A/G:TOP,G/A,
BARC_1.01_Gm03_3907697_A_G,ss715585782,Gm03,3929449,A,G,unambiguous:A/G:TOP,A/G,
BARC_1.01_Gm03_4468196_C_T,ss715586321,Gm03,4277380,T,C,unambiguous:T/C:BOT-design,C/T,
BARC_1.01_Gm03_4578272_G_A,ss715586444,Gm03,4387476,A,G,unambiguous:A/G:TOP,G/A,
BARC_1.01_Gm03_4665923_C_T,ss715586561,Gm03,4475124,T,C,unambiguous:T/C:BOT-design,C/T,
BARC_1.01_Gm03_4718162_C_A,ss715586612,Gm03,4527306,A,C,unambiguous:A/C:TOP,C/A,
BARC_1.01_Gm03_4782127_T_C,ss715586676,Gm03,4591270,T,C,unambiguous:T/C:BOT-design,T/C,
BARC_1.01_Gm03_4833386_A_G,ss715586687,Gm03,4642708,A,G,unambiguous:A/G:TOP,A/G,
BARC_1.01_Gm03_4901669_A_G,ss715586703,Gm03,4710949,A,G,unambiguous:A/G:TOP,A/G,
BARC_1.01_Gm03_4958610_G_A,ss715586717,Gm03,4767229,A,G,unambiguous:A/G:TOP,G/A,
BARC_1.01_Gm03_5037059_G_A,ss715586730,Gm03,4939933,A,G,unambiguous:A/G:TOP,G/A,
BARC_1.01_Gm03_5106459_T_G,ss715586748,Gm03,5009334,T,G,unambiguous:T/G:BOT-design,T/G,
BARC_1.01_Gm03_5165511_A_C,ss715586766,Gm03,5068386,A,C,unambiguous:A/C:TOP,A/C,
BARC_1.01_Gm03_5217414_C_T,ss715586784,Gm03,5120291,T,C,unambiguous:T/C:BOT-design,C/T,
BARC_1.01_Gm03_5257705_A_G,ss715586788,Gm03,5160582,A,G,unambiguous:A/G:TOP,A/G,
BARC_1.01_Gm03_5297117_C_A,ss715586793,Gm03,5199994,A,C,unambiguous:A/C:TOP,C/A,
BARC_1.01_Gm03_5341695_A_G,ss715586806,Gm03,5244122,A,G,unambiguous:A/G:TOP,A/G,
BARC_1.01_Gm03_5451606_A_C,ss715586837,Gm03,5354087,A,C,unambiguous:A/C:TOP,A/C,
BARC_1.01_Gm03_5502496_T_C,ss715586851,Gm03,5405718,T,C,unambiguous:T/C:BOT-design,T/C,
BARC_1.01_Gm03_5733321_A_G,ss715586887,Gm03,5621957,A,G,unambiguous:A/G:TOP,A/G,
BARC_1.01_Gm03_5796468_A_G,ss715586892,Gm03,5652619,A,G,unambiguous:A/G:TOP,A/G,
BARC_1.01_Gm03_6035510_A_C,ss715586901,Gm03,5999385,A,C,unambiguous:A/C:TOP,A/C,
BARC_1.01_Gm03_6459920_A_G,ss715586915,Gm03,6278920,A,G,unambiguous:A/G:TOP,A/G,
BARC_1.01_Gm03_6631189_A_G,ss715586921,Gm03,6477854,A,G,unambiguous:A/G:TOP,A/G,
BARC_1.01_Gm03_6844115_A_C,ss715586928,Gm03,6692130,A,C,unambiguous:A/C:TOP,A/C,
BARC_1.01_Gm03_7018964_T_C,ss715586934,Gm03,6867049,T,C,unambiguous:T/C:BOT-design,T/C,
BARC_1.01_Gm03_8003327_T_C,ss715586967,Gm03,7650316,T,C,unambiguous:T/C:BOT-design,T/C,
BARC_1.01_Gm03_8228940_G_A,ss715586976,Gm03,7872384,A,G,unambiguous:A/G:TOP,G/A,
BARC_1.01_Gm03_8434431_A_G,ss715586985,Gm03,8079197,A,G,unambiguous:A/G:TOP,A/G,
BARC_1.01_Gm03_13435435_T_G,ss715584448,Gm03,8573122,T,G,unambiguous:T/G:BOT-design,T/G,
BARC_1.01_Gm03_9104329_A_G,ss715587004,Gm03,8732158,A,G,unambiguous:A/G:TOP,A/G,
BARC_1.01_Gm03_9641204_C_A,ss715587016,Gm03,9111573,A,C,unambiguous:A/C:TOP,C/A,
BARC_1.01_Gm03_9789580_G_T,ss715587021,Gm03,9259491,T,G,unambiguous:T/G:BOT-design,G/T,
BARC_1.01_Gm03_10408873_C_T,ss715584347,Gm03,9929019,T,C,unambiguous:T/C:BOT-design,C/T,
BARC_1.01_Gm03_10552078_T_G,ss715584351,Gm03,10072780,T,G,unambiguous:T/G:BOT-design,T/G,
BARC_1.01_Gm03_10982565_T_C,ss715584368,Gm03,10515241,T,C,unambiguous:T/C:BOT-design,T/C,
BARC_1.01_Gm03_11396505_C_T,ss715584382,Gm03,10950353,T,C,unambiguous:T/C:BOT-design,C/T,
BARC_1.01_Gm03_12163115_T_G,ss715584404,Gm03,11688292,T,G,unambiguous:T/G:BOT-design,T/G,
BARC_1.01_Gm03_13015481_T_C,ss715584433,Gm03,12292048,T,C,unambiguous:T/C:BOT-design,T/C,
BARC_1.01_Gm03_23324209_C_T,ss715584830,Gm03,13387006,T,C,unambiguous:T/C:BOT-design,C/T,
BARC_1.01_Gm03_14228358_T_C,ss715584470,Gm03,13442097,T,C,unambiguous:T/C:BOT-design,T/C,
BARC_1.01_Gm03_14840739_T_G,ss715584491,Gm03,14005577,T,G,unambiguous:T/G:BOT-design,T/G,
BARC_1.01_Gm03_15615896_C_T,ss715584513,Gm03,14778473,T,C,unambiguous:T/C:BOT-design,C/T,
BARC_1.01_Gm03_13642775_C_T,ss715584452,Gm03,15422329,T,C,unambiguous:T/C:BOT-design,C/T,
BARC_1.01_Gm03_22371830_G_A,ss715584793,Gm03,16621811,A,G,unambiguous:A/G:TOP,G/A,
BARC_1.01_Gm03_22259196_C_A,ss715584789,Gm03,16738385,A,C,unambiguous:A/C:TOP,C/A,
BARC_1.01_Gm03_22189671_C_T,ss715584783,Gm03,16814269,T,C,unambiguous:T/C:BOT-design,C/T,
BARC_1.01_Gm03_21918775_A_G,ss715584770,Gm03,17085614,A,G,unambiguous:A/G:TOP,A/G,
BARC_1.01_Gm03_21347065_C_T,ss715584752,Gm03,17644304,T,C,unambiguous:T/C:BOT-design,C/T,
BARC_1.01_Gm03_21175765_T_G,ss715584746,Gm03,17796387,T,G,unambiguous:T/G:BOT-design,T/G,
BARC_1.01_Gm03_19787231_C_T,ss715584680,Gm03,17983829,T,C,unambiguous:T/C:BOT-design,C/T,
BARC_1.01_Gm03_19154238_C_T,ss715584655,Gm03,18621744,T,C,unambiguous:T/C:BOT-design,C/T,
BARC_1.01_Gm03_18889221_C_A,ss715584646,Gm03,18886715,A,C,unambiguous:A/C:TOP,C/A,
BARC_1.01_Gm03_18512439_C_T,ss715584628,Gm03,19258162,T,C,unambiguous:T/C:BOT-design,C/T,
BARC_1.01_Gm03_18254831_C_T,ss715584615,Gm03,19515793,T,C,unambiguous:T/C:BOT-design,C/T,
BARC_1.01_Gm03_18113789_C_T,ss715584611,Gm03,19657033,T,C,unambiguous:T/C:BOT-design,C/T,
BARC_1.01_Gm03_16612828_A_G,ss715584556,Gm03,21157163,A,G,unambiguous:A/G:TOP,A/G,
BARC_1.01_Gm03_16281390_A_G,ss715584546,Gm03,21531602,A,G,unambiguous:A/G:TOP,A/G,
BARC_1.01_Gm03_24781258_C_T,ss715584884,Gm03,22839514,T,C,unambiguous:T/C:BOT-design,C/T,
BARC_1.01_Gm03_25027199_A_G,ss715584898,Gm03,23085439,A,G,unambiguous:A/G:TOP,A/G,
BARC_1.01_Gm03_25305047_T_C,ss715584908,Gm03,23352113,T,C,unambiguous:T/C:BOT-design,T/C,
BARC_1.01_Gm03_25818759_T_C,ss715584921,Gm03,23866074,T,C,unambiguous:T/C:BOT-design,T/C,
BARC_1.01_Gm03_27021460_A_G,ss715584944,Gm03,25030381,A,G,unambiguous:A/G:TOP,A/G,
BARC_1.01_Gm03_27285377_A_G,ss715584952,Gm03,25293976,A,G,unambiguous:A/G:TOP,A/G,
BARC_1.01_Gm03_27566511_T_G,ss715584968,Gm03,25575537,T,G,unambiguous:T/G:BOT-design,T/G,
BARC_1.01_Gm03_27803514_A_G,ss715584978,Gm03,25812598,A,G,unambiguous:A/G:TOP,A/G,
BARC_1.01_Gm03_28015945_T_C,ss715584984,Gm03,26026062,T,C,unambiguous:T/C:BOT-design,T/C,
BARC_1.01_Gm03_28414908_A_G,ss715584999,Gm03,26426492,A,G,unambiguous:A/G:TOP,A/G,
BARC_1.01_Gm03_29074893_T_C,ss715585020,Gm03,27095330,T,C,unambiguous:T/C:BOT-design,T/C,
BARC_1.01_Gm03_29375217_T_C,ss715585030,Gm03,27395084,T,C,unambiguous:T/C:BOT-design,T/C,
BARC_1.01_Gm03_29628783_T_C,ss715585039,Gm03,27658954,T,C,unambiguous:T/C:BOT-design,T/C,
BARC_1.01_Gm03_29817747_G_T,ss715585049,Gm03,27847719,T,G,unambiguous:T/G:BOT-design,G/T,
BARC_1.01_Gm03_29952496_T_C,ss715585059,Gm03,27974707,T,C,unambiguous:T/C:BOT-design,T/C,
BARC_1.01_Gm03_30529089_A_C,ss715585087,Gm03,28503087,A,C,unambiguous:A/C:TOP,A/C,
BARC_1.01_Gm03_30647053_T_C,ss715585092,Gm03,28621743,T,C,unambiguous:T/C:BOT-design,T/C,
BARC_1.01_Gm03_30809885_T_C,ss715585098,Gm03,28783977,T,C,unambiguous:T/C:BOT-design,T/C,
BARC_1.01_Gm03_30955790_A_G,ss715585107,Gm03,28942195,A,G,unambiguous:A/G:TOP,A/G,
BARC_1.01_Gm03_31711487_A_G,ss715585142,Gm03,29653628,A,G,unambiguous:A/G:TOP,A/G,
BARC_1.01_Gm03_31990164_T_G,ss715585151,Gm03,29937658,T,G,unambiguous:T/G:BOT-design,T/G,
BARC_1.01_Gm03_32251318_T_C,ss715585159,Gm03,30198159,T,C,unambiguous:T/C:BOT-design,T/C,
BARC_1.01_Gm03_32720668_C_T,ss715585180,Gm03,30685450,T,C,unambiguous:T/C:BOT-design,C/T,
BARC_1.01_Gm03_33146650_C_T,ss715585194,Gm03,31111337,T,C,unambiguous:T/C:BOT-design,C/T,
BARC_1.01_Gm03_33399114_A_G,ss715585206,Gm03,31363274,A,G,unambiguous:A/G:TOP,A/G,
BARC_1.01_Gm03_34741364_A_G,ss715585260,Gm03,32698446,A,G,unambiguous:A/G:TOP,A/G,
BARC_1.01_Gm03_34812071_A_G,ss715585267,Gm03,32771949,A,G,unambiguous:A/G:TOP,A/G,
BARC_1.01_Gm03_35122599_C_T,ss715585298,Gm03,33082478,T,C,unambiguous:T/C:BOT-design,C/T,
BARC_1.01_Gm03_35201990_G_A,ss715585307,Gm03,33161483,A,G,unambiguous:A/G:TOP,G/A,
BARC_1.01_Gm03_35330372_G_T,ss715585319,Gm03,33292135,T,G,unambiguous:T/G:BOT-design,G/T,
BARC_1.01_Gm03_35516341_C_T,ss715585341,Gm03,33477340,T,C,unambiguous:T/C:BOT-design,C/T,
BARC_1.01_Gm03_35556758_C_T,ss715585344,Gm03,33517757,T,C,unambiguous:T/C:BOT-design,C/T,
BARC_1.01_Gm03_35712315_A_G,ss715585358,Gm03,33673316,A,G,unambiguous:A/G:TOP,A/G,
BARC_1.01_Gm03_35797299_A_G,ss715585366,Gm03,33767293,A,G,unambiguous:A/G:TOP,A/G,
BARC_1.01_Gm03_35913889_T_C,ss715585379,Gm03,33884116,T,C,unambiguous:T/C:BOT-design,T/C,
BARC_1.01_Gm03_35968599_G_A,ss715585384,Gm03,33938840,A,G,unambiguous:A/G:TOP,G/A,
BARC_1.01_Gm03_36018412_T_C,ss715585392,Gm03,33988654,T,C,unambiguous:T/C:BOT-design,T/C,
BARC_1.01_Gm03_36058927_T_C,ss715585399,Gm03,34029176,T,C,unambiguous:T/C:BOT-design,T/C,
BARC_1.01_Gm03_36111069_A_G,ss715585405,Gm03,34081328,A,G,unambiguous:A/G:TOP,A/G,
BARC_1.01_Gm03_36178327_G_A,ss715585411,Gm03,34147379,A,G,unambiguous:A/G:TOP,G/A,
BARC_1.01_Gm03_36386316_G_A,ss715585442,Gm03,34364354,A,G,unambiguous:A/G:TOP,G/A,
BARC_1.01_Gm03_36396038_A_C,ss715585444,Gm03,34374076,A,C,unambiguous:A/C:TOP,A/C,
BARC_1.01_Gm03_36438792_G_T,ss715585454,Gm03,34416830,T,G,unambiguous:T/G:BOT-design,G/T,
BARC_1.01_Gm03_36489202_C_T,ss715585460,Gm03,34467296,T,C,unambiguous:T/C:BOT-design,C/T,
BARC_1.01_Gm03_36569286_A_G,ss715585473,Gm03,34547382,A,G,unambiguous:A/G:TOP,A/G,
BARC_1.01_Gm03_36634361_G_A,ss715585486,Gm03,34612476,A,G,unambiguous:A/G:TOP,G/A,
BARC_1.01_Gm03_36714581_T_C,ss715585499,Gm03,34692693,T,C,unambiguous:T/C:BOT-design,T/C,
BARC_1.01_Gm03_36816006_A_G,ss715585512,Gm03,34791858,A,G,unambiguous:A/G:TOP,A/G,
BARC_1.01_Gm03_36863476_C_A,ss715585518,Gm03,34839398,A,C,unambiguous:A/C:TOP,C/A,
BARC_1.01_Gm03_36969159_A_G,ss715585530,Gm03,34945081,A,G,unambiguous:A/G:TOP,A/G,
BARC_1.01_Gm03_37024877_C_T,ss715585545,Gm03,35000799,T,C,unambiguous:T/C:BOT-design,C/T,
BARC_1.01_Gm03_37146641_T_C,ss715585558,Gm03,35121187,T,C,unambiguous:T/C:BOT-design,T/C,
BARC_1.01_Gm03_37245981_T_C,ss715585564,Gm03,35219106,T,C,unambiguous:T/C:BOT-design,T/C,
BARC_1.01_Gm03_37286104_T_C,ss715585568,Gm03,35259229,T,C,unambiguous:T/C:BOT-design,T/C,
BARC_1.01_Gm03_37326508_A_G,ss715585573,Gm03,35299633,A,G,unambiguous:A/G:TOP,A/G,
BARC_1.01_Gm03_37366357_C_A,ss715585577,Gm03,35339482,A,C,unambiguous:A/C:TOP,C/A,
BARC_1.01_Gm03_37432542_C_A,ss715585588,Gm03,35405797,A,C,unambiguous:A/C:TOP,C/A,
BARC_1.01_Gm03_37488779_G_A,ss715585601,Gm03,35462187,A,G,unambiguous:A/G:TOP,G/A,
BARC_1.01_Gm03_37534583_G_A,ss715585604,Gm03,35507990,A,G,unambiguous:A/G:TOP,G/A,
BARC_1.01_Gm03_37654429_G_T,ss715585613,Gm03,35627836,T,G,unambiguous:T/G:BOT-design,G/T,
BARC_1.01_Gm03_37711069_G_A,ss715585622,Gm03,35684476,A,G,unambiguous:A/G:TOP,G/A,
BARC_1.01_Gm03_37773419_C_T,ss715585632,Gm03,35747077,T,C,unambiguous:T/C:BOT-design,C/T,
BARC_1.01_Gm03_37819433_T_C,ss715585643,Gm03,35793091,T,C,unambiguous:T/C:BOT-design,T/C,
BARC_1.01_Gm03_37902930_C_T,ss715585654,Gm03,35876483,T,C,unambiguous:T/C:BOT-design,C/T,
BARC_1.01_Gm03_37963252_A_G,ss715585657,Gm03,35936805,A,G,unambiguous:A/G:TOP,A/G,
BARC_1.01_Gm03_38069022_A_G,ss715585676,Gm03,36042575,A,G,unambiguous:A/G:TOP,A/G,
BARC_1.01_Gm03_38121627_T_C,ss715585685,Gm03,36095180,T,C,unambiguous:T/C:BOT-design,T/C,
BARC_1.01_Gm03_38173815_A_C,ss715585699,Gm03,36147368,A,C,unambiguous:A/C:TOP,A/C,
BARC_1.01_Gm03_38263112_A_G,ss715585707,Gm03,36237017,A,G,unambiguous:A/G:TOP,A/G,
BARC_1.01_Gm03_38367581_G_A,ss715585717,Gm03,36346949,A,G,unambiguous:A/G:TOP,G/A,
BARC_1.01_Gm03_38415618_T_G,ss715585721,Gm03,36395079,T,G,unambiguous:T/G:BOT-design,T/G,
BARC_1.01_Gm03_38469714_C_T,ss715585730,Gm03,36449357,T,C,unambiguous:T/C:BOT-design,C/T,
BARC_1.01_Gm03_38526701_A_G,ss715585735,Gm03,36506727,A,G,unambiguous:A/G:TOP,A/G,
BARC_1.01_Gm03_38689365_C_T,ss715585748,Gm03,36672503,T,C,unambiguous:T/C:BOT-design,C/T,
BARC_1.01_Gm03_38761991_G_T,ss715585759,Gm03,36745144,T,G,unambiguous:T/G:BOT-design,G/T,
BARC_1.01_Gm03_38862467_A_G,ss715585767,Gm03,36845347,A,G,unambiguous:A/G:TOP,A/G,
BARC_1.01_Gm03_38931849_C_A,ss715585771,Gm03,36914473,A,C,unambiguous:A/C:TOP,C/A,
BARC_1.01_Gm03_38976026_C_T,ss715585773,Gm03,36959274,T,C,unambiguous:T/C:BOT-design,C/T,
BARC_1.01_Gm03_39351009_C_T,ss715585800,Gm03,37333386,T,C,unambiguous:T/C:BOT-design,C/T,
BARC_1.01_Gm03_39491355_G_T,ss715585820,Gm03,37473452,T,G,unambiguous:T/G:BOT-design,G/T,
BARC_1.01_Gm03_39574966_T_C,ss715585837,Gm03,37557065,T,C,unambiguous:T/C:BOT-design,T/C,
BARC_1.01_Gm03_39623890_G_A,ss715585841,Gm03,37605991,A,G,unambiguous:A/G:TOP,G/A,
BARC_1.01_Gm03_39690419_T_G,ss715585844,Gm03,37672497,T,G,unambiguous:T/G:BOT-design,T/G,
BARC_1.01_Gm03_39737276_T_C,ss715585850,Gm03,37720073,T,C,unambiguous:T/C:BOT-design,T/C,
BARC_1.01_Gm03_39796778_T_G,ss715585855,Gm03,37779807,T,G,unambiguous:T/G:BOT-design,T/G,
BARC_1.01_Gm03_39843152_T_C,ss715585858,Gm03,37826181,T,C,unambiguous:T/C:BOT-design,T/C,
BARC_1.01_Gm03_39915523_C_T,ss715585864,Gm03,37898552,T,C,unambiguous:T/C:BOT-design,C/T,
BARC_1.01_Gm03_39945298_T_C,ss715585868,Gm03,37930633,T,C,unambiguous:T/C:BOT-design,T/C,
BARC_1.01_Gm03_39998708_A_G,ss715585870,Gm03,37984044,A,G,unambiguous:A/G:TOP,A/G,
BARC_1.01_Gm03_40052612_T_C,ss715585874,Gm03,38037948,T,C,unambiguous:T/C:BOT-design,T/C,
BARC_1.01_Gm03_40115297_C_T,ss715585882,Gm03,38100814,T,C,unambiguous:T/C:BOT-design,C/T,
BARC_1.01_Gm03_40197155_A_C,ss715585896,Gm03,38183067,A,C,unambiguous:A/C:TOP,A/C,
BARC_1.01_Gm03_40270199_T_C,ss715585902,Gm03,38256161,T,C,unambiguous:T/C:BOT-design,T/C,
BARC_1.01_Gm03_40323334_C_T,ss715585909,Gm03,38309296,T,C,unambiguous:T/C:BOT-design,C/T,
BARC_1.01_Gm03_40417269_A_G,ss715585922,Gm03,38402301,A,G,unambiguous:A/G:TOP,A/G,
BARC_1.01_Gm03_40452899_C_A,ss715585925,Gm03,38438653,A,C,unambiguous:A/C:TOP,C/A,
BARC_1.01_Gm03_40600088_A_G,ss715585945,Gm03,38585840,A,G,unambiguous:A/G:TOP,A/G,
BARC_1.01_Gm03_40613405_T_C,ss715585949,Gm03,38601323,T,C,unambiguous:T/C:BOT-design,T/C,
BARC_1.01_Gm03_40663609_G_A,ss715585954,Gm03,38651529,A,G,unambiguous:A/G:TOP,G/A,
BARC_1.01_Gm03_40727780_A_G,ss715585963,Gm03,38716240,A,G,unambiguous:A/G:TOP,A/G,
BARC_1.01_Gm03_40768058_C_A,ss715585969,Gm03,38756518,A,C,unambiguous:A/C:TOP,C/A,
BARC_1.01_Gm03_40910014_T_G,ss715585988,Gm03,38898486,T,G,unambiguous:T/G:BOT-design,T/G,
BARC_1.01_Gm03_41020834_T_C,ss715586013,Gm03,39009305,T,C,unambiguous:T/C:BOT-design,T/C,
BARC_1.01_Gm03_41090179_T_C,ss715586027,Gm03,39077926,T,C,unambiguous:T/C:BOT-design,T/C,
BARC_1.01_Gm03_41135466_C_T,ss715586032,Gm03,39123205,T,C,unambiguous:T/C:BOT-design,C/T,
BARC_1.01_Gm03_41228284_A_G,ss715586046,Gm03,39216024,A,G,unambiguous:A/G:TOP,A/G,
BARC_1.01_Gm03_41305199_G_A,ss715586056,Gm03,39292939,A,G,unambiguous:A/G:TOP,G/A,
BARC_1.01_Gm03_41443410_G_A,ss715586076,Gm03,39431214,A,G,unambiguous:A/G:TOP,G/A,
BARC_1.01_Gm03_41522796_G_T,ss715586082,Gm03,39510751,T,G,unambiguous:T/G:BOT-design,G/T,
BARC_1.01_Gm03_41570310_A_G,ss715586083,Gm03,39558252,A,G,unambiguous:A/G:TOP,A/G,
BARC_1.01_Gm03_41605831_A_C,ss715586085,Gm03,39594385,A,C,unambiguous:A/C:TOP,A/C,
BARC_1.01_Gm03_41739860_T_G,ss715586098,Gm03,39727905,T,G,unambiguous:T/G:BOT-design,T/G,
BARC_1.01_Gm03_41984976_T_C,ss715586114,Gm03,39973490,T,C,unambiguous:T/C:BOT-design,T/C,
BARC_1.01_Gm03_42148379_T_G,ss715586129,Gm03,40136891,T,G,unambiguous:T/G:BOT-design,T/G,
BARC_1.01_Gm03_42223337_G_A,ss715586136,Gm03,40211702,A,G,unambiguous:A/G:TOP,G/A,
BARC_1.01_Gm03_42308865_C_T,ss715586146,Gm03,40297110,T,C,unambiguous:T/C:BOT-design,C/T,
BARC_1.01_Gm03_42595334_T_C,ss715586165,Gm03,40583852,T,C,unambiguous:T/C:BOT-design,T/C,
BARC_1.01_Gm03_42641178_A_G,ss715586168,Gm03,40629683,A,G,unambiguous:A/G:TOP,A/G,
BARC_1.01_Gm03_42755025_A_C,ss715586171,Gm03,40741689,A,C,unambiguous:A/C:TOP,A/C,
BARC_1.01_Gm03_42941304_C_T,ss715586179,Gm03,40928220,T,C,unambiguous:T/C:BOT-design,C/T,
BARC_1.01_Gm03_43048029_T_C,ss715586195,Gm03,41034925,T,C,unambiguous:T/C:BOT-design,T/C,
BARC_1.01_Gm03_43175147_G_A,ss715586200,Gm03,41162031,A,G,unambiguous:A/G:TOP,G/A,
BARC_1.01_Gm03_43242012_G_T,ss715586203,Gm03,41228895,T,G,unambiguous:T/G:BOT-design,G/T,
BARC_1.01_Gm03_43355787_C_T,ss715586215,Gm03,41342672,T,C,unambiguous:T/C:BOT-design,C/T,
BARC_1.01_Gm03_43504459_G_A,ss715586235,Gm03,41491337,A,G,unambiguous:A/G:TOP,G/A,
BARC_1.01_Gm03_43525455_A_G,ss715586240,Gm03,41512333,A,G,unambiguous:A/G:TOP,A/G,
BARC_1.01_Gm03_43599557_T_C,ss715586248,Gm03,41595432,T,C,unambiguous:T/C:BOT-design,T/C,
BARC_1.01_Gm03_43707104_A_G,ss715586252,Gm03,41703528,A,G,unambiguous:A/G:TOP,A/G,
BARC_1.01_Gm03_43819565_C_A,ss715586259,Gm03,41815989,A,C,unambiguous:A/C:TOP,C/A,
BARC_1.01_Gm03_44019995_G_A,ss715586273,Gm03,42016419,A,G,unambiguous:A/G:TOP,G/A,
BARC_1.01_Gm03_44118764_C_T,ss715586280,Gm03,42115188,T,C,unambiguous:T/C:BOT-design,C/T,
BARC_1.01_Gm03_44171693_A_C,ss715586284,Gm03,42168117,A,C,unambiguous:A/C:TOP,A/C,
BARC_1.01_Gm03_44326930_A_G,ss715586292,Gm03,42323509,A,G,unambiguous:A/G:TOP,A/G,
BARC_1.01_Gm03_44381016_G_T,ss715586293,Gm03,42377595,T,G,unambiguous:T/G:BOT-design,G/T,
BARC_1.01_Gm03_44475419_C_A,ss715586302,Gm03,42471993,A,C,unambiguous:A/C:TOP,C/A,
BARC_1.01_Gm03_44583239_A_C,ss715586314,Gm03,42576651,A,C,unambiguous:A/C:TOP,A/C,
BARC_1.01_Gm03_44693761_T_C,ss715586323,Gm03,42687085,T,C,unambiguous:T/C:BOT-design,T/C,
BARC_1.01_Gm03_44790322_A_G,ss715586331,Gm03,42783646,A,G,unambiguous:A/G:TOP,A/G,
BARC_1.01_Gm03_44834109_G_A,ss715586340,Gm03,42827150,A,G,unambiguous:A/G:TOP,G/A,
BARC_1.01_Gm03_44920668_A_G,ss715586354,Gm03,42913709,A,G,unambiguous:A/G:TOP,A/G,
BARC_1.01_Gm03_44992819_A_G,ss715586364,Gm03,42985909,A,G,unambiguous:A/G:TOP,A/G,
BARC_1.01_Gm03_45217524_G_T,ss715586397,Gm03,43213208,T,G,unambiguous:T/G:BOT-design,G/T,
BARC_1.01_Gm03_45416367_C_T,ss715586421,Gm03,43412025,T,C,unambiguous:T/C:BOT-design,C/T,
BARC_1.01_Gm03_45488992_G_A,ss715586425,Gm03,43484650,A,G,unambiguous:A/G:TOP,G/A,
BARC_1.01_Gm03_45614970_C_T,ss715586432,Gm03,43610628,T,C,unambiguous:T/C:BOT-design,C/T,
BARC_1.01_Gm03_45668212_A_G,ss715586436,Gm03,43663870,A,G,unambiguous:A/G:TOP,A/G,
BARC_1.01_Gm03_45810070_A_G,ss715586447,Gm03,43805728,A,G,unambiguous:A/G:TOP,A/G,
BARC_1.01_Gm03_45954229_T_C,ss715586456,Gm03,43950139,T,C,unambiguous:T/C:BOT-design,T/C,
BARC_1.01_Gm03_45994991_T_C,ss715586460,Gm03,43991274,T,C,unambiguous:T/C:BOT-design,T/C,
BARC_1.01_Gm03_46055685_C_T,ss715586464,Gm03,44055029,T,C,unambiguous:T/C:BOT-design,C/T,
BARC_1.01_Gm03_46096566_A_G,ss715586470,Gm03,44095910,A,G,unambiguous:A/G:TOP,A/G,
BARC_1.01_Gm03_46209325_G_A,ss715586485,Gm03,44208679,A,G,unambiguous:A/G:TOP,G/A,
BARC_1.01_Gm03_46214163_C_T,ss715586487,Gm03,44213517,T,C,unambiguous:T/C:BOT-design,C/T,
BARC_1.01_Gm03_46337339_T_C,ss715586508,Gm03,44336809,T,C,unambiguous:T/C:BOT-design,T/C,
BARC_1.01_Gm03_46380953_T_G,ss715586518,Gm03,44380423,T,G,unambiguous:T/G:BOT-design,T/G,
BARC_1.01_Gm03_46445958_G_T,ss715586532,Gm03,44445428,T,G,unambiguous:T/G:BOT-design,G/T,
BARC_1.01_Gm03_46508111_A_C,ss715586541,Gm03,44507530,A,C,unambiguous:A/C:TOP,A/C,
BARC_1.01_Gm03_46592189_A_G,ss715586552,Gm03,44591609,A,G,unambiguous:A/G:TOP,A/G,
BARC_1.01_Gm03_46889507_T_C,ss715586578,Gm03,44888926,T,C,unambiguous:T/C:BOT-design,T/C,
BARC_1.01_Gm03_46998040_A_G,ss715586586,Gm03,44997458,A,G,unambiguous:A/G:TOP,A/G,
BARC_1.01_Gm03_47039930_T_C,ss715586590,Gm03,45039348,T,C,unambiguous:T/C:BOT-design,T/C,
BARC_1.01_Gm03_47106922_G_A,ss715586600,Gm03,45106340,A,G,unambiguous:A/G:TOP,G/A,
BARC_1.01_Gm03_47161489_A_G,ss715586611,Gm03,45159972,A,G,unambiguous:A/G:TOP,A/G,
BARC_1.01_Gm03_47212539_T_C,ss715586618,Gm03,45211072,T,C,unambiguous:T/C:BOT-design,T/C,
BARC_1.01_Gm03_47320906_C_T,ss715586637,Gm03,45319510,T,C,unambiguous:T/C:BOT-design,C/T,
BARC_1.01_Gm03_47386481_A_C,ss715586641,Gm03,45385087,A,C,unambiguous:A/C:TOP,A/C,
BARC_1.01_Gm03_47440662_C_T,ss715586648,Gm03,45439265,T,C,unambiguous:T/C:BOT-design,C/T,
BARC_1.01_Gm03_47500240_G_A,ss715586657,Gm03,45498843,A,G,unambiguous:A/G:TOP,G/A,
BARC_1.01_Gm03_47591923_T_C,ss715586662,Gm03,45590673,T,C,unambiguous:T/C:BOT-design,T/C,
BARC_1.01_Gm03_47644492_A_C,ss715586665,Gm03,45643162,A,C,unambiguous:A/C:TOP,A/C,
BARC_1.01_Gm03_47713742_T_C,ss715586670,Gm03,45712413,T,C,unambiguous:T/C:BOT-design,T/C,
BARC_1.01_Gm04_10805_T_C,ss715587050,Gm04,56409,T,C,unambiguous:T/C:BOT-design,T/C,
BARC_1.01_Gm04_169864_A_C,ss715587229,Gm04,208760,A,C,unambiguous:A/C:TOP,A/C,
BARC_1.01_Gm04_282832_A_G,ss715587572,Gm04,321728,A,G,unambiguous:A/G:TOP,A/G,
BARC_1.01_Gm04_382134_A_G,ss715587894,Gm04,421129,A,G,unambiguous:A/G:TOP,A/G,
BARC_1.01_Gm04_456406_A_G,ss715588651,Gm04,495401,A,G,unambiguous:A/G:TOP,A/G,
BARC_1.01_Gm04_516796_A_G,ss715589057,Gm04,555823,A,G,unambiguous:A/G:TOP,A/G,
BARC_1.01_Gm04_547510_C_T,ss715589071,Gm04,586537,T,C,unambiguous:T/C:BOT-design,C/T,
BARC_1.01_Gm04_622489_A_G,ss715589136,Gm04,661515,A,G,unambiguous:A/G:TOP,A/G,
BARC_1.01_Gm04_717646_C_T,ss715589244,Gm04,756672,T,C,unambiguous:T/C:BOT-design,C/T,
BARC_1.01_Gm04_972585_C_A,ss715589729,Gm04,1011611,A,C,unambiguous:A/C:TOP,C/A,
BARC_1.01_Gm04_1126451_A_G,ss715587067,Gm04,1165478,A,G,unambiguous:A/G:TOP,A/G,
BARC_1.01_Gm04_1193028_G_A,ss715587085,Gm04,1232055,A,G,unambiguous:A/G:TOP,G/A,
BARC_1.01_Gm04_1272649_G_A,ss715587111,Gm04,1311694,A,G,unambiguous:A/G:TOP,G/A,
BARC_1.01_Gm04_1407302_A_G,ss715587145,Gm04,1455348,A,G,unambiguous:A/G:TOP,A/G,
BARC_1.01_Gm04_1499424_T_G,ss715587176,Gm04,1547465,T,G,unambiguous:T/G:BOT-design,T/G,
BARC_1.01_Gm04_1621110_C_A,ss715587207,Gm04,1669148,A,C,unambiguous:A/C:TOP,C/A,
BARC_1.01_Gm04_1726991_G_T,ss715587241,Gm04,1775055,T,G,unambiguous:T/G:BOT-design,G/T,
BARC_1.01_Gm04_1778735_A_G,ss715587257,Gm04,1826798,A,G,unambiguous:A/G:TOP,A/G,
BARC_1.01_Gm04_1895163_T_C,ss715587301,Gm04,1952235,T,C,unambiguous:T/C:BOT-design,T/C,
BARC_1.01_Gm04_1930897_T_C,ss715587311,Gm04,1987967,T,C,unambiguous:T/C:BOT-design,T/C,
BARC_1.01_Gm04_2045637_T_C,ss715587339,Gm04,2102753,T,C,unambiguous:T/C:BOT-design,T/C,
BARC_1.01_Gm04_2129696_T_C,ss715587371,Gm04,2186828,T,C,unambiguous:T/C:BOT-design,T/C,
BARC_1.01_Gm04_2237308_T_C,ss715587411,Gm04,2294967,T,C,unambiguous:T/C:BOT-design,T/C,
BARC_1.01_Gm04_2268644_T_C,ss715587420,Gm04,2326304,T,C,unambiguous:T/C:BOT-design,T/C,
BARC_1.01_Gm04_2365466_G_T,ss715587439,Gm04,2423943,T,G,unambiguous:T/G:BOT-design,G/T,
BARC_1.01_Gm04_2574201_T_G,ss715587503,Gm04,2631785,T,G,unambiguous:T/G:BOT-design,T/G,
BARC_1.01_Gm04_2632511_T_G,ss715587517,Gm04,2690045,T,G,unambiguous:T/G:BOT-design,T/G,
BARC_1.01_Gm04_2681971_T_C,ss715587532,Gm04,2739495,T,C,unambiguous:T/C:BOT-design,T/C,
BARC_1.01_Gm04_2794768_T_C,ss715587562,Gm04,2851643,T,C,unambiguous:T/C:BOT-design,T/C,
BARC_1.01_Gm04_2877511_T_C,ss715587587,Gm04,2934385,T,C,unambiguous:T/C:BOT-design,T/C,
BARC_1.01_Gm04_2923894_G_A,ss715587600,Gm04,2980765,A,G,unambiguous:A/G:TOP,G/A,
BARC_1.01_Gm04_2968281_C_T,ss715587612,Gm04,3025152,T,C,unambiguous:T/C:BOT-design,C/T,
BARC_1.01_Gm04_3077939_A_G,ss715587644,Gm04,3134944,A,G,unambiguous:A/G:TOP,A/G,
BARC_1.01_Gm04_3138411_A_G,ss715587661,Gm04,3195416,A,G,unambiguous:A/G:TOP,A/G,
BARC_1.01_Gm04_3291915_C_T,ss715587711,Gm04,3348991,T,C,unambiguous:T/C:BOT-design,C/T,
BARC_1.01_Gm04_3368832_T_C,ss715587739,Gm04,3425900,T,C,unambiguous:T/C:BOT-design,T/C,
BARC_1.01_Gm04_3401641_G_A,ss715587753,Gm04,3458707,A,G,unambiguous:A/G:TOP,G/A,
BARC_1.01_Gm04_3487482_G_T,ss715587777,Gm04,3542966,T,G,unambiguous:T/G:BOT-design,G/T,
BARC_1.01_Gm04_3534961_A_G,ss715587789,Gm04,3590478,A,G,unambiguous:A/G:TOP,A/G,
BARC_1.01_Gm04_3682732_G_T,ss715587843,Gm04,3739404,T,G,unambiguous:T/G:BOT-design,G/T,
BARC_1.01_Gm04_3793488_C_T,ss715587882,Gm04,3835527,T,C,unambiguous:T/C:BOT-design,C/T,
BARC_1.01_Gm04_3845754_A_G,ss715587903,Gm04,3887758,A,G,unambiguous:A/G:TOP,A/G,
BARC_1.01_Gm04_3996191_C_T,ss715587949,Gm04,4045439,T,C,unambiguous:T/C:BOT-design,C/T,
BARC_1.01_Gm04_4054945_A_C,ss715587994,Gm04,4104193,A,C,unambiguous:A/C:TOP,A/C,
BARC_1.01_Gm04_4157610_C_T,ss715588105,Gm04,4206857,T,C,unambiguous:T/C:BOT-design,C/T,
BARC_1.01_Gm04_4217329_G_T,ss715588194,Gm04,4266618,T,G,unambiguous:T/G:BOT-design,G/T,
BARC_1.01_Gm04_4372365_G_T,ss715588385,Gm04,4421661,T,G,unambiguous:T/G:BOT-design,G/T,
BARC_1.01_Gm04_4497001_T_C,ss715588549,Gm04,4546417,T,C,unambiguous:T/C:BOT-design,T/C,
BARC_1.01_Gm04_4599981_G_T,ss715588670,Gm04,4649512,T,G,unambiguous:T/G:BOT-design,G/T,
BARC_1.01_Gm04_4722052_T_C,ss715588845,Gm04,4778134,T,C,unambiguous:T/C:BOT-design,T/C,
BARC_1.01_Gm04_4841626_A_G,ss715588973,Gm04,4897711,A,G,unambiguous:A/G:TOP,A/G,
BARC_1.01_Gm04_4922361_T_C,ss715589043,Gm04,4978349,T,C,unambiguous:T/C:BOT-design,T/C,
BARC_1.01_Gm04_5034406_T_C,ss715589047,Gm04,5090747,T,C,unambiguous:T/C:BOT-design,T/C,
BARC_1.01_Gm04_5172181_A_G,ss715589058,Gm04,5237529,A,G,unambiguous:A/G:TOP,A/G,
BARC_1.01_Gm04_5279327_C_T,ss715589064,Gm04,5344677,T,C,unambiguous:T/C:BOT-design,C/T,
BARC_1.01_Gm04_5488680_G_A,ss715589072,Gm04,5555278,A,G,unambiguous:A/G:TOP,G/A,
BARC_1.01_Gm04_5537978_G_A,ss715589078,Gm04,5604576,A,G,unambiguous:A/G:TOP,G/A,
BARC_1.01_Gm04_5592124_C_T,ss715589084,Gm04,5658722,T,C,unambiguous:T/C:BOT-design,C/T,
BARC_1.01_Gm04_5659880_A_C,ss715589090,Gm04,5726478,A,C,unambiguous:A/C:TOP,A/C,
BARC_1.01_Gm04_5750694_G_A,ss715589092,Gm04,5816885,A,G,unambiguous:A/G:TOP,G/A,
BARC_1.01_Gm04_5950275_G_A,ss715589102,Gm04,6016181,A,G,unambiguous:A/G:TOP,G/A,
BARC_1.01_Gm04_6013342_A_C,ss715589110,Gm04,6078937,A,C,unambiguous:A/C:TOP,A/C,
BARC_1.01_Gm04_6064896_G_A,ss715589118,Gm04,6130492,A,G,unambiguous:A/G:TOP,G/A,
BARC_1.01_Gm04_6145192_T_C,ss715589130,Gm04,6210788,T,C,unambiguous:T/C:BOT-design,T/C,
BARC_1.01_Gm04_6223324_T_C,ss715589135,Gm04,6297943,T,C,unambiguous:T/C:BOT-design,T/C,
BARC_1.01_Gm04_6341132_T_C,ss715589150,Gm04,6415784,T,C,unambiguous:T/C:BOT-design,T/C,
BARC_1.01_Gm04_6439521_T_G,ss715589154,Gm04,6514173,T,G,unambiguous:T/G:BOT-design,T/G,
BARC_1.01_Gm04_6488524_G_T,ss715589155,Gm04,6563769,T,G,unambiguous:T/G:BOT-design,G/T,
BARC_1.01_Gm04_6643461_A_G,ss715589167,Gm04,6718332,A,G,unambiguous:A/G:TOP,A/G,
BARC_1.01_Gm04_6723518_G_T,ss715589173,Gm04,6798393,T,G,unambiguous:T/G:BOT-design,G/T,
BARC_1.01_Gm04_6793324_G_A,ss715589181,Gm04,6869595,A,G,unambiguous:A/G:TOP,G/A,
BARC_1.01_Gm04_6843246_A_G,ss715589185,Gm04,6919534,A,G,unambiguous:A/G:TOP,A/G,
BARC_1.01_Gm04_6897543_G_A,ss715589191,Gm04,6973744,A,G,unambiguous:A/G:TOP,G/A,
BARC_1.01_Gm04_6949955_C_A,ss715589205,Gm04,7026156,A,C,unambiguous:A/C:TOP,C/A,
BARC_1.01_Gm04_7052221_A_G,ss715589227,Gm04,7128216,A,G,unambiguous:A/G:TOP,A/G,
BARC_1.01_Gm04_7115824_A_G,ss715589231,Gm04,7191821,A,G,unambiguous:A/G:TOP,A/G,
BARC_1.01_Gm04_7213250_T_C,ss715589249,Gm04,7289247,T,C,unambiguous:T/C:BOT-design,T/C,
BARC_1.01_Gm04_7278749_G_T,ss715589260,Gm04,7354746,T,G,unambiguous:T/G:BOT-design,G/T,
BARC_1.01_Gm04_7436164_T_C,ss715589270,Gm04,7509179,T,C,unambiguous:T/C:BOT-design,T/C,
BARC_1.01_Gm04_7533370_A_G,ss715589284,Gm04,7606329,A,G,unambiguous:A/G:TOP,A/G,
BARC_1.01_Gm04_7617935_C_T,ss715589297,Gm04,7690311,T,C,unambiguous:T/C:BOT-design,C/T,
BARC_1.01_Gm04_7672403_A_G,ss715589302,Gm04,7744741,A,G,unambiguous:A/G:TOP,A/G,
BARC_1.01_Gm04_7795928_A_G,ss715589319,Gm04,7868252,A,G,unambiguous:A/G:TOP,A/G,
BARC_1.01_Gm04_7957588_G_T,ss715589337,Gm04,8029471,T,G,unambiguous:T/G:BOT-design,G/T,
BARC_1.01_Gm04_8004029_C_A,ss715589344,Gm04,8075910,A,C,unambiguous:A/C:TOP,C/A,
BARC_1.01_Gm04_8065917_C_T,ss715589357,Gm04,8137949,T,C,unambiguous:T/C:BOT-design,C/T,
BARC_1.01_Gm04_8126739_A_G,ss715589363,Gm04,8198769,A,G,unambiguous:A/G:TOP,A/G,
BARC_1.01_Gm04_8224272_G_A,ss715589384,Gm04,8296302,A,G,unambiguous:A/G:TOP,G/A,
BARC_1.01_Gm04_8317828_G_A,ss715589411,Gm04,8389851,A,G,unambiguous:A/G:TOP,G/A,
BARC_1.01_Gm04_8362425_A_G,ss715589418,Gm04,8434453,A,G,unambiguous:A/G:TOP,A/G,
BARC_1.01_Gm04_8375095_T_C,ss715589420,Gm04,8447123,T,C,unambiguous:T/C:BOT-design,T/C,
BARC_1.01_Gm04_8457367_T_C,ss715589434,Gm04,8529395,T,C,unambiguous:T/C:BOT-design,T/C,
BARC_1.01_Gm04_8493767_T_C,ss715589444,Gm04,8565795,T,C,unambiguous:T/C:BOT-design,T/C,
BARC_1.01_Gm04_8701289_A_G,ss715589501,Gm04,8778253,A,G,unambiguous:A/G:TOP,A/G,
BARC_1.01_Gm04_8760004_T_G,ss715589518,Gm04,8836969,T,G,unambiguous:T/G:BOT-design,T/G,
BARC_1.01_Gm04_8845668_G_T,ss715589538,Gm04,8922321,T,G,unambiguous:T/G:BOT-design,G/T,
BARC_1.01_Gm04_8937855_A_G,ss715589560,Gm04,9014045,A,G,unambiguous:A/G:TOP,A/G,
BARC_1.01_Gm04_9002718_G_A,ss715589576,Gm04,9078599,A,G,unambiguous:A/G:TOP,G/A,
BARC_1.01_Gm04_9099671_A_G,ss715589599,Gm04,9175605,A,G,unambiguous:A/G:TOP,A/G,
BARC_1.01_Gm04_9174100_G_A,ss715589615,Gm04,9250066,A,G,unambiguous:A/G:TOP,G/A,
BARC_1.01_Gm04_9242542_C_T,ss715589629,Gm04,9318510,T,C,unambiguous:T/C:BOT-design,C/T,
BARC_1.01_Gm04_9334751_T_C,ss715589651,Gm04,9410719,T,C,unambiguous:T/C:BOT-design,T/C,
BARC_1.01_Gm04_9442969_T_C,ss715589670,Gm04,9510512,T,C,unambiguous:T/C:BOT-design,T/C,
BARC_1.01_Gm04_9464579_T_C,ss715589674,Gm04,9532122,T,C,unambiguous:T/C:BOT-design,T/C,
BARC_1.01_Gm04_9511650_A_G,ss715589686,Gm04,9580008,A,G,unambiguous:A/G:TOP,A/G,
BARC_1.01_Gm04_9553531_A_G,ss715589694,Gm04,9621570,A,G,unambiguous:A/G:TOP,A/G,
BARC_1.01_Gm04_9600878_C_A,ss715589702,Gm04,9674684,A,C,unambiguous:A/C:TOP,C/A,
BARC_1.01_Gm04_9713316_G_A,ss715589724,Gm04,9786663,A,G,unambiguous:A/G:TOP,G/A,
BARC_1.01_Gm04_9720640_G_A,ss715589728,Gm04,9793987,A,G,unambiguous:A/G:TOP,G/A,
BARC_1.01_Gm04_9789418_C_T,ss715589738,Gm04,9862765,T,C,unambiguous:T/C:BOT-design,C/T,
BARC_1.01_Gm04_9824083_A_G,ss715589739,Gm04,9897430,A,G,unambiguous:A/G:TOP,A/G,
BARC_1.01_Gm04_10117285_G_A,ss715587032,Gm04,10193474,A,G,unambiguous:A/G:TOP,G/A,
BARC_1.01_Gm04_10868076_G_A,ss715587052,Gm04,11049269,A,G,unambiguous:A/G:TOP,G/A,
BARC_1.01_Gm03_21003884_A_G,ss715584737,Gm03,11398053,A,G,unambiguous:A/G:TOP,A/G,
BARC_1.01_Gm03_20637413_G_T,ss715584721,Gm03,11757558,T,G,unambiguous:T/G:BOT-design,G/T,
BARC_1.01_Gm03_20334589_A_C,ss715584704,Gm03,12070849,A,C,unambiguous:A/C:TOP,A/C,
BARC_1.01_Gm04_11138059_A_G,ss715587062,Gm04,12208154,A,G,unambiguous:A/G:TOP,A/G,
BARC_1.01_Gm04_11433919_T_C,ss715587073,Gm04,12473858,T,C,unambiguous:T/C:BOT-design,T/C,
BARC_1.01_Gm04_11936288_G_T,ss715587086,Gm04,12962840,T,G,unambiguous:T/G:BOT-design,G/T,
BARC_1.01_Gm04_12216645_G_A,ss715587095,Gm04,13255534,A,G,unambiguous:A/G:TOP,G/A,
BARC_1.01_Gm04_12283176_T_C,ss715587097,Gm04,13322074,T,C,unambiguous:T/C:BOT-design,T/C,
BARC_1.01_Gm04_12410533_A_G,ss715587101,Gm04,13499694,A,G,unambiguous:A/G:TOP,A/G,
BARC_1.01_Gm04_13022455_C_T,ss715587114,Gm04,14033880,T,C,unambiguous:T/C:BOT-design,C/T,
BARC_1.01_Gm04_13284121_T_C,ss715587121,Gm04,14305426,T,C,unambiguous:T/C:BOT-design,T/C,
BARC_1.01_Gm04_13509340_T_C,ss715587127,Gm04,14530571,T,C,unambiguous:T/C:BOT-design,T/C,
BARC_1.01_Gm04_13968774_G_A,ss715587142,Gm04,14988014,A,G,unambiguous:A/G:TOP,G/A,
BARC_1.01_Gm04_14213918_C_T,ss715587148,Gm04,15233684,T,C,unambiguous:T/C:BOT-design,C/T,
BARC_1.01_Gm04_14549891_C_T,ss715587159,Gm04,15577538,T,C,unambiguous:T/C:BOT-design,C/T,
BARC_1.01_Gm04_14641479_A_C,ss715587164,Gm04,15669140,A,C,unambiguous:A/C:TOP,A/C,
BARC_1.01_Gm04_15048603_A_G,ss715587178,Gm04,16084577,A,G,unambiguous:A/G:TOP,A/G,
BARC_1.01_Gm04_15496025_T_G,ss715587189,Gm04,16536652,T,G,unambiguous:T/G:BOT-design,T/G,
BARC_1.01_Gm04_16244996_G_A,ss715587208,Gm04,17289574,A,G,unambiguous:A/G:TOP,G/A,
BARC_1.01_Gm04_16338974_A_G,ss715587211,Gm04,17387738,A,G,unambiguous:A/G:TOP,A/G,
BARC_1.01_Gm04_16476066_C_T,ss715587214,Gm04,17510742,T,C,unambiguous:T/C:BOT-design,C/T,
BARC_1.01_Gm04_16999532_T_C,ss715587230,Gm04,18023776,T,C,unambiguous:T/C:BOT-design,T/C,
BARC_1.01_Gm04_17773168_A_G,ss715587256,Gm04,18924038,A,G,unambiguous:A/G:TOP,A/G,
BARC_1.01_Gm04_18000454_A_C,ss715587266,Gm04,19151390,A,C,unambiguous:A/C:TOP,A/C,
BARC_1.01_Gm04_18924971_G_T,ss715587300,Gm04,20072862,T,G,unambiguous:T/G:BOT-design,G/T,
BARC_1.01_Gm04_19014193_G_T,ss715587303,Gm04,20169920,T,G,unambiguous:T/G:BOT-design,G/T,
BARC_1.01_Gm04_19107515_A_G,ss715587306,Gm04,20263553,A,G,unambiguous:A/G:TOP,A/G,
BARC_1.01_Gm04_32800373_C_T,ss715587706,Gm04,21676235,T,C,unambiguous:T/C:BOT-design,C/T,
BARC_1.01_Gm04_31436577_C_A,ss715587665,Gm04,23026281,A,C,unambiguous:A/C:TOP,C/A,
BARC_1.01_Gm04_30926129_G_A,ss715587650,Gm04,23566497,A,G,unambiguous:A/G:TOP,G/A,
BARC_1.01_Gm04_30457043_A_G,ss715587632,Gm04,24031396,A,G,unambiguous:A/G:TOP,A/G,
BARC_1.01_Gm12_18062812_A_G,ss715611694,Gm12,24971674,A,G,unambiguous:A/G:TOP,A/G,
BARC_1.01_Gm18_24826260_A_G,ss715630021,Gm18,25294058,A,G,unambiguous:A/G:TOP,A/G,
BARC_1.01_Gm18_25169738_G_A,ss715630030,Gm18,25618510,A,G,unambiguous:A/G:TOP,G/A,
BARC_1.01_Gm18_26396917_A_G,ss715630064,Gm18,26787764,A,G,unambiguous:A/G:TOP,A/G,
BARC_1.01_Gm18_27207283_T_C,ss715630090,Gm18,27597029,T,C,unambiguous:T/C:BOT-design,T/C,
BARC_1.01_Gm04_22217995_T_C,ss715587406,Gm04,28824623,T,C,unambiguous:T/C:BOT-design,T/C,
BARC_1.01_Gm04_20921247_T_C,ss715587362,Gm04,30123651,T,C,unambiguous:T/C:BOT-design,T/C,
BARC_1.01_Gm04_20796034_A_G,ss715587357,Gm04,30248413,A,G,unambiguous:A/G:TOP,A/G,
BARC_1.01_Gm04_20729591_G_A,ss715587354,Gm04,30314753,A,G,unambiguous:A/G:TOP,G/A,
BARC_1.01_Gm04_23251720_T_C,ss715587431,Gm04,31715861,T,C,unambiguous:T/C:BOT-design,T/C,
BARC_1.01_Gm04_24086337_A_G,ss715587456,Gm04,32591216,A,G,unambiguous:A/G:TOP,A/G,
BARC_1.01_Gm04_24276060_G_T,ss715587463,Gm04,32782075,T,G,unambiguous:T/G:BOT-design,G/T,
BARC_1.01_Gm04_25230364_T_C,ss715587487,Gm04,33719401,T,C,unambiguous:T/C:BOT-design,T/C,
BARC_1.01_Gm04_26520135_C_A,ss715587523,Gm04,35006185,A,C,unambiguous:A/C:TOP,C/A,
BARC_1.01_Gm04_27207244_A_G,ss715587541,Gm04,35677222,A,G,unambiguous:A/G:TOP,A/G,
BARC_1.01_Gm04_28018833_G_A,ss715587563,Gm04,36480919,A,G,unambiguous:A/G:TOP,G/A,
BARC_1.01_Gm04_28062086_G_A,ss715587565,Gm04,36524173,A,G,unambiguous:A/G:TOP,G/A,
BARC_1.01_Gm04_28121297_A_G,ss715587567,Gm04,36583386,A,G,unambiguous:A/G:TOP,A/G,
BARC_1.01_Gm04_35114568_A_C,ss715587782,Gm04,38238861,A,C,unambiguous:A/C:TOP,A/C,
BARC_1.01_Gm04_36357346_T_C,ss715587823,Gm04,39484148,T,C,unambiguous:T/C:BOT-design,T/C,
BARC_1.01_Gm04_36604337_A_G,ss715587834,Gm04,39731223,A,G,unambiguous:A/G:TOP,A/G,
BARC_1.01_Gm04_37126858_A_G,ss715587857,Gm04,40276263,A,G,unambiguous:A/G:TOP,A/G,
BARC_1.01_Gm04_37474521_G_T,ss715587868,Gm04,40624123,T,G,unambiguous:T/G:BOT-design,G/T,
BARC_1.01_Gm04_37799809_T_C,ss715587878,Gm04,40944495,T,C,unambiguous:T/C:BOT-design,T/C,
BARC_1.01_Gm04_38135736_T_G,ss715587892,Gm04,41298992,T,G,unambiguous:T/G:BOT-design,T/G,
BARC_1.01_Gm04_38306372_A_G,ss715587898,Gm04,41468715,A,G,unambiguous:A/G:TOP,A/G,
BARC_1.01_Gm04_38840391_A_G,ss715587914,Gm04,42002144,A,G,unambiguous:A/G:TOP,A/G,
BARC_1.01_Gm04_39087487_T_C,ss715587923,Gm04,42249241,T,C,unambiguous:T/C:BOT-design,T/C,
BARC_1.01_Gm04_39373584_G_A,ss715587931,Gm04,42521312,A,G,unambiguous:A/G:TOP,G/A,
BARC_1.01_Gm04_39753174_T_C,ss715587943,Gm04,42905456,T,C,unambiguous:T/C:BOT-design,T/C,
BARC_1.01_Gm04_40345917_C_T,ss715587968,Gm04,43501937,T,C,unambiguous:T/C:BOT-design,C/T,
BARC_1.01_Gm04_40398866_C_T,ss715587977,Gm04,43554888,T,C,unambiguous:T/C:BOT-design,C/T,
BARC_1.01_Gm04_40454337_A_G,ss715587984,Gm04,43610617,A,G,unambiguous:A/G:TOP,A/G,
BARC_1.01_Gm04_40545788_G_A,ss715587993,Gm04,43702009,A,G,unambiguous:A/G:TOP,G/A,
BARC_1.01_Gm04_40609232_T_C,ss715588004,Gm04,43770363,T,C,unambiguous:T/C:BOT-design,T/C,
BARC_1.01_Gm04_40668983_A_C,ss715588020,Gm04,43829449,A,C,unambiguous:A/C:TOP,A/C,
BARC_1.01_Gm04_40739540_G_A,ss715588029,Gm04,43899928,A,G,unambiguous:A/G:TOP,G/A,
BARC_1.01_Gm04_40811025_C_A,ss715588036,Gm04,43971465,A,C,unambiguous:A/C:TOP,C/A,
BARC_1.01_Gm04_40919718_T_C,ss715588045,Gm04,44079987,T,C,unambiguous:T/C:BOT-design,T/C,
BARC_1.01_Gm04_40995323_A_G,ss715588054,Gm04,44142247,A,G,unambiguous:A/G:TOP,A/G,
BARC_1.01_Gm04_41071612_A_G,ss715588062,Gm04,44218913,A,G,unambiguous:A/G:TOP,A/G,
BARC_1.01_Gm04_41249369_T_C,ss715588076,Gm04,44396642,T,C,unambiguous:T/C:BOT-design,T/C,
BARC_1.01_Gm04_41328216_A_G,ss715588083,Gm04,44475489,A,G,unambiguous:A/G:TOP,A/G,
BARC_1.01_Gm04_41537794_G_A,ss715588097,Gm04,44684894,A,G,unambiguous:A/G:TOP,G/A,
BARC_1.01_Gm04_41586276_G_A,ss715588109,Gm04,44733376,A,G,unambiguous:A/G:TOP,G/A,
BARC_1.01_Gm04_42153936_T_C,ss715588185,Gm04,45298627,T,C,unambiguous:T/C:BOT-design,T/C,
BARC_1.01_Gm04_42290567_T_C,ss715588214,Gm04,45435298,T,C,unambiguous:T/C:BOT-design,T/C,
BARC_1.01_Gm04_42459236_A_C,ss715588221,Gm04,45603972,A,C,unambiguous:A/C:TOP,A/C,
BARC_1.01_Gm04_42638631_T_C,ss715588233,Gm04,45783367,T,C,unambiguous:T/C:BOT-design,T/C,
BARC_1.01_Gm04_42754380_A_C,ss715588244,Gm04,45899232,A,C,unambiguous:A/C:TOP,A/C,
BARC_1.01_Gm04_42832910_C_T,ss715588255,Gm04,45977762,T,C,unambiguous:T/C:BOT-design,C/T,
BARC_1.01_Gm04_42951376_G_A,ss715588277,Gm04,46096228,A,G,unambiguous:A/G:TOP,G/A,
BARC_1.01_Gm04_43002324_T_G,ss715588289,Gm04,46147176,T,G,unambiguous:T/G:BOT-design,T/G,
BARC_1.01_Gm04_43058492_T_G,ss715588306,Gm04,46203344,T,G,unambiguous:T/G:BOT-design,T/G,
BARC_1.01_Gm04_43059665_A_C,ss715588307,Gm04,46204517,A,C,unambiguous:A/C:TOP,A/C,
BARC_1.01_Gm04_43157873_A_G,ss715588323,Gm04,46302690,A,G,unambiguous:A/G:TOP,A/G,
BARC_1.01_Gm04_43390997_A_C,ss715588347,Gm04,46536196,A,C,unambiguous:A/C:TOP,A/C,
BARC_1.01_Gm04_43505831_C_T,ss715588356,Gm04,46651030,T,C,unambiguous:T/C:BOT-design,C/T,
BARC_1.01_Gm04_43584140_C_T,ss715588363,Gm04,46729339,T,C,unambiguous:T/C:BOT-design,C/T,
BARC_1.01_Gm04_43645980_A_C,ss715588374,Gm04,46793849,A,C,unambiguous:A/C:TOP,A/C,
BARC_1.01_Gm04_43738337_A_C,ss715588386,Gm04,46886205,A,C,unambiguous:A/C:TOP,A/C,
BARC_1.01_Gm04_43800862_C_T,ss715588398,Gm04,46948720,T,C,unambiguous:T/C:BOT-design,C/T,
BARC_1.01_Gm04_43885291_A_G,ss715588410,Gm04,47033150,A,G,unambiguous:A/G:TOP,A/G,
BARC_1.01_Gm04_43966863_G_A,ss715588424,Gm04,47114807,A,G,unambiguous:A/G:TOP,G/A,
BARC_1.01_Gm04_44046112_T_C,ss715588439,Gm04,47194070,T,C,unambiguous:T/C:BOT-design,T/C,
BARC_1.01_Gm04_44114492_T_C,ss715588447,Gm04,47241037,T,C,unambiguous:T/C:BOT-design,T/C,
BARC_1.01_Gm04_44170480_C_A,ss715588460,Gm04,47296603,A,C,unambiguous:A/C:TOP,C/A,
BARC_1.01_Gm04_44220515_C_T,ss715588473,Gm04,47346638,T,C,unambiguous:T/C:BOT-design,C/T,
BARC_1.01_Gm04_44290827_T_C,ss715588488,Gm04,47416922,T,C,unambiguous:T/C:BOT-design,T/C,
BARC_1.01_Gm04_44337597_T_C,ss715588497,Gm04,47463857,T,C,unambiguous:T/C:BOT-design,T/C,
BARC_1.01_Gm04_44383936_C_T,ss715588503,Gm04,47510218,T,C,unambiguous:T/C:BOT-design,C/T,
BARC_1.01_Gm04_44518121_G_A,ss715588519,Gm04,47648073,A,G,unambiguous:A/G:TOP,G/A,
BARC_1.01_Gm04_44611649_T_C,ss715588524,Gm04,47740685,T,C,unambiguous:T/C:BOT-design,T/C,
BARC_1.01_Gm04_44671010_T_C,ss715588526,Gm04,47800044,T,C,unambiguous:T/C:BOT-design,T/C,
BARC_1.01_Gm04_44746590_T_C,ss715588531,Gm04,47875632,T,C,unambiguous:T/C:BOT-design,T/C,
BARC_1.01_Gm04_44873112_T_C,ss715588542,Gm04,48002103,T,C,unambiguous:T/C:BOT-design,T/C,
BARC_1.01_Gm04_44924553_A_G,ss715588548,Gm04,48053544,A,G,unambiguous:A/G:TOP,A/G,
BARC_1.01_Gm04_45004787_A_G,ss715588554,Gm04,48133794,A,G,unambiguous:A/G:TOP,A/G,
BARC_1.01_Gm04_45093386_G_A,ss715588571,Gm04,48222393,A,G,unambiguous:A/G:TOP,G/A,
BARC_1.01_Gm04_45146452_T_G,ss715588581,Gm04,48275459,T,G,unambiguous:T/G:BOT-design,T/G,
BARC_1.01_Gm04_45221708_C_T,ss715588597,Gm04,48350713,T,C,unambiguous:T/C:BOT-design,C/T,
BARC_1.01_Gm04_45313496_C_T,ss715588613,Gm04,48442502,T,C,unambiguous:T/C:BOT-design,C/T,
BARC_1.01_Gm04_45440686_T_C,ss715588633,Gm04,48569692,T,C,unambiguous:T/C:BOT-design,T/C,
BARC_1.01_Gm04_45514250_A_G,ss715588639,Gm04,48643257,A,G,unambiguous:A/G:TOP,A/G,
BARC_1.01_Gm04_45613405_T_C,ss715588649,Gm04,48742467,T,C,unambiguous:T/C:BOT-design,T/C,
BARC_1.01_Gm04_45773963_G_A,ss715588655,Gm04,48902672,A,G,unambiguous:A/G:TOP,G/A,
BARC_1.01_Gm04_45857325_T_C,ss715588661,Gm04,48986016,T,C,unambiguous:T/C:BOT-design,T/C,
BARC_1.01_Gm04_45999196_C_A,ss715588669,Gm04,49127886,A,C,unambiguous:A/C:TOP,C/A,
BARC_1.01_Gm04_46086046_G_A,ss715588681,Gm04,49214232,A,G,unambiguous:A/G:TOP,G/A,
BARC_1.01_Gm04_46215544_T_C,ss715588691,Gm04,49343742,T,C,unambiguous:T/C:BOT-design,T/C,
BARC_1.01_Gm04_46280438_G_A,ss715588694,Gm04,49408492,A,G,unambiguous:A/G:TOP,G/A,
BARC_1.01_Gm04_46333298_A_G,ss715588706,Gm04,49461352,A,G,unambiguous:A/G:TOP,A/G,
BARC_1.01_Gm04_46390533_T_C,ss715588716,Gm04,49518574,T,C,unambiguous:T/C:BOT-design,T/C,
BARC_1.01_Gm04_46428018_A_C,ss715588722,Gm04,49556059,A,C,unambiguous:A/C:TOP,A/C,
BARC_1.01_Gm04_46469835_C_A,ss715588727,Gm04,49597877,A,C,unambiguous:A/C:TOP,C/A,
BARC_1.01_Gm04_46517129_C_T,ss715588738,Gm04,49645171,T,C,unambiguous:T/C:BOT-design,C/T,
BARC_1.01_Gm04_46550218_A_G,ss715588741,Gm04,49678259,A,G,unambiguous:A/G:TOP,A/G,
BARC_1.01_Gm04_46700121_A_G,ss715588770,Gm04,49828162,A,G,unambiguous:A/G:TOP,A/G,
BARC_1.01_Gm04_46774083_G_A,ss715588782,Gm04,49902255,A,G,unambiguous:A/G:TOP,G/A,
BARC_1.01_Gm04_46835852_A_C,ss715588795,Gm04,49963417,A,C,unambiguous:A/C:TOP,A/C,
BARC_1.01_Gm04_46873023_T_G,ss715588806,Gm04,50000561,T,G,unambiguous:T/G:BOT-design,T/G,
BARC_1.01_Gm04_46932652_T_G,ss715588810,Gm04,50060206,T,G,unambiguous:T/G:BOT-design,T/G,
BARC_1.01_Gm04_46966383_G_A,ss715588818,Gm04,50093937,A,G,unambiguous:A/G:TOP,G/A,
BARC_1.01_Gm04_47092275_T_C,ss715588830,Gm04,50223267,T,C,unambiguous:T/C:BOT-design,T/C,
BARC_1.01_Gm04_47158138_T_C,ss715588839,Gm04,50289129,T,C,unambiguous:T/C:BOT-design,T/C,
BARC_1.01_Gm04_47313368_T_G,ss715588855,Gm04,50444359,T,G,unambiguous:T/G:BOT-design,T/G,
BARC_1.01_Gm04_47367432_A_G,ss715588867,Gm04,50498533,A,G,unambiguous:A/G:TOP,A/G,
BARC_1.01_Gm04_47414790_G_A,ss715588874,Gm04,50545890,A,G,unambiguous:A/G:TOP,G/A,
BARC_1.01_Gm04_47540792_T_C,ss715588885,Gm04,50672102,T,C,unambiguous:T/C:BOT-design,T/C,
BARC_1.01_Gm04_47642228_A_G,ss715588888,Gm04,50773537,A,G,unambiguous:A/G:TOP,A/G,
BARC_1.01_Gm04_47718975_A_C,ss715588903,Gm04,50850285,A,C,unambiguous:A/C:TOP,A/C,
BARC_1.01_Gm04_47815130_T_G,ss715588907,Gm04,50946442,T,G,unambiguous:T/G:BOT-design,T/G,
BARC_1.01_Gm04_47957714_A_C,ss715588914,Gm04,51089231,A,C,unambiguous:A/C:TOP,A/C,
BARC_1.01_Gm04_47981836_T_C,ss715588919,Gm04,51113353,T,C,unambiguous:T/C:BOT-design,T/C,
BARC_1.01_Gm04_48140577_G_A,ss715588940,Gm04,51272076,A,G,unambiguous:A/G:TOP,G/A,
BARC_1.01_Gm04_48198636_G_A,ss715588949,Gm04,51330095,A,G,unambiguous:A/G:TOP,G/A,
BARC_1.01_Gm04_48244118_G_A,ss715588954,Gm04,51375575,A,G,unambiguous:A/G:TOP,G/A,
BARC_1.01_Gm04_48329448_G_A,ss715588963,Gm04,51460922,A,G,unambiguous:A/G:TOP,G/A,
BARC_1.01_Gm04_48354680_T_C,ss715588966,Gm04,51486154,T,C,unambiguous:T/C:BOT-design,T/C,
BARC_1.01_Gm04_48414788_T_C,ss715588972,Gm04,51546265,T,C,unambiguous:T/C:BOT-design,T/C,
BARC_1.01_Gm04_48605014_T_G,ss715588985,Gm04,51736487,T,G,unambiguous:T/G:BOT-design,T/G,
BARC_1.01_Gm04_48670188_A_G,ss715588991,Gm04,51815917,A,G,unambiguous:A/G:TOP,A/G,
BARC_1.01_Gm04_48726831_C_T,ss715589000,Gm04,51872562,T,C,unambiguous:T/C:BOT-design,C/T,
BARC_1.01_Gm04_48812166_A_G,ss715589007,Gm04,51957955,A,G,unambiguous:A/G:TOP,A/G,
BARC_1.01_Gm04_48856621_C_T,ss715589016,Gm04,52002411,T,C,unambiguous:T/C:BOT-design,C/T,
BARC_1.01_Gm04_48922546_A_G,ss715589023,Gm04,52068303,A,G,unambiguous:A/G:TOP,A/G,
BARC_1.01_Gm04_48977363_C_T,ss715589027,Gm04,52122999,T,C,unambiguous:T/C:BOT-design,C/T,
BARC_1.01_Gm04_49060197_T_G,ss715589030,Gm04,52205833,T,G,unambiguous:T/G:BOT-design,T/G,
BARC_1.01_Gm05_9097414_G_A,ss715592632,Gm05,21750,A,G,unambiguous:A/G:TOP,G/A,
BARC_1.01_Gm05_9012813_A_G,ss715592623,Gm05,105085,A,G,unambiguous:A/G:TOP,A/G,
BARC_1.01_Gm05_8956994_C_T,ss715592615,Gm05,160904,T,C,unambiguous:T/C:BOT-design,C/T,
BARC_1.01_Gm05_8916450_C_T,ss715592610,Gm05,201448,T,C,unambiguous:T/C:BOT-design,C/T,
BARC_1.01_Gm05_8810126_G_T,ss715592592,Gm05,308102,T,G,unambiguous:T/G:BOT-design,G/T,
BARC_1.01_Gm05_8736763_G_A,ss715592580,Gm05,384215,A,G,unambiguous:A/G:TOP,G/A,
BARC_1.01_Gm05_8695812_A_G,ss715592572,Gm05,425159,A,G,unambiguous:A/G:TOP,A/G,
BARC_1.01_Gm05_8656389_T_C,ss715592561,Gm05,464582,T,C,unambiguous:T/C:BOT-design,T/C,
BARC_1.01_Gm05_8597246_C_T,ss715592546,Gm05,523725,T,C,unambiguous:T/C:BOT-design,C/T,
BARC_1.01_Gm05_8562208_A_G,ss715592544,Gm05,558763,A,G,unambiguous:A/G:TOP,A/G,
BARC_1.01_Gm05_8525159_C_T,ss715592539,Gm05,595812,T,C,unambiguous:T/C:BOT-design,C/T,
BARC_1.01_Gm05_8492435_A_G,ss715592533,Gm05,628524,A,G,unambiguous:A/G:TOP,A/G,
BARC_1.01_Gm05_8295170_T_C,ss715592519,Gm05,825785,T,C,unambiguous:T/C:BOT-design,T/C,
BARC_1.01_Gm05_8235882_T_G,ss715592516,Gm05,884960,T,G,unambiguous:T/G:BOT-design,T/G,
BARC_1.01_Gm05_8170257_C_T,ss715592510,Gm05,954235,T,C,unambiguous:T/C:BOT-design,C/T,
BARC_1.01_Gm05_8140171_A_G,ss715592507,Gm05,984321,A,G,unambiguous:A/G:TOP,A/G,
BARC_1.01_Gm05_8074146_A_G,ss715592502,Gm05,1050346,A,G,unambiguous:A/G:TOP,A/G,
BARC_1.01_Gm05_8031928_A_C,ss715592500,Gm05,1092569,A,C,unambiguous:A/C:TOP,A/C,
BARC_1.01_Gm05_7996907_G_T,ss715592498,Gm05,1127602,T,G,unambiguous:T/G:BOT-design,G/T,
BARC_1.01_Gm05_7842055_T_C,ss715592490,Gm05,1282592,T,C,unambiguous:T/C:BOT-design,T/C,
BARC_1.01_Gm05_7799197_G_T,ss715592488,Gm05,1325450,T,G,unambiguous:T/G:BOT-design,G/T,
BARC_1.01_Gm05_7766091_G_A,ss715592486,Gm05,1358556,A,G,unambiguous:A/G:TOP,G/A,
BARC_1.01_Gm05_7714399_A_C,ss715592481,Gm05,1410248,A,C,unambiguous:A/C:TOP,A/C,
BARC_1.01_Gm05_7681969_G_A,ss715592480,Gm05,1442678,A,G,unambiguous:A/G:TOP,G/A,
BARC_1.01_Gm05_7628516_C_A,ss715592475,Gm05,1496131,A,C,unambiguous:A/C:TOP,C/A,
BARC_1.01_Gm05_7588610_C_T,ss715592472,Gm05,1536037,T,C,unambiguous:T/C:BOT-design,C/T,
BARC_1.01_Gm05_7542380_A_C,ss715592461,Gm05,1582267,A,C,unambiguous:A/C:TOP,A/C,
BARC_1.01_Gm05_7499958_G_T,ss715592460,Gm05,1624690,T,G,unambiguous:T/G:BOT-design,G/T,
BARC_1.01_Gm05_285672_T_C,ss715590397,Gm05,1960856,T,C,unambiguous:T/C:BOT-design,T/C,
BARC_1.01_Gm05_394764_T_C,ss715591802,Gm05,2069948,T,C,unambiguous:T/C:BOT-design,T/C,
BARC_1.01_Gm05_429856_A_G,ss715592268,Gm05,2105040,A,G,unambiguous:A/G:TOP,A/G,
BARC_1.01_Gm05_492138_C_T,ss715592317,Gm05,2167334,T,C,unambiguous:T/C:BOT-design,C/T,
BARC_1.01_Gm05_538322_G_T,ss715592346,Gm05,2213518,T,G,unambiguous:T/G:BOT-design,G/T,
BARC_1.01_Gm05_616935_C_A,ss715592396,Gm05,2292131,A,C,unambiguous:A/C:TOP,C/A,
BARC_1.01_Gm05_649267_A_G,ss715592417,Gm05,2324474,A,G,unambiguous:A/G:TOP,A/G,
BARC_1.01_Gm05_682648_A_G,ss715592433,Gm05,2357871,A,G,unambiguous:A/G:TOP,A/G,
BARC_1.01_Gm05_765761_G_T,ss715592477,Gm05,2440984,T,G,unambiguous:T/G:BOT-design,G/T,
BARC_1.01_Gm05_830583_G_A,ss715592520,Gm05,2506014,A,G,unambiguous:A/G:TOP,G/A,
BARC_1.01_Gm05_888436_A_G,ss715592604,Gm05,2563867,A,G,unambiguous:A/G:TOP,A/G,
BARC_1.01_Gm05_937362_A_G,ss715592643,Gm05,2612793,A,G,unambiguous:A/G:TOP,A/G,
BARC_1.01_Gm05_997108_A_G,ss715592667,Gm05,2672539,A,G,unambiguous:A/G:TOP,A/G,
BARC_1.01_Gm05_1043092_G_T,ss715589764,Gm05,2718523,T,G,unambiguous:T/G:BOT-design,G/T,
BARC_1.01_Gm05_1062563_A_G,ss715589770,Gm05,2737995,A,G,unambiguous:A/G:TOP,A/G,
BARC_1.01_Gm05_1106905_A_G,ss715589803,Gm05,2782337,A,G,unambiguous:A/G:TOP,A/G,
BARC_1.01_Gm05_1175804_G_A,ss715589832,Gm05,2851236,A,G,unambiguous:A/G:TOP,G/A,
BARC_1.01_Gm05_1209782_A_G,ss715589840,Gm05,2885214,A,G,unambiguous:A/G:TOP,A/G,
BARC_1.01_Gm05_1236013_A_C,ss715589850,Gm05,2911445,A,C,unambiguous:A/C:TOP,A/C,
BARC_1.01_Gm05_1324331_C_T,ss715589889,Gm05,3041109,T,C,unambiguous:T/C:BOT-design,C/T,
BARC_1.01_Gm05_1490457_C_T,ss715589965,Gm05,3207293,T,C,unambiguous:T/C:BOT-design,C/T,
BARC_1.01_Gm05_1500111_G_A,ss715589967,Gm05,3216947,A,G,unambiguous:A/G:TOP,G/A,
BARC_1.01_Gm05_1547102_C_T,ss715589992,Gm05,3263938,T,C,unambiguous:T/C:BOT-design,C/T,
BARC_1.01_Gm05_1602402_C_T,ss715590016,Gm05,3319234,T,C,unambiguous:T/C:BOT-design,C/T,
BARC_1.01_Gm05_1663667_G_A,ss715590035,Gm05,3386726,A,G,unambiguous:A/G:TOP,G/A,
BARC_1.01_Gm05_1705841_A_G,ss715590043,Gm05,3428900,A,G,unambiguous:A/G:TOP,A/G,
BARC_1.01_Gm05_1744708_G_A,ss715590056,Gm05,3467767,A,G,unambiguous:A/G:TOP,G/A,
BARC_1.01_Gm05_1802095_T_C,ss715590074,Gm05,3525154,T,C,unambiguous:T/C:BOT-design,T/C,
BARC_1.01_Gm05_1979844_C_A,ss715590116,Gm05,3702823,A,C,unambiguous:A/C:TOP,C/A,
BARC_1.01_Gm05_2008838_G_T,ss715590124,Gm05,3731817,T,G,unambiguous:T/G:BOT-design,G/T,
BARC_1.01_Gm05_2032662_C_T,ss715590131,Gm05,3755641,T,C,unambiguous:T/C:BOT-design,C/T,
BARC_1.01_Gm05_2109639_G_T,ss715590151,Gm05,3832616,T,G,unambiguous:T/G:BOT-design,G/T,
BARC_1.01_Gm05_2149226_G_A,ss715590162,Gm05,3872203,A,G,unambiguous:A/G:TOP,G/A,
BARC_1.01_Gm05_2183459_A_G,ss715590171,Gm05,3906282,A,G,unambiguous:A/G:TOP,A/G,
BARC_1.01_Gm05_2216235_A_G,ss715590180,Gm05,3939058,A,G,unambiguous:A/G:TOP,A/G,
BARC_1.01_Gm05_2352061_C_T,ss715590198,Gm05,4074944,T,C,unambiguous:T/C:BOT-design,C/T,
BARC_1.01_Gm05_2415950_G_A,ss715590216,Gm05,4137562,A,G,unambiguous:A/G:TOP,G/A,
BARC_1.01_Gm05_2506820_T_G,ss715590239,Gm05,4227990,T,G,unambiguous:T/G:BOT-design,T/G,
BARC_1.01_Gm05_2548644_C_T,ss715590248,Gm05,4269814,T,C,unambiguous:T/C:BOT-design,C/T,
BARC_1.01_Gm05_2647363_C_T,ss715590284,Gm05,4368128,T,C,unambiguous:T/C:BOT-design,C/T,
BARC_1.01_Gm05_2674662_T_G,ss715590297,Gm05,4395428,T,G,unambiguous:T/G:BOT-design,T/G,
BARC_1.01_Gm05_2708074_T_C,ss715590313,Gm05,4423839,T,C,unambiguous:T/C:BOT-design,T/C,
BARC_1.01_Gm05_2738064_T_C,ss715590328,Gm05,4453422,T,C,unambiguous:T/C:BOT-design,T/C,
BARC_1.01_Gm05_2765849_G_T,ss715590342,Gm05,4481197,T,G,unambiguous:T/G:BOT-design,G/T,
BARC_1.01_Gm05_2889929_A_G,ss715590421,Gm05,4605275,A,G,unambiguous:A/G:TOP,A/G,
BARC_1.01_Gm05_2967386_A_G,ss715590457,Gm05,4682233,A,G,unambiguous:A/G:TOP,A/G,
BARC_1.01_Gm05_3067539_C_T,ss715590551,Gm05,4782386,T,C,unambiguous:T/C:BOT-design,C/T,
BARC_1.01_Gm05_3131772_G_A,ss715590649,Gm05,4848235,A,G,unambiguous:A/G:TOP,G/A,
BARC_1.01_Gm05_3284858_A_G,ss715590818,Gm05,5001282,A,G,unambiguous:A/G:TOP,A/G,
BARC_1.01_Gm05_3475990_T_C,ss715591091,Gm05,5192354,T,C,unambiguous:T/C:BOT-design,T/C,
BARC_1.01_Gm05_3505412_G_A,ss715591143,Gm05,5221711,A,G,unambiguous:A/G:TOP,G/A,
BARC_1.01_Gm05_3569588_T_C,ss715591235,Gm05,5285887,T,C,unambiguous:T/C:BOT-design,T/C,
BARC_1.01_Gm05_3664732_A_G,ss715591367,Gm05,5381035,A,G,unambiguous:A/G:TOP,A/G,
BARC_1.01_Gm05_3764264_C_T,ss715591532,Gm05,5480565,T,C,unambiguous:T/C:BOT-design,C/T,
BARC_1.01_Gm05_3859212_C_T,ss715591650,Gm05,5575791,T,C,unambiguous:T/C:BOT-design,C/T,
BARC_1.01_Gm05_3905135_T_C,ss715591712,Gm05,5621714,T,C,unambiguous:T/C:BOT-design,T/C,
BARC_1.01_Gm05_4037530_A_G,ss715591938,Gm05,5753185,A,G,unambiguous:A/G:TOP,A/G,
BARC_1.01_Gm05_4079565_C_T,ss715592020,Gm05,5794460,T,C,unambiguous:T/C:BOT-design,C/T,
BARC_1.01_Gm05_4433329_G_A,ss715592282,Gm05,6149022,A,G,unambiguous:A/G:TOP,G/A,
BARC_1.01_Gm05_7107494_T_C,ss715592451,Gm05,8820984,T,C,unambiguous:T/C:BOT-design,T/C,
BARC_1.01_Gm05_16220329_T_C,ss715590024,Gm05,9698664,T,C,unambiguous:T/C:BOT-design,T/C,
BARC_1.01_Gm05_10273133_T_C,ss715589752,Gm05,11767409,T,C,unambiguous:T/C:BOT-design,T/C,
BARC_1.01_Gm05_18223480_T_C,ss715590081,Gm05,15038963,T,C,unambiguous:T/C:BOT-design,T/C,
BARC_1.01_Gm05_17884707_T_C,ss715590068,Gm05,15383763,T,C,unambiguous:T/C:BOT-design,T/C,
BARC_1.01_Gm05_12920089_A_C,ss715589872,Gm05,18203260,A,C,unambiguous:A/C:TOP,A/C,
BARC_1.01_Gm05_11165309_C_T,ss715589809,Gm05,19982333,T,C,unambiguous:T/C:BOT-design,C/T,
BARC_1.01_Gm05_21633090_T_C,ss715590166,Gm05,22024638,T,C,unambiguous:T/C:BOT-design,T/C,
BARC_1.01_Gm05_23799613_A_G,ss715590209,Gm05,24193817,A,G,unambiguous:A/G:TOP,A/G,
BARC_1.01_Gm05_23934937_A_G,ss715590212,Gm05,24314289,A,G,unambiguous:A/G:TOP,A/G,
BARC_1.01_Gm05_25068189_A_G,ss715590238,Gm05,25462356,A,G,unambiguous:A/G:TOP,A/G,
BARC_1.01_Gm05_26685967_G_A,ss715590291,Gm05,27082044,A,G,unambiguous:A/G:TOP,G/A,
BARC_1.01_Gm05_26716419_G_T,ss715590294,Gm05,27112496,T,G,unambiguous:T/G:BOT-design,G/T,
BARC_1.01_Gm05_26728271_G_A,ss715590296,Gm05,27124210,A,G,unambiguous:A/G:TOP,G/A,
BARC_1.01_Gm05_26773791_T_C,ss715590299,Gm05,27169812,T,C,unambiguous:T/C:BOT-design,T/C,
BARC_1.01_Gm05_27214654_G_A,ss715590317,Gm05,27611613,A,G,unambiguous:A/G:TOP,G/A,
BARC_1.01_Gm05_27226936_A_G,ss715590319,Gm05,27623917,A,G,unambiguous:A/G:TOP,A/G,
BARC_1.01_Gm05_27342672_T_G,ss715590325,Gm05,27739653,T,G,unambiguous:T/G:BOT-design,T/G,
BARC_1.01_Gm05_27365188_A_G,ss715590327,Gm05,27762168,A,G,unambiguous:A/G:TOP,A/G,
BARC_1.01_Gm05_27384800_C_T,ss715590329,Gm05,27781780,T,C,unambiguous:T/C:BOT-design,C/T,
BARC_1.01_Gm05_27460724_A_G,ss715590333,Gm05,27856064,A,G,unambiguous:A/G:TOP,A/G,
BARC_1.01_Gm05_28259595_A_G,ss715590379,Gm05,28655905,A,G,unambiguous:A/G:TOP,A/G,
BARC_1.01_Gm05_28310838_T_C,ss715590384,Gm05,28707428,T,C,unambiguous:T/C:BOT-design,T/C,
BARC_1.01_Gm05_28734075_T_C,ss715590408,Gm05,29122174,T,C,unambiguous:T/C:BOT-design,T/C,
BARC_1.01_Gm05_28856521_T_C,ss715590416,Gm05,29244629,T,C,unambiguous:T/C:BOT-design,T/C,
BARC_1.01_Gm05_28880254_G_A,ss715590418,Gm05,29268362,A,G,unambiguous:A/G:TOP,G/A,
BARC_1.01_Gm05_29020658_G_A,ss715590427,Gm05,29409041,A,G,unambiguous:A/G:TOP,G/A,
BARC_1.01_Gm05_29461536_A_G,ss715590443,Gm05,29824759,A,G,unambiguous:A/G:TOP,A/G,
BARC_1.01_Gm05_29489577_A_G,ss715590444,Gm05,29852798,A,G,unambiguous:A/G:TOP,A/G,
BARC_1.01_Gm05_29642681_A_C,ss715590455,Gm05,30005876,A,C,unambiguous:A/C:TOP,A/C,
BARC_1.01_Gm05_29660089_C_T,ss715590456,Gm05,30023284,T,C,unambiguous:T/C:BOT-design,C/T,
BARC_1.01_Gm05_29970914_A_G,ss715590470,Gm05,30334765,A,G,unambiguous:A/G:TOP,A/G,
BARC_1.01_Gm05_30013264_G_A,ss715590472,Gm05,30377957,A,G,unambiguous:A/G:TOP,G/A,
BARC_1.01_Gm05_30172432_C_T,ss715590481,Gm05,30537465,T,C,unambiguous:T/C:BOT-design,C/T,
BARC_1.01_Gm05_30702753_T_C,ss715590552,Gm05,31068959,T,C,unambiguous:T/C:BOT-design,T/C,
BARC_1.01_Gm05_30753835_T_C,ss715590557,Gm05,31119733,T,C,unambiguous:T/C:BOT-design,T/C,
BARC_1.01_Gm05_30931540_G_A,ss715590575,Gm05,31198107,A,G,unambiguous:A/G:TOP,G/A,
BARC_1.01_Gm05_30966423_G_T,ss715590584,Gm05,31233444,T,G,unambiguous:T/G:BOT-design,G/T,
BARC_1.01_Gm05_30976228_G_A,ss715590586,Gm05,31243247,A,G,unambiguous:A/G:TOP,G/A,
BARC_1.01_Gm05_31048974_G_A,ss715590599,Gm05,31315538,A,G,unambiguous:A/G:TOP,G/A,
BARC_1.01_Gm05_31100462_G_A,ss715590607,Gm05,31367025,A,G,unambiguous:A/G:TOP,G/A,
BARC_1.01_Gm05_31160955_A_G,ss715590624,Gm05,31427594,A,G,unambiguous:A/G:TOP,A/G,
BARC_1.01_Gm05_31274857_A_G,ss715590634,Gm05,31541462,A,G,unambiguous:A/G:TOP,A/G,
BARC_1.01_Gm05_31317887_C_T,ss715590650,Gm05,31584490,T,C,unambiguous:T/C:BOT-design,C/T,
BARC_1.01_Gm05_31334797_C_T,ss715590654,Gm05,31601400,T,C,unambiguous:T/C:BOT-design,C/T,
BARC_1.01_Gm05_31399568_T_G,ss715590673,Gm05,31666172,T,G,unambiguous:T/G:BOT-design,T/G,
BARC_1.01_Gm05_31454134_T_C,ss715590681,Gm05,31720739,T,C,unambiguous:T/C:BOT-design,T/C,
BARC_1.01_Gm05_31488398_G_A,ss715590692,Gm05,31756622,A,G,unambiguous:A/G:TOP,G/A,
BARC_1.01_Gm05_31553830_C_A,ss715590704,Gm05,31822052,A,C,unambiguous:A/C:TOP,C/A,
BARC_1.01_Gm05_31605772_A_G,ss715590709,Gm05,31873991,A,G,unambiguous:A/G:TOP,A/G,
BARC_1.01_Gm05_31662958_A_C,ss715590713,Gm05,31932170,A,C,unambiguous:A/C:TOP,A/C,
BARC_1.01_Gm05_31767626_A_G,ss715590734,Gm05,32036641,A,G,unambiguous:A/G:TOP,A/G,
BARC_1.01_Gm05_31827868_T_G,ss715590739,Gm05,32095735,T,G,unambiguous:T/G:BOT-design,T/G,
BARC_1.01_Gm05_31856071_A_G,ss715590740,Gm05,32123938,A,G,unambiguous:A/G:TOP,A/G,
BARC_1.01_Gm05_32043439_T_G,ss715590750,Gm05,32310826,T,G,unambiguous:T/G:BOT-design,T/G,
BARC_1.01_Gm05_32097530_A_C,ss715590753,Gm05,32364847,A,C,unambiguous:A/C:TOP,A/C,
BARC_1.01_Gm05_32130134_T_C,ss715590759,Gm05,32397451,T,C,unambiguous:T/C:BOT-design,T/C,
BARC_1.01_Gm05_32327497_T_C,ss715590768,Gm05,32594828,T,C,unambiguous:T/C:BOT-design,T/C,
BARC_1.01_Gm05_32361439_C_A,ss715590773,Gm05,32628753,A,C,unambiguous:A/C:TOP,C/A,
BARC_1.01_Gm05_32565157_T_C,ss715590787,Gm05,32832462,T,C,unambiguous:T/C:BOT-design,T/C,
BARC_1.01_Gm05_32654943_T_C,ss715590802,Gm05,32922250,T,C,unambiguous:T/C:BOT-design,T/C,
BARC_1.01_Gm05_32734184_G_A,ss715590809,Gm05,33001491,A,G,unambiguous:A/G:TOP,G/A,
BARC_1.01_Gm05_32908802_T_C,ss715590823,Gm05,33176511,T,C,unambiguous:T/C:BOT-design,T/C,
BARC_1.01_Gm05_32980603_A_G,ss715590841,Gm05,33248314,A,G,unambiguous:A/G:TOP,A/G,
BARC_1.01_Gm05_33050904_A_G,ss715590850,Gm05,33318788,A,G,unambiguous:A/G:TOP,A/G,
BARC_1.01_Gm05_33075880_T_C,ss715590855,Gm05,33343764,T,C,unambiguous:T/C:BOT-design,T/C,
BARC_1.01_Gm05_33130272_A_G,ss715590862,Gm05,33398163,A,G,unambiguous:A/G:TOP,A/G,
BARC_1.01_Gm05_33176582_G_A,ss715590864,Gm05,33444202,A,G,unambiguous:A/G:TOP,G/A,
BARC_1.01_Gm05_33268964_T_G,ss715590874,Gm05,33536375,T,G,unambiguous:T/G:BOT-design,T/G,
BARC_1.01_Gm05_33290398_G_A,ss715590877,Gm05,33557809,A,G,unambiguous:A/G:TOP,G/A,
BARC_1.01_Gm05_33472263_A_C,ss715590896,Gm05,33739867,A,C,unambiguous:A/C:TOP,A/C,
BARC_1.01_Gm05_33501321_C_T,ss715590899,Gm05,33769022,T,C,unambiguous:T/C:BOT-design,C/T,
BARC_1.01_Gm05_33576968_A_G,ss715590912,Gm05,33844667,A,G,unambiguous:A/G:TOP,A/G,
BARC_1.01_Gm05_33618722_T_C,ss715590919,Gm05,33887621,T,C,unambiguous:T/C:BOT-design,T/C,
BARC_1.01_Gm05_33651401_T_C,ss715590924,Gm05,33920300,T,C,unambiguous:T/C:BOT-design,T/C,
BARC_1.01_Gm05_33737561_T_C,ss715590942,Gm05,34006356,T,C,unambiguous:T/C:BOT-design,T/C,
BARC_1.01_Gm05_33785297_T_C,ss715590953,Gm05,34054092,T,C,unambiguous:T/C:BOT-design,T/C,
BARC_1.01_Gm05_33843473_C_T,ss715590971,Gm05,34112269,T,C,unambiguous:T/C:BOT-design,C/T,
BARC_1.01_Gm05_33929183_C_T,ss715590982,Gm05,34199787,T,C,unambiguous:T/C:BOT-design,C/T,
BARC_1.01_Gm05_34002033_A_G,ss715590986,Gm05,34272637,A,G,unambiguous:A/G:TOP,A/G,
BARC_1.01_Gm05_34034547_T_C,ss715590990,Gm05,34305148,T,C,unambiguous:T/C:BOT-design,T/C,
BARC_1.01_Gm05_34081675_A_G,ss715591000,Gm05,34352276,A,G,unambiguous:A/G:TOP,A/G,
BARC_1.01_Gm05_34115366_T_C,ss715591006,Gm05,34386052,T,C,unambiguous:T/C:BOT-design,T/C,
BARC_1.01_Gm05_34190449_C_T,ss715591016,Gm05,34461135,T,C,unambiguous:T/C:BOT-design,C/T,
BARC_1.01_Gm05_34234207_G_A,ss715591023,Gm05,34504893,A,G,unambiguous:A/G:TOP,G/A,
BARC_1.01_Gm05_34294649_G_T,ss715591029,Gm05,34565334,T,G,unambiguous:T/G:BOT-design,G/T,
BARC_1.01_Gm05_34333493_G_T,ss715591034,Gm05,34604182,T,G,unambiguous:T/G:BOT-design,G/T,
BARC_1.01_Gm05_34406874_G_A,ss715591037,Gm05,34677563,A,G,unambiguous:A/G:TOP,G/A,
BARC_1.01_Gm05_34439737_T_C,ss715591049,Gm05,34710426,T,C,unambiguous:T/C:BOT-design,T/C,
BARC_1.01_Gm05_34536503_T_C,ss715591061,Gm05,34807194,T,C,unambiguous:T/C:BOT-design,T/C,
BARC_1.01_Gm05_34570503_C_A,ss715591065,Gm05,34841194,A,C,unambiguous:A/C:TOP,C/A,
BARC_1.01_Gm05_34620992_C_A,ss715591072,Gm05,34891673,A,C,unambiguous:A/C:TOP,C/A,
BARC_1.01_Gm05_34692879_G_T,ss715591081,Gm05,34963636,T,G,unambiguous:T/G:BOT-design,G/T,
BARC_1.01_Gm05_34734860_T_C,ss715591087,Gm05,35005617,T,C,unambiguous:T/C:BOT-design,T/C,
BARC_1.01_Gm05_34765648_A_G,ss715591092,Gm05,35036404,A,G,unambiguous:A/G:TOP,A/G,
BARC_1.01_Gm05_34801979_T_G,ss715591101,Gm05,35072735,T,G,unambiguous:T/G:BOT-design,T/G,
BARC_1.01_Gm05_34830575_G_A,ss715591106,Gm05,35101291,A,G,unambiguous:A/G:TOP,G/A,
BARC_1.01_Gm05_34887900_A_G,ss715591118,Gm05,35158609,A,G,unambiguous:A/G:TOP,A/G,
BARC_1.01_Gm05_34939267_A_G,ss715591126,Gm05,35209993,A,G,unambiguous:A/G:TOP,A/G,
BARC_1.01_Gm05_34976496_A_G,ss715591134,Gm05,35247222,A,G,unambiguous:A/G:TOP,A/G,
BARC_1.01_Gm05_35039076_C_T,ss715591141,Gm05,35309800,T,C,unambiguous:T/C:BOT-design,C/T,
BARC_1.01_Gm05_35103944_A_G,ss715591152,Gm05,35374668,A,G,unambiguous:A/G:TOP,A/G,
BARC_1.01_Gm05_35152904_T_C,ss715591154,Gm05,35423627,T,C,unambiguous:T/C:BOT-design,T/C,
BARC_1.01_Gm05_35196492_G_T,ss715591159,Gm05,35467214,T,G,unambiguous:T/G:BOT-design,G/T,
BARC_1.01_Gm05_35237092_T_G,ss715591163,Gm05,35507814,T,G,unambiguous:T/G:BOT-design,T/G,
BARC_1.01_Gm05_35262325_T_G,ss715591168,Gm05,35533047,T,G,unambiguous:T/G:BOT-design,T/G,
BARC_1.01_Gm05_35326427_C_T,ss715591176,Gm05,35597149,T,C,unambiguous:T/C:BOT-design,C/T,
BARC_1.01_Gm05_35368098_A_C,ss715591185,Gm05,35638821,A,C,unambiguous:A/C:TOP,A/C,
BARC_1.01_Gm05_35416641_C_T,ss715591193,Gm05,35687363,T,C,unambiguous:T/C:BOT-design,C/T,
BARC_1.01_Gm05_35450915_T_C,ss715591194,Gm05,35722019,T,C,unambiguous:T/C:BOT-design,T/C,
BARC_1.01_Gm05_35501960_G_T,ss715591198,Gm05,35773064,T,G,unambiguous:T/G:BOT-design,G/T,
BARC_1.01_Gm05_35518408_T_C,ss715591200,Gm05,35789512,T,C,unambiguous:T/C:BOT-design,T/C,
BARC_1.01_Gm05_35650389_C_T,ss715591228,Gm05,35921493,T,C,unambiguous:T/C:BOT-design,C/T,
BARC_1.01_Gm05_35690382_A_G,ss715591234,Gm05,35961486,A,G,unambiguous:A/G:TOP,A/G,
BARC_1.01_Gm05_35724027_A_G,ss715591239,Gm05,35995131,A,G,unambiguous:A/G:TOP,A/G,
BARC_1.01_Gm05_35754878_C_A,ss715591244,Gm05,36025982,A,C,unambiguous:A/C:TOP,C/A,
BARC_1.01_Gm05_35788006_T_C,ss715591248,Gm05,36046937,T,C,unambiguous:T/C:BOT-design,T/C,
BARC_1.01_Gm05_35860939_C_T,ss715591270,Gm05,36119852,T,C,unambiguous:T/C:BOT-design,C/T,
BARC_1.01_Gm05_35992617_T_C,ss715591285,Gm05,36275578,T,C,unambiguous:T/C:BOT-design,T/C,
BARC_1.01_Gm05_36028909_A_G,ss715591290,Gm05,36311870,A,G,unambiguous:A/G:TOP,A/G,
BARC_1.01_Gm05_36055684_C_T,ss715591292,Gm05,36338646,T,C,unambiguous:T/C:BOT-design,C/T,
BARC_1.01_Gm05_36115730_C_T,ss715591305,Gm05,36398530,T,C,unambiguous:T/C:BOT-design,C/T,
BARC_1.01_Gm05_36190383_A_C,ss715591312,Gm05,36473160,A,C,unambiguous:A/C:TOP,A/C,
BARC_1.01_Gm05_36196250_T_G,ss715591313,Gm05,36479027,T,G,unambiguous:T/G:BOT-design,T/G,
BARC_1.01_Gm05_36266459_A_G,ss715591317,Gm05,36549236,A,G,unambiguous:A/G:TOP,A/G,
BARC_1.01_Gm05_36393767_C_T,ss715591330,Gm05,36676544,T,C,unambiguous:T/C:BOT-design,C/T,
BARC_1.01_Gm05_36429393_C_T,ss715591335,Gm05,36712170,T,C,unambiguous:T/C:BOT-design,C/T,
BARC_1.01_Gm05_36465301_T_C,ss715591342,Gm05,36748078,T,C,unambiguous:T/C:BOT-design,T/C,
BARC_1.01_Gm05_36558442_C_T,ss715591356,Gm05,36841215,T,C,unambiguous:T/C:BOT-design,C/T,
BARC_1.01_Gm05_36626022_A_G,ss715591364,Gm05,36917839,A,G,unambiguous:A/G:TOP,A/G,
BARC_1.01_Gm05_36671535_C_T,ss715591370,Gm05,36962030,T,C,unambiguous:T/C:BOT-design,C/T,
BARC_1.01_Gm05_36749252_T_C,ss715591385,Gm05,37039750,T,C,unambiguous:T/C:BOT-design,T/C,
BARC_1.01_Gm05_36769351_T_G,ss715591388,Gm05,37059445,T,G,unambiguous:T/G:BOT-design,T/G,
BARC_1.01_Gm05_36849833_T_C,ss715591399,Gm05,37139944,T,C,unambiguous:T/C:BOT-design,T/C,
BARC_1.01_Gm05_37027716_G_A,ss715591412,Gm05,37317508,A,G,unambiguous:A/G:TOP,G/A,
BARC_1.01_Gm05_37043636_A_C,ss715591417,Gm05,37333428,A,C,unambiguous:A/C:TOP,A/C,
BARC_1.01_Gm05_37071607_G_A,ss715591421,Gm05,37361399,A,G,unambiguous:A/G:TOP,G/A,
BARC_1.01_Gm05_37115396_A_G,ss715591437,Gm05,37405444,A,G,unambiguous:A/G:TOP,A/G,
BARC_1.01_Gm05_37194257_T_C,ss715591449,Gm05,37484301,T,C,unambiguous:T/C:BOT-design,T/C,
BARC_1.01_Gm05_37260149_A_G,ss715591463,Gm05,37550193,A,G,unambiguous:A/G:TOP,A/G,
BARC_1.01_Gm05_37305888_A_G,ss715591467,Gm05,37595926,A,G,unambiguous:A/G:TOP,A/G,
BARC_1.01_Gm05_37409751_C_T,ss715591487,Gm05,37699648,T,C,unambiguous:T/C:BOT-design,C/T,
BARC_1.01_Gm05_37480785_T_C,ss715591502,Gm05,37770680,T,C,unambiguous:T/C:BOT-design,T/C,
BARC_1.01_Gm05_37592640_T_C,ss715591523,Gm05,37882533,T,C,unambiguous:T/C:BOT-design,T/C,
BARC_1.01_Gm05_37611048_C_T,ss715591526,Gm05,37900941,T,C,unambiguous:T/C:BOT-design,C/T,
BARC_1.01_Gm05_37650940_T_C,ss715591536,Gm05,37940835,T,C,unambiguous:T/C:BOT-design,T/C,
BARC_1.01_Gm05_37696986_T_C,ss715591541,Gm05,37987089,T,C,unambiguous:T/C:BOT-design,T/C,
BARC_1.01_Gm05_37744939_G_T,ss715591550,Gm05,38035040,T,G,unambiguous:T/G:BOT-design,G/T,
BARC_1.01_Gm05_37834044_A_G,ss715591558,Gm05,38124189,A,G,unambiguous:A/G:TOP,A/G,
BARC_1.01_Gm05_37848366_C_A,ss715591562,Gm05,38138511,A,C,unambiguous:A/C:TOP,C/A,
BARC_1.01_Gm05_37990846_C_T,ss715591594,Gm05,38280990,T,C,unambiguous:T/C:BOT-design,C/T,
BARC_1.01_Gm05_38036821_A_C,ss715591604,Gm05,38326967,A,C,unambiguous:A/C:TOP,A/C,
BARC_1.01_Gm05_38073855_C_T,ss715591609,Gm05,38364001,T,C,unambiguous:T/C:BOT-design,C/T,
BARC_1.01_Gm05_38098748_C_A,ss715591613,Gm05,38388893,A,C,unambiguous:A/C:TOP,C/A,
BARC_1.01_Gm05_41866018_G_A,ss715592253,Gm05,38472343,A,G,unambiguous:A/G:TOP,G/A,
BARC_1.01_Gm05_41740936_C_T,ss715592240,Gm05,38597425,T,C,unambiguous:T/C:BOT-design,C/T,
BARC_1.01_Gm05_41658399_C_T,ss715592231,Gm05,38679910,T,C,unambiguous:T/C:BOT-design,C/T,
BARC_1.01_Gm05_41638179_T_C,ss715592226,Gm05,38700130,T,C,unambiguous:T/C:BOT-design,T/C,
BARC_1.01_Gm05_41481303_T_C,ss715592199,Gm05,38856557,T,C,unambiguous:T/C:BOT-design,T/C,
BARC_1.01_Gm05_41446899_T_C,ss715592192,Gm05,38890959,T,C,unambiguous:T/C:BOT-design,T/C,
BARC_1.01_Gm05_41394645_G_T,ss715592175,Gm05,38943214,T,G,unambiguous:T/G:BOT-design,G/T,
BARC_1.01_Gm05_41344316_C_T,ss715592155,Gm05,38993543,T,C,unambiguous:T/C:BOT-design,C/T,
BARC_1.01_Gm05_41318744_A_G,ss715592150,Gm05,39019115,A,G,unambiguous:A/G:TOP,A/G,
BARC_1.01_Gm05_41265569_A_G,ss715592126,Gm05,39072290,A,G,unambiguous:A/G:TOP,A/G,
BARC_1.01_Gm05_41240881_A_G,ss715592117,Gm05,39097082,A,G,unambiguous:A/G:TOP,A/G,
BARC_1.01_Gm05_41186986_G_A,ss715592103,Gm05,39151875,A,G,unambiguous:A/G:TOP,G/A,
BARC_1.01_Gm05_41151290_T_C,ss715592095,Gm05,39187571,T,C,unambiguous:T/C:BOT-design,T/C,
BARC_1.01_Gm05_41114303_T_C,ss715592089,Gm05,39224558,T,C,unambiguous:T/C:BOT-design,T/C,
BARC_1.01_Gm05_41066968_A_G,ss715592079,Gm05,39271942,A,G,unambiguous:A/G:TOP,A/G,
BARC_1.01_Gm05_40942868_G_A,ss715592054,Gm05,39396012,A,G,unambiguous:A/G:TOP,G/A,
BARC_1.01_Gm05_40919406_C_T,ss715592049,Gm05,39419467,T,C,unambiguous:T/C:BOT-design,C/T,
BARC_1.01_Gm05_40824886_T_C,ss715592026,Gm05,39513987,T,C,unambiguous:T/C:BOT-design,T/C,
BARC_1.01_Gm05_40791973_A_G,ss715592019,Gm05,39546900,A,G,unambiguous:A/G:TOP,A/G,
BARC_1.01_Gm05_40642754_C_A,ss715591991,Gm05,39696120,A,C,unambiguous:A/C:TOP,C/A,
BARC_1.01_Gm05_40528969_T_G,ss715591973,Gm05,39809905,T,G,unambiguous:T/G:BOT-design,T/G,
BARC_1.01_Gm05_40517408_T_C,ss715591969,Gm05,39821466,T,C,unambiguous:T/C:BOT-design,T/C,
BARC_1.01_Gm05_40452052_G_T,ss715591954,Gm05,39886822,T,G,unambiguous:T/G:BOT-design,G/T,
BARC_1.01_Gm05_40349605_T_C,ss715591933,Gm05,39990476,T,C,unambiguous:T/C:BOT-design,T/C,
BARC_1.01_Gm05_40299923_A_G,ss715591923,Gm05,40040158,A,G,unambiguous:A/G:TOP,A/G,
BARC_1.01_Gm05_40169104_G_A,ss715591904,Gm05,40170977,A,G,unambiguous:A/G:TOP,G/A,
BARC_1.01_Gm05_40147071_T_C,ss715591901,Gm05,40193010,T,C,unambiguous:T/C:BOT-design,T/C,
BARC_1.01_Gm05_40044590_T_G,ss715591894,Gm05,40295481,T,G,unambiguous:T/G:BOT-design,T/G,
BARC_1.01_Gm05_39995603_C_T,ss715591883,Gm05,40344471,T,C,unambiguous:T/C:BOT-design,C/T,
BARC_1.01_Gm05_39924642_C_T,ss715591873,Gm05,40415432,T,C,unambiguous:T/C:BOT-design,C/T,
BARC_1.01_Gm05_39858447_T_C,ss715591872,Gm05,40481751,T,C,unambiguous:T/C:BOT-design,T/C,
BARC_1.01_Gm05_39655552_A_C,ss715591831,Gm05,40684517,A,C,unambiguous:A/C:TOP,A/C,
BARC_1.01_Gm05_39643904_T_C,ss715591829,Gm05,40696165,T,C,unambiguous:T/C:BOT-design,T/C,
BARC_1.01_Gm05_39576558_A_G,ss715591822,Gm05,40772548,A,G,unambiguous:A/G:TOP,A/G,
BARC_1.01_Gm05_39432585_C_A,ss715591799,Gm05,40916521,A,C,unambiguous:A/C:TOP,C/A,
BARC_1.01_Gm05_39402030_T_C,ss715591792,Gm05,40946970,T,C,unambiguous:T/C:BOT-design,T/C,
BARC_1.01_Gm05_39374746_C_T,ss715591790,Gm05,40974254,T,C,unambiguous:T/C:BOT-design,C/T,
BARC_1.01_Gm05_39341525_C_T,ss715591780,Gm05,41007475,T,C,unambiguous:T/C:BOT-design,C/T,
BARC_1.01_Gm05_39273308_T_G,ss715591767,Gm05,41075707,T,G,unambiguous:T/G:BOT-design,T/G,
BARC_1.01_Gm05_39083568_A_G,ss715591728,Gm05,41265253,A,G,unambiguous:A/G:TOP,A/G,
BARC_1.01_Gm05_39054172_A_G,ss715591714,Gm05,41294649,A,G,unambiguous:A/G:TOP,A/G,
BARC_1.01_Gm05_39021151_C_A,ss715591708,Gm05,41327670,A,C,unambiguous:A/C:TOP,C/A,
BARC_1.01_Gm05_38995911_C_T,ss715591705,Gm05,41352910,T,C,unambiguous:T/C:BOT-design,C/T,
BARC_1.01_Gm05_38950372_T_C,ss715591699,Gm05,41398449,T,C,unambiguous:T/C:BOT-design,T/C,
BARC_1.01_Gm05_38703433_T_C,ss715591662,Gm05,41645388,T,C,unambiguous:T/C:BOT-design,T/C,
BARC_1.01_Gm05_38674350_C_T,ss715591659,Gm05,41674471,T,C,unambiguous:T/C:BOT-design,C/T,
BARC_1.01_Gm05_38636402_G_A,ss715591655,Gm05,41712419,A,G,unambiguous:A/G:TOP,G/A,
BARC_1.01_Gm05_38596037_C_A,ss715591651,Gm05,41754397,A,C,unambiguous:A/C:TOP,C/A,
BARC_1.01_Gm05_38457343_G_T,ss715591636,Gm05,41893109,T,G,unambiguous:T/G:BOT-design,G/T,
BARC_1.01_Gm05_38453430_G_A,ss715591635,Gm05,41897022,A,G,unambiguous:A/G:TOP,G/A,
BARC_1.01_Gm05_38259743_A_G,ss715591623,Gm05,42090709,A,G,unambiguous:A/G:TOP,A/G,
BARC_1.01_Gm05_38231403_G_A,ss715591621,Gm05,42119049,A,G,unambiguous:A/G:TOP,G/A,
BARC_1.01_Gm06_84226_C_T,ss715595604,Gm06,84193,T,C,unambiguous:T/C:BOT-design,C/T,
BARC_1.01_Gm06_489058_C_A,ss715595056,Gm06,493964,A,C,unambiguous:A/C:TOP,C/A,
BARC_1.01_Gm06_496825_G_A,ss715595171,Gm06,501731,A,G,unambiguous:A/G:TOP,G/A,
BARC_1.01_Gm06_657590_T_G,ss715595434,Gm06,669123,T,G,unambiguous:T/G:BOT-design,T/G,
BARC_1.01_Gm06_732091_G_A,ss715595498,Gm06,743583,A,G,unambiguous:A/G:TOP,G/A,
BARC_1.01_Gm06_790146_T_G,ss715595564,Gm06,801649,T,G,unambiguous:T/G:BOT-design,T/G,
BARC_1.01_Gm06_909751_C_T,ss715595657,Gm06,921254,T,C,unambiguous:T/C:BOT-design,C/T,
BARC_1.01_Gm06_969495_G_T,ss715595691,Gm06,980998,T,G,unambiguous:T/G:BOT-design,G/T,
BARC_1.01_Gm06_1006528_G_A,ss715592671,Gm06,1018033,A,G,unambiguous:A/G:TOP,G/A,
BARC_1.01_Gm06_1101232_T_C,ss715592743,Gm06,1118921,T,C,unambiguous:T/C:BOT-design,T/C,
BARC_1.01_Gm06_1216803_A_C,ss715592872,Gm06,1234490,A,C,unambiguous:A/C:TOP,A/C,
BARC_1.01_Gm06_1278224_C_T,ss715592957,Gm06,1295911,T,C,unambiguous:T/C:BOT-design,C/T,
BARC_1.01_Gm06_1328895_T_C,ss715593017,Gm06,1346405,T,C,unambiguous:T/C:BOT-design,T/C,
BARC_1.01_Gm06_1387164_A_G,ss715593132,Gm06,1404673,A,G,unambiguous:A/G:TOP,A/G,
BARC_1.01_Gm06_1454403_A_C,ss715593261,Gm06,1472218,A,C,unambiguous:A/C:TOP,A/C,
BARC_1.01_Gm06_1514202_T_C,ss715593333,Gm06,1532017,T,C,unambiguous:T/C:BOT-design,T/C,
BARC_1.01_Gm06_1609551_C_T,ss715593478,Gm06,1627366,T,C,unambiguous:T/C:BOT-design,C/T,
BARC_1.01_Gm06_1655912_T_G,ss715593595,Gm06,1673727,T,G,unambiguous:T/G:BOT-design,T/G,
BARC_1.01_Gm06_1737718_C_T,ss715593743,Gm06,1755532,T,C,unambiguous:T/C:BOT-design,C/T,
BARC_1.01_Gm06_2086304_T_C,ss715593870,Gm06,2104129,T,C,unambiguous:T/C:BOT-design,T/C,
BARC_1.01_Gm06_2253042_G_A,ss715593923,Gm06,2280323,A,G,unambiguous:A/G:TOP,G/A,
BARC_1.01_Gm06_2325487_G_T,ss715593940,Gm06,2352768,T,G,unambiguous:T/G:BOT-design,G/T,
BARC_1.01_Gm06_2393421_A_G,ss715593958,Gm06,2420702,A,G,unambiguous:A/G:TOP,A/G,
BARC_1.01_Gm06_2481084_A_G,ss715593980,Gm06,2508365,A,G,unambiguous:A/G:TOP,A/G,
BARC_1.01_Gm06_2596995_A_G,ss715594008,Gm06,2624221,A,G,unambiguous:A/G:TOP,A/G,
BARC_1.01_Gm06_2649771_A_G,ss715594019,Gm06,2676998,A,G,unambiguous:A/G:TOP,A/G,
BARC_1.01_Gm06_2722611_C_T,ss715594037,Gm06,2749838,T,C,unambiguous:T/C:BOT-design,C/T,
BARC_1.01_Gm06_2990241_A_G,ss715594105,Gm06,3017454,A,G,unambiguous:A/G:TOP,A/G,
BARC_1.01_Gm06_3077486_G_A,ss715594126,Gm06,3104699,A,G,unambiguous:A/G:TOP,G/A,
BARC_1.01_Gm06_3143746_T_C,ss715594142,Gm06,3170761,T,C,unambiguous:T/C:BOT-design,T/C,
BARC_1.01_Gm06_3199735_A_G,ss715594151,Gm06,3226750,A,G,unambiguous:A/G:TOP,A/G,
BARC_1.01_Gm06_3252579_T_C,ss715594164,Gm06,3279594,T,C,unambiguous:T/C:BOT-design,T/C,
BARC_1.01_Gm06_3335673_A_G,ss715594181,Gm06,3362688,A,G,unambiguous:A/G:TOP,A/G,
BARC_1.01_Gm06_3370143_T_C,ss715594195,Gm06,3397159,T,C,unambiguous:T/C:BOT-design,T/C,
BARC_1.01_Gm06_3516687_C_T,ss715594239,Gm06,3543679,T,C,unambiguous:T/C:BOT-design,C/T,
BARC_1.01_Gm06_3608127_T_C,ss715594266,Gm06,3643449,T,C,unambiguous:T/C:BOT-design,T/C,
BARC_1.01_Gm06_3880702_G_T,ss715594339,Gm06,3914220,T,G,unambiguous:T/G:BOT-design,G/T,
BARC_1.01_Gm06_3941524_A_G,ss715594353,Gm06,3975042,A,G,unambiguous:A/G:TOP,A/G,
BARC_1.01_Gm06_4124078_G_A,ss715594402,Gm06,4157597,A,G,unambiguous:A/G:TOP,G/A,
BARC_1.01_Gm06_4212222_A_G,ss715594424,Gm06,4245837,A,G,unambiguous:A/G:TOP,A/G,
BARC_1.01_Gm06_4298418_T_C,ss715594448,Gm06,4332033,T,C,unambiguous:T/C:BOT-design,T/C,
BARC_1.01_Gm06_4302100_C_T,ss715594451,Gm06,4335715,T,C,unambiguous:T/C:BOT-design,C/T,
BARC_1.01_Gm06_4422517_A_G,ss715594489,Gm06,4456132,A,G,unambiguous:A/G:TOP,A/G,
BARC_1.01_Gm06_4578291_T_G,ss715594535,Gm06,4584430,T,G,unambiguous:T/G:BOT-design,T/G,
BARC_1.01_Gm06_4644965_G_A,ss715594626,Gm06,4651121,A,G,unambiguous:A/G:TOP,G/A,
BARC_1.01_Gm06_4820133_A_G,ss715594946,Gm06,4826081,A,G,unambiguous:A/G:TOP,A/G,
BARC_1.01_Gm06_4935060_G_A,ss715595133,Gm06,4941014,A,G,unambiguous:A/G:TOP,G/A,
BARC_1.01_Gm06_4995087_A_G,ss715595222,Gm06,5001043,A,G,unambiguous:A/G:TOP,A/G,
BARC_1.01_Gm06_5058345_A_G,ss715595302,Gm06,5064301,A,G,unambiguous:A/G:TOP,A/G,
BARC_1.01_Gm06_5135025_A_G,ss715595315,Gm06,5140936,A,G,unambiguous:A/G:TOP,A/G,
BARC_1.01_Gm06_5196308_T_C,ss715595317,Gm06,5202219,T,C,unambiguous:T/C:BOT-design,T/C,
BARC_1.01_Gm06_5297183_G_A,ss715595323,Gm06,5303094,A,G,unambiguous:A/G:TOP,G/A,
BARC_1.01_Gm06_5318544_T_C,ss715595324,Gm06,5324457,T,C,unambiguous:T/C:BOT-design,T/C,
BARC_1.01_Gm06_5375696_T_C,ss715595327,Gm06,5381609,T,C,unambiguous:T/C:BOT-design,T/C,
BARC_1.01_Gm06_5430089_T_G,ss715595337,Gm06,5436003,T,G,unambiguous:T/G:BOT-design,T/G,
BARC_1.01_Gm06_5493202_C_T,ss715595342,Gm06,5499125,T,C,unambiguous:T/C:BOT-design,C/T,
BARC_1.01_Gm06_5538645_G_A,ss715595349,Gm06,5544577,A,G,unambiguous:A/G:TOP,G/A,
BARC_1.01_Gm06_5591484_T_C,ss715595353,Gm06,5597303,T,C,unambiguous:T/C:BOT-design,T/C,
BARC_1.01_Gm06_5660542_A_G,ss715595357,Gm06,5666361,A,G,unambiguous:A/G:TOP,A/G,
BARC_1.01_Gm06_5829396_G_A,ss715595367,Gm06,5835215,A,G,unambiguous:A/G:TOP,G/A,
BARC_1.01_Gm06_5847946_T_G,ss715595369,Gm06,5853765,T,G,unambiguous:T/G:BOT-design,T/G,
BARC_1.01_Gm06_5906568_T_C,ss715595373,Gm06,5912387,T,C,unambiguous:T/C:BOT-design,T/C,
BARC_1.01_Gm06_5991160_A_G,ss715595382,Gm06,5995831,A,G,unambiguous:A/G:TOP,A/G,
BARC_1.01_Gm06_6094090_G_T,ss715595392,Gm06,6099232,T,G,unambiguous:T/G:BOT-design,G/T,
BARC_1.01_Gm06_6141525_A_C,ss715595396,Gm06,6146667,A,C,unambiguous:A/C:TOP,A/C,
BARC_1.01_Gm06_6209748_T_C,ss715595400,Gm06,6214894,T,C,unambiguous:T/C:BOT-design,T/C,
BARC_1.01_Gm06_6305510_T_C,ss715595404,Gm06,6310656,T,C,unambiguous:T/C:BOT-design,T/C,
BARC_1.01_Gm06_6399055_C_T,ss715595413,Gm06,6404245,T,C,unambiguous:T/C:BOT-design,C/T,
BARC_1.01_Gm06_6488212_A_C,ss715595424,Gm06,6493434,A,C,unambiguous:A/C:TOP,A/C,
BARC_1.01_Gm06_6576054_G_A,ss715595435,Gm06,6581862,A,G,unambiguous:A/G:TOP,G/A,
BARC_1.01_Gm06_6710662_G_A,ss715595449,Gm06,6716017,A,G,unambiguous:A/G:TOP,G/A,
BARC_1.01_Gm06_6797764_C_T,ss715595458,Gm06,6803119,T,C,unambiguous:T/C:BOT-design,C/T,
BARC_1.01_Gm06_6838468_A_C,ss715595461,Gm06,6843843,A,C,unambiguous:A/C:TOP,A/C,
BARC_1.01_Gm06_6914278_T_C,ss715595470,Gm06,6919668,T,C,unambiguous:T/C:BOT-design,T/C,
BARC_1.01_Gm06_6976076_C_T,ss715595472,Gm06,6981466,T,C,unambiguous:T/C:BOT-design,C/T,
BARC_1.01_Gm06_7072768_A_G,ss715595478,Gm06,7078527,A,G,unambiguous:A/G:TOP,A/G,
BARC_1.01_Gm06_7259462_T_C,ss715595487,Gm06,7265304,T,C,unambiguous:T/C:BOT-design,T/C,
BARC_1.01_Gm06_7323345_T_G,ss715595500,Gm06,7329187,T,G,unambiguous:T/G:BOT-design,T/G,
BARC_1.01_Gm06_7523395_G_A,ss715595519,Gm06,7529157,A,G,unambiguous:A/G:TOP,G/A,
BARC_1.01_Gm06_7615106_T_C,ss715595523,Gm06,7620868,T,C,unambiguous:T/C:BOT-design,T/C,
BARC_1.01_Gm06_7683418_G_A,ss715595531,Gm06,7689180,A,G,unambiguous:A/G:TOP,G/A,
BARC_1.01_Gm06_7756576_G_A,ss715595544,Gm06,7762338,A,G,unambiguous:A/G:TOP,G/A,
BARC_1.01_Gm06_7836214_T_C,ss715595553,Gm06,7841986,T,C,unambiguous:T/C:BOT-design,T/C,
BARC_1.01_Gm06_7918219_C_T,ss715595569,Gm06,7923990,T,C,unambiguous:T/C:BOT-design,C/T,
BARC_1.01_Gm06_8015415_G_T,ss715595578,Gm06,8021182,T,G,unambiguous:T/G:BOT-design,G/T,
BARC_1.01_Gm06_8079300_T_C,ss715595583,Gm06,8085085,T,C,unambiguous:T/C:BOT-design,T/C,
BARC_1.01_Gm06_8173150_A_C,ss715595586,Gm06,8178935,A,C,unambiguous:A/C:TOP,A/C,
BARC_1.01_Gm06_8216151_C_T,ss715595589,Gm06,8221934,T,C,unambiguous:T/C:BOT-design,C/T,
BARC_1.01_Gm06_8338093_G_A,ss715595598,Gm06,8343876,A,G,unambiguous:A/G:TOP,G/A,
BARC_1.01_Gm06_8483050_C_T,ss715595609,Gm06,8488833,T,C,unambiguous:T/C:BOT-design,C/T,
BARC_1.01_Gm06_8630236_C_T,ss715595616,Gm06,8636013,T,C,unambiguous:T/C:BOT-design,C/T,
BARC_1.01_Gm06_8802768_C_T,ss715595637,Gm06,8808577,T,C,unambiguous:T/C:BOT-design,C/T,
BARC_1.01_Gm06_8979504_A_G,ss715595644,Gm06,8985500,A,G,unambiguous:A/G:TOP,A/G,
BARC_1.01_Gm06_9081030_C_A,ss715595654,Gm06,9087027,A,C,unambiguous:A/C:TOP,C/A,
BARC_1.01_Gm06_9153377_A_G,ss715595659,Gm06,9163989,A,G,unambiguous:A/G:TOP,A/G,
BARC_1.01_Gm06_9216536_A_C,ss715595663,Gm06,9227148,A,C,unambiguous:A/C:TOP,A/C,
BARC_1.01_Gm06_9263869_A_C,ss715595665,Gm06,9274481,A,C,unambiguous:A/C:TOP,A/C,
BARC_1.01_Gm06_9397134_A_G,ss715595671,Gm06,9407745,A,G,unambiguous:A/G:TOP,A/G,
BARC_1.01_Gm06_9442481_T_C,ss715595677,Gm06,9453068,T,C,unambiguous:T/C:BOT-design,T/C,
BARC_1.01_Gm06_9668798_T_C,ss715595687,Gm06,9679385,T,C,unambiguous:T/C:BOT-design,T/C,
BARC_1.01_Gm06_9756999_T_C,ss715595697,Gm06,9767612,T,C,unambiguous:T/C:BOT-design,T/C,
BARC_1.01_Gm06_9803356_C_T,ss715595702,Gm06,9813969,T,C,unambiguous:T/C:BOT-design,C/T,
BARC_1.01_Gm06_9952410_T_C,ss715595709,Gm06,9971772,T,C,unambiguous:T/C:BOT-design,T/C,
BARC_1.01_Gm06_10124470_T_C,ss715592677,Gm06,10143832,T,C,unambiguous:T/C:BOT-design,T/C,
BARC_1.01_Gm06_10240897_T_C,ss715592687,Gm06,10260260,T,C,unambiguous:T/C:BOT-design,T/C,
BARC_1.01_Gm06_10324739_T_G,ss715592692,Gm06,10344093,T,G,unambiguous:T/G:BOT-design,T/G,
BARC_1.01_Gm06_10383065_G_A,ss715592694,Gm06,10402418,A,G,unambiguous:A/G:TOP,G/A,
BARC_1.01_Gm06_10464340_G_A,ss715592698,Gm06,10483693,A,G,unambiguous:A/G:TOP,G/A,
BARC_1.01_Gm06_10693310_G_A,ss715592711,Gm06,10712690,A,G,unambiguous:A/G:TOP,G/A,
BARC_1.01_Gm06_10781518_T_C,ss715592716,Gm06,10809898,T,C,unambiguous:T/C:BOT-design,T/C,
BARC_1.01_Gm06_10823424_C_T,ss715592720,Gm06,10851807,T,C,unambiguous:T/C:BOT-design,C/T,
BARC_1.01_Gm06_10891060_T_C,ss715592728,Gm06,10919443,T,C,unambiguous:T/C:BOT-design,T/C,
BARC_1.01_Gm06_10993554_A_G,ss715592742,Gm06,11019800,A,G,unambiguous:A/G:TOP,A/G,
BARC_1.01_Gm06_11098210_C_T,ss715592752,Gm06,11124796,T,C,unambiguous:T/C:BOT-design,C/T,
BARC_1.01_Gm06_11165149_C_T,ss715592759,Gm06,11191735,T,C,unambiguous:T/C:BOT-design,C/T,
BARC_1.01_Gm06_11243298_G_T,ss715592765,Gm06,11269900,T,G,unambiguous:T/G:BOT-design,G/T,
BARC_1.01_Gm06_11333769_G_A,ss715592775,Gm06,11360371,A,G,unambiguous:A/G:TOP,G/A,
BARC_1.01_Gm06_11479872_T_C,ss715592797,Gm06,11506438,T,C,unambiguous:T/C:BOT-design,T/C,
BARC_1.01_Gm06_11659627_A_G,ss715592814,Gm06,11686193,A,G,unambiguous:A/G:TOP,A/G,
BARC_1.01_Gm06_11786580_T_G,ss715592821,Gm06,11813160,T,G,unambiguous:T/G:BOT-design,T/G,
BARC_1.01_Gm06_11844498_A_G,ss715592830,Gm06,11871084,A,G,unambiguous:A/G:TOP,A/G,
BARC_1.01_Gm06_11948808_G_A,ss715592847,Gm06,11975393,A,G,unambiguous:A/G:TOP,G/A,
BARC_1.01_Gm06_12028624_A_G,ss715592860,Gm06,12055209,A,G,unambiguous:A/G:TOP,A/G,
BARC_1.01_Gm06_12129311_G_A,ss715592870,Gm06,12155913,A,G,unambiguous:A/G:TOP,G/A,
BARC_1.01_Gm06_12173941_A_G,ss715592873,Gm06,12200543,A,G,unambiguous:A/G:TOP,A/G,
BARC_1.01_Gm06_12252031_C_T,ss715592876,Gm06,12278627,T,C,unambiguous:T/C:BOT-design,C/T,
BARC_1.01_Gm06_12346248_C_T,ss715592899,Gm06,12372846,T,C,unambiguous:T/C:BOT-design,C/T,
BARC_1.01_Gm06_12414435_G_A,ss715592903,Gm06,12441358,A,G,unambiguous:A/G:TOP,G/A,
BARC_1.01_Gm06_12544455_A_G,ss715592933,Gm06,12571378,A,G,unambiguous:A/G:TOP,A/G,
BARC_1.01_Gm06_12816666_A_G,ss715592958,Gm06,12843589,A,G,unambiguous:A/G:TOP,A/G,
BARC_1.01_Gm06_12914255_A_G,ss715592963,Gm06,12941178,A,G,unambiguous:A/G:TOP,A/G,
BARC_1.01_Gm06_12963850_T_C,ss715592976,Gm06,12990773,T,C,unambiguous:T/C:BOT-design,T/C,
BARC_1.01_Gm06_13008773_A_G,ss715592984,Gm06,13035696,A,G,unambiguous:A/G:TOP,A/G,
BARC_1.01_Gm06_13193350_G_A,ss715593005,Gm06,13220273,A,G,unambiguous:A/G:TOP,G/A,
BARC_1.01_Gm06_13237698_A_G,ss715593012,Gm06,13264621,A,G,unambiguous:A/G:TOP,A/G,
BARC_1.01_Gm06_13318948_A_G,ss715593023,Gm06,13345871,A,G,unambiguous:A/G:TOP,A/G,
BARC_1.01_Gm06_13401987_C_T,ss715593043,Gm06,13429255,T,C,unambiguous:T/C:BOT-design,C/T,
BARC_1.01_Gm06_13472059_A_G,ss715593056,Gm06,13499326,A,G,unambiguous:A/G:TOP,A/G,
BARC_1.01_Gm06_13528200_T_C,ss715593070,Gm06,13555487,T,C,unambiguous:T/C:BOT-design,T/C,
BARC_1.01_Gm06_13621986_A_C,ss715593085,Gm06,13649273,A,C,unambiguous:A/C:TOP,A/C,
BARC_1.01_Gm06_13732043_T_C,ss715593108,Gm06,13759357,T,C,unambiguous:T/C:BOT-design,T/C,
BARC_1.01_Gm06_13811298_C_T,ss715593118,Gm06,13847595,T,C,unambiguous:T/C:BOT-design,C/T,
BARC_1.01_Gm06_13881657_A_G,ss715593135,Gm06,13917815,A,G,unambiguous:A/G:TOP,A/G,
BARC_1.01_Gm06_13990118_C_T,ss715593150,Gm06,14026339,T,C,unambiguous:T/C:BOT-design,C/T,
BARC_1.01_Gm06_14058543_A_C,ss715593161,Gm06,14094641,A,C,unambiguous:A/C:TOP,A/C,
BARC_1.01_Gm06_14138713_C_A,ss715593180,Gm06,14174887,A,C,unambiguous:A/C:TOP,C/A,
BARC_1.01_Gm06_14238413_A_C,ss715593193,Gm06,14281072,A,C,unambiguous:A/C:TOP,A/C,
BARC_1.01_Gm06_14321140_T_C,ss715593221,Gm06,14363799,T,C,unambiguous:T/C:BOT-design,T/C,
BARC_1.01_Gm06_14359453_T_C,ss715593229,Gm06,14402114,T,C,unambiguous:T/C:BOT-design,T/C,
BARC_1.01_Gm06_14452528_G_A,ss715593243,Gm06,14495135,A,G,unambiguous:A/G:TOP,G/A,
BARC_1.01_Gm06_14511744_T_C,ss715593256,Gm06,14554440,T,C,unambiguous:T/C:BOT-design,T/C,
BARC_1.01_Gm06_14573229_C_T,ss715593264,Gm06,14615924,T,C,unambiguous:T/C:BOT-design,C/T,
BARC_1.01_Gm06_14682231_T_C,ss715593276,Gm06,14725159,T,C,unambiguous:T/C:BOT-design,T/C,
BARC_1.01_Gm06_14737902_A_G,ss715593287,Gm06,14780835,A,G,unambiguous:A/G:TOP,A/G,
BARC_1.01_Gm06_14859364_A_C,ss715593306,Gm06,14901930,A,C,unambiguous:A/C:TOP,A/C,
BARC_1.01_Gm06_14924961_T_C,ss715593313,Gm06,14967527,T,C,unambiguous:T/C:BOT-design,T/C,
BARC_1.01_Gm06_15032691_A_G,ss715593323,Gm06,15074859,A,G,unambiguous:A/G:TOP,A/G,
BARC_1.01_Gm06_15115808_C_T,ss715593330,Gm06,15157976,T,C,unambiguous:T/C:BOT-design,C/T,
BARC_1.01_Gm06_15189169_G_T,ss715593338,Gm06,15231313,T,G,unambiguous:T/G:BOT-design,G/T,
BARC_1.01_Gm06_15242800_T_C,ss715593344,Gm06,15284944,T,C,unambiguous:T/C:BOT-design,T/C,
BARC_1.01_Gm06_15288970_G_A,ss715593345,Gm06,15331127,A,G,unambiguous:A/G:TOP,G/A,
BARC_1.01_Gm06_15331958_A_G,ss715593351,Gm06,15374116,A,G,unambiguous:A/G:TOP,A/G,
BARC_1.01_Gm06_15376751_G_A,ss715593355,Gm06,15418909,A,G,unambiguous:A/G:TOP,G/A,
BARC_1.01_Gm06_15453344_A_G,ss715593359,Gm06,15495234,A,G,unambiguous:A/G:TOP,A/G,
BARC_1.01_Gm06_15571070_T_C,ss715593385,Gm06,15614187,T,C,unambiguous:T/C:BOT-design,T/C,
BARC_1.01_Gm06_15640623_G_A,ss715593397,Gm06,15683740,A,G,unambiguous:A/G:TOP,G/A,
BARC_1.01_Gm06_15702934_A_G,ss715593401,Gm06,15745642,A,G,unambiguous:A/G:TOP,A/G,
BARC_1.01_Gm06_14972027_A_C,ss715593315,Gm06,15801646,A,C,unambiguous:A/C:TOP,A/C,
BARC_1.01_Gm06_15793203_T_C,ss715593419,Gm06,15841692,T,C,unambiguous:T/C:BOT-design,T/C,
BARC_1.01_Gm06_15847484_A_C,ss715593437,Gm06,15895973,A,C,unambiguous:A/C:TOP,A/C,
BARC_1.01_Gm06_15910152_A_G,ss715593448,Gm06,15959069,A,G,unambiguous:A/G:TOP,A/G,
BARC_1.01_Gm06_15960829_C_A,ss715593454,Gm06,16009748,A,C,unambiguous:A/C:TOP,C/A,
BARC_1.01_Gm06_16084283_C_T,ss715593477,Gm06,16133204,T,C,unambiguous:T/C:BOT-design,C/T,
BARC_1.01_Gm06_16133328_G_A,ss715593489,Gm06,16182609,A,G,unambiguous:A/G:TOP,G/A,
BARC_1.01_Gm06_16207402_T_C,ss715593501,Gm06,16256683,T,C,unambiguous:T/C:BOT-design,T/C,
BARC_1.01_Gm06_16315206_A_G,ss715593510,Gm06,16365309,A,G,unambiguous:A/G:TOP,A/G,
BARC_1.01_Gm06_16372276_T_C,ss715593520,Gm06,16423204,T,C,unambiguous:T/C:BOT-design,T/C,
BARC_1.01_Gm06_16390152_A_G,ss715593522,Gm06,16441080,A,G,unambiguous:A/G:TOP,A/G,
BARC_1.01_Gm06_16566894_G_A,ss715593596,Gm06,16612216,A,G,unambiguous:A/G:TOP,G/A,
BARC_1.01_Gm06_16669594_G_T,ss715593614,Gm06,16714933,T,G,unambiguous:T/G:BOT-design,G/T,
BARC_1.01_Gm06_16745340_A_G,ss715593640,Gm06,16790675,A,G,unambiguous:A/G:TOP,A/G,
BARC_1.01_Gm06_16792113_T_C,ss715593646,Gm06,16837448,T,C,unambiguous:T/C:BOT-design,T/C,
BARC_1.01_Gm06_16853739_A_C,ss715593658,Gm06,16899074,A,C,unambiguous:A/C:TOP,A/C,
BARC_1.01_Gm06_16923935_T_C,ss715593668,Gm06,16968506,T,C,unambiguous:T/C:BOT-design,T/C,
BARC_1.01_Gm06_17188046_A_G,ss715593703,Gm06,17232870,A,G,unambiguous:A/G:TOP,A/G,
BARC_1.01_Gm06_17258654_A_G,ss715593717,Gm06,17303937,A,G,unambiguous:A/G:TOP,A/G,
BARC_1.01_Gm06_17356033_G_A,ss715593740,Gm06,17401316,A,G,unambiguous:A/G:TOP,G/A,
BARC_1.01_Gm06_17399306_A_C,ss715593753,Gm06,17453976,A,C,unambiguous:A/C:TOP,A/C,
BARC_1.01_Gm06_17617727_G_T,ss715593768,Gm06,17672411,T,G,unambiguous:T/G:BOT-design,G/T,
BARC_1.01_Gm06_18033759_A_G,ss715593784,Gm06,18230296,A,G,unambiguous:A/G:TOP,A/G,
BARC_1.01_Gm06_18252495_T_C,ss715593791,Gm06,18446052,T,C,unambiguous:T/C:BOT-design,T/C,
BARC_1.01_Gm06_18447419_G_A,ss715593797,Gm06,18641000,A,G,unambiguous:A/G:TOP,G/A,
BARC_1.01_Gm06_18583273_A_C,ss715593801,Gm06,18788512,A,C,unambiguous:A/C:TOP,A/C,
BARC_1.01_Gm06_18766611_C_T,ss715593807,Gm06,18970072,T,C,unambiguous:T/C:BOT-design,C/T,
BARC_1.01_Gm06_19282687_A_G,ss715593820,Gm06,19486921,A,G,unambiguous:A/G:TOP,A/G,
BARC_1.01_Gm06_19540686_C_T,ss715593829,Gm06,19744952,T,C,unambiguous:T/C:BOT-design,C/T,
BARC_1.01_Gm06_20152926_T_C,ss715593843,Gm06,20353073,T,C,unambiguous:T/C:BOT-design,T/C,
BARC_1.01_Gm06_20370075_T_C,ss715593853,Gm06,20570157,T,C,unambiguous:T/C:BOT-design,T/C,
BARC_1.01_Gm06_20486758_C_A,ss715593858,Gm06,20686842,A,C,unambiguous:A/C:TOP,C/A,
BARC_1.01_Gm06_20739900_T_C,ss715593866,Gm06,20940014,T,C,unambiguous:T/C:BOT-design,T/C,
BARC_1.01_Gm06_20943239_T_C,ss715593873,Gm06,21143967,T,C,unambiguous:T/C:BOT-design,T/C,
BARC_1.01_Gm06_21363243_A_G,ss715593889,Gm06,21516983,A,G,unambiguous:A/G:TOP,A/G,
BARC_1.01_Gm06_21567013_G_A,ss715593895,Gm06,21786787,A,G,unambiguous:A/G:TOP,G/A,
BARC_1.01_Gm06_22271239_C_T,ss715593914,Gm06,22478790,T,C,unambiguous:T/C:BOT-design,C/T,
BARC_1.01_Gm06_23462870_C_T,ss715593946,Gm06,23423070,T,C,unambiguous:T/C:BOT-design,C/T,
BARC_1.01_Gm06_25799930_T_C,ss715594002,Gm06,24628613,T,C,unambiguous:T/C:BOT-design,T/C,
BARC_1.01_Gm06_25704938_T_C,ss715594000,Gm06,24723754,T,C,unambiguous:T/C:BOT-design,T/C,
BARC_1.01_Gm06_26933523_C_T,ss715594028,Gm06,26103041,T,C,unambiguous:T/C:BOT-design,C/T,
BARC_1.01_Gm06_26981990_G_T,ss715594029,Gm06,26151237,T,G,unambiguous:T/G:BOT-design,G/T,
BARC_1.01_Gm06_24160775_C_T,ss715593962,Gm06,26848852,T,C,unambiguous:T/C:BOT-design,C/T,
BARC_1.01_Gm06_27322640_A_G,ss715594041,Gm06,28086922,A,G,unambiguous:A/G:TOP,A/G,
BARC_1.01_Gm06_28315232_G_A,ss715594069,Gm06,29185593,A,G,unambiguous:A/G:TOP,G/A,
BARC_1.01_Gm06_28816949_A_G,ss715594079,Gm06,29695318,A,G,unambiguous:A/G:TOP,A/G,
BARC_1.01_Gm06_28991907_C_T,ss715594082,Gm06,29864353,T,C,unambiguous:T/C:BOT-design,C/T,
BARC_1.01_Gm06_30260912_A_G,ss715594116,Gm06,31085380,A,G,unambiguous:A/G:TOP,A/G,
BARC_1.01_Gm06_30534657_A_G,ss715594119,Gm06,31352488,A,G,unambiguous:A/G:TOP,A/G,
BARC_1.01_Gm06_31288514_A_C,ss715594135,Gm06,32201984,A,C,unambiguous:A/C:TOP,A/C,
BARC_1.01_Gm06_31863080_C_T,ss715594148,Gm06,32783474,T,C,unambiguous:T/C:BOT-design,C/T,
BARC_1.01_Gm06_32079709_C_A,ss715594155,Gm06,33000707,A,C,unambiguous:A/C:TOP,C/A,
BARC_1.01_Gm06_32525220_G_T,ss715594163,Gm06,33455115,T,G,unambiguous:T/G:BOT-design,G/T,
BARC_1.01_Gm06_33615663_G_A,ss715594188,Gm06,34540898,A,G,unambiguous:A/G:TOP,G/A,
BARC_1.01_Gm06_34209123_C_T,ss715594212,Gm06,35133820,T,C,unambiguous:T/C:BOT-design,C/T,
BARC_1.01_Gm06_34966793_A_G,ss715594234,Gm06,35886438,A,G,unambiguous:A/G:TOP,A/G,
BARC_1.01_Gm06_36058154_C_T,ss715594264,Gm06,36978146,T,C,unambiguous:T/C:BOT-design,C/T,
BARC_1.01_Gm06_36128279_T_C,ss715594269,Gm06,37062726,T,C,unambiguous:T/C:BOT-design,T/C,
BARC_1.01_Gm06_37364558_A_C,ss715594302,Gm06,38073750,A,C,unambiguous:A/C:TOP,A/C,
BARC_1.01_Gm06_37485859_A_G,ss715594306,Gm06,38195052,A,G,unambiguous:A/G:TOP,A/G,
BARC_1.01_Gm06_37732009_A_G,ss715594312,Gm06,38435794,A,G,unambiguous:A/G:TOP,A/G,
BARC_1.01_Gm06_37823440_T_C,ss715594314,Gm06,38527444,T,C,unambiguous:T/C:BOT-design,T/C,
BARC_1.01_Gm06_38232188_C_A,ss715594323,Gm06,38920680,A,C,unambiguous:A/C:TOP,C/A,
BARC_1.01_Gm06_38499465_G_A,ss715594329,Gm06,39188086,A,G,unambiguous:A/G:TOP,G/A,
BARC_1.01_Gm06_37017961_A_G,ss715594295,Gm06,39294410,A,G,unambiguous:A/G:TOP,A/G,
BARC_1.01_Gm06_38703918_T_C,ss715594336,Gm06,39399409,T,C,unambiguous:T/C:BOT-design,T/C,
BARC_1.01_Gm06_38999119_T_C,ss715594345,Gm06,39693731,T,C,unambiguous:T/C:BOT-design,T/C,
BARC_1.01_Gm06_39421942_C_T,ss715594354,Gm06,40116979,T,C,unambiguous:T/C:BOT-design,C/T,
BARC_1.01_Gm06_40454884_C_T,ss715594381,Gm06,41147967,T,C,unambiguous:T/C:BOT-design,C/T,
BARC_1.01_Gm06_40671903_G_A,ss715594386,Gm06,41376571,A,G,unambiguous:A/G:TOP,G/A,
BARC_1.01_Gm06_40878788_C_T,ss715594391,Gm06,41585697,T,C,unambiguous:T/C:BOT-design,C/T,
BARC_1.01_Gm06_41268682_G_T,ss715594403,Gm06,41974977,T,G,unambiguous:T/G:BOT-design,G/T,
BARC_1.01_Gm06_42308631_A_C,ss715594428,Gm06,43064582,A,C,unambiguous:A/C:TOP,A/C,
BARC_1.01_Gm06_42515359_A_G,ss715594433,Gm06,43269264,A,G,unambiguous:A/G:TOP,A/G,
BARC_1.01_Gm06_42707931_T_G,ss715594440,Gm06,43461818,T,G,unambiguous:T/G:BOT-design,T/G,
BARC_1.01_Gm06_42883965_T_C,ss715594445,Gm06,43644895,T,C,unambiguous:T/C:BOT-design,T/C,
BARC_1.01_Gm06_43235059_C_T,ss715594459,Gm06,43996760,T,C,unambiguous:T/C:BOT-design,C/T,
BARC_1.01_Gm06_43432590_G_A,ss715594468,Gm06,44190937,A,G,unambiguous:A/G:TOP,G/A,
BARC_1.01_Gm06_43980786_G_A,ss715594483,Gm06,44533520,A,G,unambiguous:A/G:TOP,G/A,
BARC_1.01_Gm06_44474853_A_G,ss715594497,Gm06,45035185,A,G,unambiguous:A/G:TOP,A/G,
BARC_1.01_Gm06_44964380_T_C,ss715594510,Gm06,45534484,T,C,unambiguous:T/C:BOT-design,T/C,
BARC_1.01_Gm06_45362447_C_T,ss715594520,Gm06,45930385,T,C,unambiguous:T/C:BOT-design,C/T,
BARC_1.01_Gm06_45768166_A_G,ss715594534,Gm06,46295298,A,G,unambiguous:A/G:TOP,A/G,
BARC_1.01_Gm06_46078974_G_A,ss715594544,Gm06,46611667,A,G,unambiguous:A/G:TOP,G/A,
BARC_1.01_Gm06_46186757_C_T,ss715594569,Gm06,46719374,T,C,unambiguous:T/C:BOT-design,C/T,
BARC_1.01_Gm06_46271407_G_A,ss715594576,Gm06,46805251,A,G,unambiguous:A/G:TOP,G/A,
BARC_1.01_Gm06_46321637_C_T,ss715594594,Gm06,46855442,T,C,unambiguous:T/C:BOT-design,C/T,
BARC_1.01_Gm06_46375359_G_A,ss715594609,Gm06,46907841,A,G,unambiguous:A/G:TOP,G/A,
BARC_1.01_Gm06_46425973_T_C,ss715594622,Gm06,46957939,T,C,unambiguous:T/C:BOT-design,T/C,
BARC_1.01_Gm06_46564658_C_A,ss715594630,Gm06,47112305,A,C,unambiguous:A/C:TOP,C/A,
BARC_1.01_Gm06_46677140_C_T,ss715594654,Gm06,47224247,T,C,unambiguous:T/C:BOT-design,C/T,
BARC_1.01_Gm06_46790136_C_T,ss715594677,Gm06,47337202,T,C,unambiguous:T/C:BOT-design,C/T,
BARC_1.01_Gm06_46905460_G_A,ss715594704,Gm06,47452526,A,G,unambiguous:A/G:TOP,G/A,
BARC_1.01_Gm06_46970966_C_T,ss715594718,Gm06,47518032,T,C,unambiguous:T/C:BOT-design,C/T,
BARC_1.01_Gm06_47026169_C_A,ss715594730,Gm06,47573235,A,C,unambiguous:A/C:TOP,C/A,
BARC_1.01_Gm06_47063453_G_T,ss715594734,Gm06,47610879,T,G,unambiguous:T/G:BOT-design,G/T,
BARC_1.01_Gm06_47191346_C_T,ss715594746,Gm06,47722575,T,C,unambiguous:T/C:BOT-design,C/T,
BARC_1.01_Gm06_47238226_A_G,ss715594771,Gm06,47769455,A,G,unambiguous:A/G:TOP,A/G,
BARC_1.01_Gm06_47338142_T_G,ss715594793,Gm06,47869389,T,G,unambiguous:T/G:BOT-design,T/G,
BARC_1.01_Gm06_47402504_A_G,ss715594812,Gm06,47933744,A,G,unambiguous:A/G:TOP,A/G,
BARC_1.01_Gm06_47439414_C_T,ss715594820,Gm06,47970654,T,C,unambiguous:T/C:BOT-design,C/T,
BARC_1.01_Gm06_47550354_A_G,ss715594836,Gm06,48080474,A,G,unambiguous:A/G:TOP,A/G,
BARC_1.01_Gm06_48528885_G_T,ss715594989,Gm06,48157501,T,G,unambiguous:T/G:BOT-design,G/T,
BARC_1.01_Gm06_48582951_G_A,ss715595003,Gm06,48211587,A,G,unambiguous:A/G:TOP,G/A,
BARC_1.01_Gm06_47631544_T_C,ss715594860,Gm06,48252623,T,C,unambiguous:T/C:BOT-design,T/C,
BARC_1.01_Gm06_47723155_T_C,ss715594872,Gm06,48344234,T,C,unambiguous:T/C:BOT-design,T/C,
BARC_1.01_Gm06_47764344_C_T,ss715594881,Gm06,48385426,T,C,unambiguous:T/C:BOT-design,C/T,
BARC_1.01_Gm06_47823144_T_G,ss715594889,Gm06,48444236,T,G,unambiguous:T/G:BOT-design,T/G,
BARC_1.01_Gm06_47918999_G_A,ss715594902,Gm06,48549090,A,G,unambiguous:A/G:TOP,G/A,
BARC_1.01_Gm06_47987101_G_T,ss715594913,Gm06,48614384,T,G,unambiguous:T/G:BOT-design,G/T,
BARC_1.01_Gm06_48037370_T_G,ss715594915,Gm06,48664312,T,G,unambiguous:T/G:BOT-design,T/G,
BARC_1.01_Gm06_48098064_A_C,ss715594923,Gm06,48725006,A,C,unambiguous:A/C:TOP,A/C,
BARC_1.01_Gm06_48261084_C_A,ss715594963,Gm06,48875217,A,C,unambiguous:A/C:TOP,C/A,
BARC_1.01_Gm06_48475049_C_T,ss715594979,Gm06,49089182,T,C,unambiguous:T/C:BOT-design,C/T,
BARC_1.01_Gm06_48144110_G_A,ss715594933,Gm06,49235940,A,G,unambiguous:A/G:TOP,G/A,
BARC_1.01_Gm06_48699388_T_G,ss715595019,Gm06,49289477,T,G,unambiguous:T/G:BOT-design,T/G,
BARC_1.01_Gm06_48785257_T_C,ss715595035,Gm06,49385731,T,C,unambiguous:T/C:BOT-design,T/C,
BARC_1.01_Gm06_48829470_C_T,ss715595039,Gm06,49429943,T,C,unambiguous:T/C:BOT-design,C/T,
BARC_1.01_Gm06_48898037_G_A,ss715595055,Gm06,49498510,A,G,unambiguous:A/G:TOP,G/A,
BARC_1.01_Gm06_48988513_T_C,ss715595072,Gm06,49588829,T,C,unambiguous:T/C:BOT-design,T/C,
BARC_1.01_Gm06_49064024_G_T,ss715595080,Gm06,49664340,T,G,unambiguous:T/G:BOT-design,G/T,
BARC_1.01_Gm06_49106015_C_T,ss715595097,Gm06,49706309,T,C,unambiguous:T/C:BOT-design,C/T,
BARC_1.01_Gm06_49209907_C_T,ss715595113,Gm06,49810204,T,C,unambiguous:T/C:BOT-design,C/T,
BARC_1.01_Gm06_49267076_C_T,ss715595116,Gm06,49867792,T,C,unambiguous:T/C:BOT-design,C/T,
BARC_1.01_Gm06_49330690_G_T,ss715595127,Gm06,49931403,T,G,unambiguous:T/G:BOT-design,G/T,
BARC_1.01_Gm06_49343224_G_T,ss715595131,Gm06,49943935,T,G,unambiguous:T/G:BOT-design,G/T,
BARC_1.01_Gm06_49511605_T_C,ss715595144,Gm06,50112627,T,C,unambiguous:T/C:BOT-design,T/C,
BARC_1.01_Gm06_49570784_G_A,ss715595155,Gm06,50171806,A,G,unambiguous:A/G:TOP,G/A,
BARC_1.01_Gm06_49643463_G_A,ss715595167,Gm06,50244483,A,G,unambiguous:A/G:TOP,G/A,
BARC_1.01_Gm06_49722118_A_G,ss715595173,Gm06,50323138,A,G,unambiguous:A/G:TOP,A/G,
BARC_1.01_Gm06_49792083_T_C,ss715595179,Gm06,50393844,T,C,unambiguous:T/C:BOT-design,T/C,
BARC_1.01_Gm06_49836079_C_T,ss715595186,Gm06,50509356,T,C,unambiguous:T/C:BOT-design,C/T,
BARC_1.01_Gm06_49915592_A_C,ss715595211,Gm06,50588869,A,C,unambiguous:A/C:TOP,A/C,
BARC_1.01_Gm06_50038514_T_C,ss715595238,Gm06,50711282,T,C,unambiguous:T/C:BOT-design,T/C,
BARC_1.01_Gm06_50100354_G_T,ss715595242,Gm06,50773950,T,G,unambiguous:T/G:BOT-design,G/T,
BARC_1.01_Gm10_6020959_G_T,ss715608356,Gm10,50788880,T,G,unambiguous:T/G:BOT-design,G/T,
BARC_1.01_Gm06_50143995_A_G,ss715595247,Gm06,50818472,A,G,unambiguous:A/G:TOP,A/G,
BARC_1.01_Gm06_50217611_T_C,ss715595252,Gm06,50892337,T,C,unambiguous:T/C:BOT-design,T/C,
BARC_1.01_Gm06_50261723_A_G,ss715595259,Gm06,50936449,A,G,unambiguous:A/G:TOP,A/G,
BARC_1.01_Gm06_50305091_T_C,ss715595268,Gm06,50979817,T,C,unambiguous:T/C:BOT-design,T/C,
BARC_1.01_Gm06_50355014_A_G,ss715595276,Gm06,51029740,A,G,unambiguous:A/G:TOP,A/G,
BARC_1.01_Gm06_50397370_T_C,ss715595280,Gm06,51072096,T,C,unambiguous:T/C:BOT-design,T/C,
BARC_1.01_Gm06_50453859_A_G,ss715595289,Gm06,51128748,A,G,unambiguous:A/G:TOP,A/G,
BARC_1.01_Gm06_50494802_A_G,ss715595295,Gm06,51169689,A,G,unambiguous:A/G:TOP,A/G,
BARC_1.01_Gm06_50593128_T_G,ss715595303,Gm06,51268017,T,G,unambiguous:T/G:BOT-design,T/G,
BARC_1.01_Gm06_50641085_C_T,ss715595312,Gm06,51316639,T,C,unambiguous:T/C:BOT-design,C/T,
BARC_1.01_Gm07_51132_T_C,ss715598297,Gm07,52876,T,C,unambiguous:T/C:BOT-design,T/C,
BARC_1.01_Gm07_151038_A_C,ss715596359,Gm07,155936,A,C,unambiguous:A/C:TOP,A/C,
BARC_1.01_Gm07_185603_C_T,ss715596704,Gm07,190501,T,C,unambiguous:T/C:BOT-design,C/T,
BARC_1.01_Gm07_260352_G_A,ss715596923,Gm07,265250,A,G,unambiguous:A/G:TOP,G/A,
BARC_1.01_Gm07_308906_G_A,ss715597107,Gm07,313803,A,G,unambiguous:A/G:TOP,G/A,
BARC_1.01_Gm07_439872_A_G,ss715598205,Gm07,444904,A,G,unambiguous:A/G:TOP,A/G,
BARC_1.01_Gm07_527869_G_T,ss715598317,Gm07,532902,T,G,unambiguous:T/G:BOT-design,G/T,
BARC_1.01_Gm07_562809_G_A,ss715598384,Gm07,567843,A,G,unambiguous:A/G:TOP,G/A,
BARC_1.01_Gm07_675190_G_A,ss715598531,Gm07,680033,A,G,unambiguous:A/G:TOP,G/A,
BARC_1.01_Gm07_724252_T_C,ss715598591,Gm07,729093,T,C,unambiguous:T/C:BOT-design,T/C,
BARC_1.01_Gm07_856859_T_C,ss715598855,Gm07,860019,T,C,unambiguous:T/C:BOT-design,T/C,
BARC_1.01_Gm07_954565_G_A,ss715599068,Gm07,957723,A,G,unambiguous:A/G:TOP,G/A,
BARC_1.01_Gm07_1034903_T_C,ss715595757,Gm07,1037460,T,C,unambiguous:T/C:BOT-design,T/C,
BARC_1.01_Gm07_1119462_A_G,ss715595856,Gm07,1121927,A,G,unambiguous:A/G:TOP,A/G,
BARC_1.01_Gm07_1182465_T_C,ss715595905,Gm07,1184634,T,C,unambiguous:T/C:BOT-design,T/C,
BARC_1.01_Gm07_1246890_T_G,ss715595950,Gm07,1249059,T,G,unambiguous:T/G:BOT-design,T/G,
BARC_1.01_Gm07_1295060_G_A,ss715595992,Gm07,1297229,A,G,unambiguous:A/G:TOP,G/A,
BARC_1.01_Gm07_1336323_A_G,ss715596036,Gm07,1338493,A,G,unambiguous:A/G:TOP,A/G,
BARC_1.01_Gm07_1382983_T_G,ss715596094,Gm07,1385153,T,G,unambiguous:T/G:BOT-design,T/G,
BARC_1.01_Gm07_1421810_A_G,ss715596176,Gm07,1423980,A,G,unambiguous:A/G:TOP,A/G,
BARC_1.01_Gm07_1534291_G_A,ss715596399,Gm07,1536458,A,G,unambiguous:A/G:TOP,G/A,
BARC_1.01_Gm07_1574673_G_A,ss715596466,Gm07,1576838,A,G,unambiguous:A/G:TOP,G/A,
BARC_1.01_Gm07_1630335_G_A,ss715596541,Gm07,1632501,A,G,unambiguous:A/G:TOP,G/A,
BARC_1.01_Gm07_1667919_C_T,ss715596583,Gm07,1670069,T,C,unambiguous:T/C:BOT-design,C/T,
BARC_1.01_Gm07_1703458_G_T,ss715596633,Gm07,1705608,T,G,unambiguous:T/G:BOT-design,G/T,
BARC_1.01_Gm07_1749529_T_C,ss715596670,Gm07,1751679,T,C,unambiguous:T/C:BOT-design,T/C,
BARC_1.01_Gm07_1808039_G_A,ss715596692,Gm07,1810189,A,G,unambiguous:A/G:TOP,G/A,
BARC_1.01_Gm07_2041455_A_C,ss715596770,Gm07,2060674,A,C,unambiguous:A/C:TOP,A/C,
BARC_1.01_Gm07_2108652_G_T,ss715596789,Gm07,2128629,T,G,unambiguous:T/G:BOT-design,G/T,
BARC_1.01_Gm07_2203449_C_T,ss715596814,Gm07,2222940,T,C,unambiguous:T/C:BOT-design,C/T,
BARC_1.01_Gm07_2267894_G_A,ss715596827,Gm07,2287735,A,G,unambiguous:A/G:TOP,G/A,
BARC_1.01_Gm07_2302804_A_G,ss715596836,Gm07,2322645,A,G,unambiguous:A/G:TOP,A/G,
BARC_1.01_Gm07_2418465_A_G,ss715596861,Gm07,2438308,A,G,unambiguous:A/G:TOP,A/G,
BARC_1.01_Gm07_2471949_C_T,ss715596877,Gm07,2491792,T,C,unambiguous:T/C:BOT-design,C/T,
BARC_1.01_Gm07_2512664_A_G,ss715596896,Gm07,2532517,A,G,unambiguous:A/G:TOP,A/G,
BARC_1.01_Gm07_2580303_T_G,ss715596916,Gm07,2600156,T,G,unambiguous:T/G:BOT-design,T/G,
BARC_1.01_Gm07_2646409_C_T,ss715596938,Gm07,2666285,T,C,unambiguous:T/C:BOT-design,C/T,
BARC_1.01_Gm07_2704982_G_A,ss715596958,Gm07,2724853,A,G,unambiguous:A/G:TOP,G/A,
BARC_1.01_Gm07_2740071_G_A,ss715596978,Gm07,2759942,A,G,unambiguous:A/G:TOP,G/A,
BARC_1.01_Gm07_2784908_G_A,ss715597003,Gm07,2804779,A,G,unambiguous:A/G:TOP,G/A,
BARC_1.01_Gm07_2814243_A_G,ss715597015,Gm07,2834114,A,G,unambiguous:A/G:TOP,A/G,
BARC_1.01_Gm07_2929896_C_T,ss715597050,Gm07,2949768,T,C,unambiguous:T/C:BOT-design,C/T,
BARC_1.01_Gm07_3042699_C_T,ss715597092,Gm07,3062578,T,C,unambiguous:T/C:BOT-design,C/T,
BARC_1.01_Gm07_3143196_C_T,ss715597129,Gm07,3163093,T,C,unambiguous:T/C:BOT-design,C/T,
BARC_1.01_Gm07_3147674_G_A,ss715597135,Gm07,3167571,A,G,unambiguous:A/G:TOP,G/A,
BARC_1.01_Gm07_3281799_T_G,ss715597185,Gm07,3300645,T,G,unambiguous:T/G:BOT-design,T/G,
BARC_1.01_Gm07_3318193_T_C,ss715597201,Gm07,3337039,T,C,unambiguous:T/C:BOT-design,T/C,
BARC_1.01_Gm07_3390461_G_A,ss715597232,Gm07,3409307,A,G,unambiguous:A/G:TOP,G/A,
BARC_1.01_Gm07_3440069_T_C,ss715597249,Gm07,3467915,T,C,unambiguous:T/C:BOT-design,T/C,
BARC_1.01_Gm07_3491578_A_G,ss715597289,Gm07,3519424,A,G,unambiguous:A/G:TOP,A/G,
BARC_1.01_Gm07_3616857_T_C,ss715597379,Gm07,3644699,T,C,unambiguous:T/C:BOT-design,T/C,
BARC_1.01_Gm07_3685427_G_A,ss715597475,Gm07,3713267,A,G,unambiguous:A/G:TOP,G/A,
BARC_1.01_Gm07_3726008_T_C,ss715597552,Gm07,3753849,T,C,unambiguous:T/C:BOT-design,T/C,
BARC_1.01_Gm07_3845105_A_C,ss715597765,Gm07,3872947,A,C,unambiguous:A/C:TOP,A/C,
BARC_1.01_Gm07_3953270_T_C,ss715597887,Gm07,3981112,T,C,unambiguous:T/C:BOT-design,T/C,
BARC_1.01_Gm07_3990308_A_G,ss715597930,Gm07,4018151,A,G,unambiguous:A/G:TOP,A/G,
BARC_1.01_Gm07_4201557_A_C,ss715598070,Gm07,4237522,A,C,unambiguous:A/C:TOP,A/C,
BARC_1.01_Gm07_4241705_G_T,ss715598106,Gm07,4277666,T,G,unambiguous:T/G:BOT-design,G/T,
BARC_1.01_Gm07_4297533_A_G,ss715598144,Gm07,4337391,A,G,unambiguous:A/G:TOP,A/G,
BARC_1.01_Gm07_4380385_C_T,ss715598195,Gm07,4429189,T,C,unambiguous:T/C:BOT-design,C/T,
BARC_1.01_Gm07_4487138_C_A,ss715598247,Gm07,4536312,A,C,unambiguous:A/C:TOP,C/A,
BARC_1.01_Gm07_4562451_T_C,ss715598255,Gm07,4611880,T,C,unambiguous:T/C:BOT-design,T/C,
BARC_1.01_Gm07_4639245_T_C,ss715598259,Gm07,4688675,T,C,unambiguous:T/C:BOT-design,T/C,
BARC_1.01_Gm07_4681787_A_G,ss715598262,Gm07,4730593,A,G,unambiguous:A/G:TOP,A/G,
BARC_1.01_Gm07_4837493_A_G,ss715598267,Gm07,4885291,A,G,unambiguous:A/G:TOP,A/G,
BARC_1.01_Gm07_4921108_G_A,ss715598277,Gm07,4968848,A,G,unambiguous:A/G:TOP,G/A,
BARC_1.01_Gm07_4968383_C_T,ss715598280,Gm07,5016125,T,C,unambiguous:T/C:BOT-design,C/T,
BARC_1.01_Gm07_5014895_T_G,ss715598285,Gm07,5062637,T,G,unambiguous:T/G:BOT-design,T/G,
BARC_1.01_Gm07_5097877_A_C,ss715598296,Gm07,5145587,A,C,unambiguous:A/C:TOP,A/C,
BARC_1.01_Gm07_5152231_A_G,ss715598301,Gm07,5191003,A,G,unambiguous:A/G:TOP,A/G,
BARC_1.01_Gm07_5226366_C_T,ss715598313,Gm07,5265136,T,C,unambiguous:T/C:BOT-design,C/T,
BARC_1.01_Gm07_5352313_T_C,ss715598329,Gm07,5391104,T,C,unambiguous:T/C:BOT-design,T/C,
BARC_1.01_Gm07_5417760_T_C,ss715598338,Gm07,5456442,T,C,unambiguous:T/C:BOT-design,T/C,
BARC_1.01_Gm07_5490895_G_T,ss715598353,Gm07,5529532,T,G,unambiguous:T/G:BOT-design,G/T,
BARC_1.01_Gm07_5763368_A_G,ss715598400,Gm07,5730863,A,G,unambiguous:A/G:TOP,A/G,
BARC_1.01_Gm07_5636973_T_C,ss715598387,Gm07,5798679,T,C,unambiguous:T/C:BOT-design,T/C,
BARC_1.01_Gm07_5863012_C_A,ss715598407,Gm07,5901279,A,C,unambiguous:A/C:TOP,C/A,
BARC_1.01_Gm07_5900018_A_G,ss715598413,Gm07,5938285,A,G,unambiguous:A/G:TOP,A/G,
BARC_1.01_Gm07_5944283_A_G,ss715598419,Gm07,5982921,A,G,unambiguous:A/G:TOP,A/G,
BARC_1.01_Gm07_5989451_C_T,ss715598429,Gm07,6028089,T,C,unambiguous:T/C:BOT-design,C/T,
BARC_1.01_Gm07_6069607_G_A,ss715598440,Gm07,6108248,A,G,unambiguous:A/G:TOP,G/A,
BARC_1.01_Gm07_6124850_C_T,ss715598443,Gm07,6163487,T,C,unambiguous:T/C:BOT-design,C/T,
BARC_1.01_Gm07_6161800_A_G,ss715598450,Gm07,6200435,A,G,unambiguous:A/G:TOP,A/G,
BARC_1.01_Gm07_6254353_C_A,ss715598464,Gm07,6293002,A,C,unambiguous:A/C:TOP,C/A,
BARC_1.01_Gm07_6352113_T_G,ss715598478,Gm07,6390761,T,G,unambiguous:T/G:BOT-design,T/G,
BARC_1.01_Gm07_6405598_A_G,ss715598483,Gm07,6444246,A,G,unambiguous:A/G:TOP,A/G,
BARC_1.01_Gm07_6452520_T_C,ss715598490,Gm07,6491168,T,C,unambiguous:T/C:BOT-design,T/C,
BARC_1.01_Gm07_6521175_T_C,ss715598498,Gm07,6559823,T,C,unambiguous:T/C:BOT-design,T/C,
BARC_1.01_Gm07_6555810_T_C,ss715598506,Gm07,6594458,T,C,unambiguous:T/C:BOT-design,T/C,
BARC_1.01_Gm07_6604493_G_A,ss715598514,Gm07,6643125,A,G,unambiguous:A/G:TOP,G/A,
BARC_1.01_Gm07_6726514_G_A,ss715598528,Gm07,6765164,A,G,unambiguous:A/G:TOP,G/A,
BARC_1.01_Gm07_6781309_T_C,ss715598534,Gm07,6819959,T,C,unambiguous:T/C:BOT-design,T/C,
BARC_1.01_Gm07_6859582_A_G,ss715598542,Gm07,6898693,A,G,unambiguous:A/G:TOP,A/G,
BARC_1.01_Gm07_6947362_A_G,ss715598558,Gm07,6985620,A,G,unambiguous:A/G:TOP,A/G,
BARC_1.01_Gm07_6986674_G_A,ss715598564,Gm07,7024929,A,G,unambiguous:A/G:TOP,G/A,
BARC_1.01_Gm07_7032715_G_A,ss715598569,Gm07,7070970,A,G,unambiguous:A/G:TOP,G/A,
BARC_1.01_Gm07_7096376_G_T,ss715598573,Gm07,7134727,T,G,unambiguous:T/G:BOT-design,G/T,
BARC_1.01_Gm07_7160924_T_C,ss715598582,Gm07,7199289,T,C,unambiguous:T/C:BOT-design,T/C,
BARC_1.01_Gm07_7207534_C_T,ss715598589,Gm07,7245899,T,C,unambiguous:T/C:BOT-design,C/T,
BARC_1.01_Gm07_7284474_A_G,ss715598596,Gm07,7323722,A,G,unambiguous:A/G:TOP,A/G,
BARC_1.01_Gm07_7369745_C_T,ss715598608,Gm07,7409086,T,C,unambiguous:T/C:BOT-design,C/T,
BARC_1.01_Gm07_7433203_C_T,ss715598614,Gm07,7472599,T,C,unambiguous:T/C:BOT-design,C/T,
BARC_1.01_Gm07_7489377_T_C,ss715598623,Gm07,7528747,T,C,unambiguous:T/C:BOT-design,T/C,
BARC_1.01_Gm07_7505701_A_G,ss715598628,Gm07,7545073,A,G,unambiguous:A/G:TOP,A/G,
BARC_1.01_Gm07_7579367_G_A,ss715598641,Gm07,7618741,A,G,unambiguous:A/G:TOP,G/A,
BARC_1.01_Gm07_7618698_T_C,ss715598650,Gm07,7658072,T,C,unambiguous:T/C:BOT-design,T/C,
BARC_1.01_Gm07_7666127_T_C,ss715598665,Gm07,7705501,T,C,unambiguous:T/C:BOT-design,T/C,
BARC_1.01_Gm07_7732175_G_A,ss715598681,Gm07,7771549,A,G,unambiguous:A/G:TOP,G/A,
BARC_1.01_Gm07_7812393_C_T,ss715598700,Gm07,7851767,T,C,unambiguous:T/C:BOT-design,C/T,
BARC_1.01_Gm07_7848929_T_C,ss715598716,Gm07,7888303,T,C,unambiguous:T/C:BOT-design,T/C,
BARC_1.01_Gm07_7913364_T_C,ss715598722,Gm07,7952738,T,C,unambiguous:T/C:BOT-design,T/C,
BARC_1.01_Gm07_7950118_A_G,ss715598725,Gm07,7989492,A,G,unambiguous:A/G:TOP,A/G,
BARC_1.01_Gm07_7984980_G_T,ss715598731,Gm07,8024362,T,G,unambiguous:T/G:BOT-design,G/T,
BARC_1.01_Gm07_8018299_A_G,ss715598743,Gm07,8057681,A,G,unambiguous:A/G:TOP,A/G,
BARC_1.01_Gm07_8112122_C_T,ss715598762,Gm07,8151504,T,C,unambiguous:T/C:BOT-design,C/T,
BARC_1.01_Gm07_8166605_T_C,ss715598774,Gm07,8206004,T,C,unambiguous:T/C:BOT-design,T/C,
BARC_1.01_Gm07_8212204_A_G,ss715598781,Gm07,8251589,A,G,unambiguous:A/G:TOP,A/G,
BARC_1.01_Gm07_8270118_T_C,ss715598793,Gm07,8309503,T,C,unambiguous:T/C:BOT-design,T/C,
BARC_1.01_Gm07_8327392_G_A,ss715598805,Gm07,8367502,A,G,unambiguous:A/G:TOP,G/A,
BARC_1.01_Gm07_8385653_T_C,ss715598821,Gm07,8425687,T,C,unambiguous:T/C:BOT-design,T/C,
BARC_1.01_Gm07_8419994_A_G,ss715598826,Gm07,8460028,A,G,unambiguous:A/G:TOP,A/G,
BARC_1.01_Gm07_8488086_A_G,ss715598839,Gm07,8528893,A,G,unambiguous:A/G:TOP,A/G,
BARC_1.01_Gm07_8535939_T_C,ss715598851,Gm07,8576746,T,C,unambiguous:T/C:BOT-design,T/C,
BARC_1.01_Gm07_8591371_G_A,ss715598856,Gm07,8632178,A,G,unambiguous:A/G:TOP,G/A,
BARC_1.01_Gm07_8657083_C_T,ss715598871,Gm07,8697890,T,C,unambiguous:T/C:BOT-design,C/T,
BARC_1.01_Gm07_8698310_G_A,ss715598880,Gm07,8739263,A,G,unambiguous:A/G:TOP,G/A,
BARC_1.01_Gm07_8748742_C_T,ss715598896,Gm07,8789695,T,C,unambiguous:T/C:BOT-design,C/T,
BARC_1.01_Gm07_8887938_C_T,ss715598927,Gm07,8928888,T,C,unambiguous:T/C:BOT-design,C/T,
BARC_1.01_Gm07_8928954_G_A,ss715598941,Gm07,8969904,A,G,unambiguous:A/G:TOP,G/A,
BARC_1.01_Gm07_8966079_T_G,ss715598947,Gm07,9007029,T,G,unambiguous:T/G:BOT-design,T/G,
BARC_1.01_Gm07_9006025_G_A,ss715598961,Gm07,9047011,A,G,unambiguous:A/G:TOP,G/A,
BARC_1.01_Gm07_9057074_G_A,ss715598967,Gm07,9098060,A,G,unambiguous:A/G:TOP,G/A,
BARC_1.01_Gm07_9102516_A_G,ss715598980,Gm07,9143502,A,G,unambiguous:A/G:TOP,A/G,
BARC_1.01_Gm07_9181548_T_C,ss715599000,Gm07,9222627,T,C,unambiguous:T/C:BOT-design,T/C,
BARC_1.01_Gm07_9267799_G_A,ss715599014,Gm07,9305057,A,G,unambiguous:A/G:TOP,G/A,
BARC_1.01_Gm07_9305234_A_G,ss715599018,Gm07,9342241,A,G,unambiguous:A/G:TOP,A/G,
BARC_1.01_Gm07_9372460_G_A,ss715599025,Gm07,9409467,A,G,unambiguous:A/G:TOP,G/A,
BARC_1.01_Gm07_9402863_A_G,ss715599031,Gm07,9439870,A,G,unambiguous:A/G:TOP,A/G,
BARC_1.01_Gm07_9452257_T_C,ss715599044,Gm07,9489274,T,C,unambiguous:T/C:BOT-design,T/C,
BARC_1.01_Gm07_9535678_A_G,ss715599065,Gm07,9572695,A,G,unambiguous:A/G:TOP,A/G,
BARC_1.01_Gm07_9628835_G_A,ss715599078,Gm07,9665913,A,G,unambiguous:A/G:TOP,G/A,
BARC_1.01_Gm07_9684260_C_T,ss715599089,Gm07,9730337,T,C,unambiguous:T/C:BOT-design,C/T,
BARC_1.01_Gm07_9774687_G_A,ss715599109,Gm07,9820764,A,G,unambiguous:A/G:TOP,G/A,
BARC_1.01_Gm07_9800952_A_G,ss715599114,Gm07,9847029,A,G,unambiguous:A/G:TOP,A/G,
BARC_1.01_Gm07_9863864_A_C,ss715599122,Gm07,9909832,A,C,unambiguous:A/C:TOP,A/C,
BARC_1.01_Gm07_10009107_G_A,ss715595712,Gm07,10054874,A,G,unambiguous:A/G:TOP,G/A,
BARC_1.01_Gm07_10117575_G_A,ss715595733,Gm07,10165542,A,G,unambiguous:A/G:TOP,G/A,
BARC_1.01_Gm07_10193199_G_A,ss715595743,Gm07,10241187,A,G,unambiguous:A/G:TOP,G/A,
BARC_1.01_Gm07_10236359_A_G,ss715595751,Gm07,10286005,A,G,unambiguous:A/G:TOP,A/G,
BARC_1.01_Gm07_10403810_C_T,ss715595762,Gm07,10453460,T,C,unambiguous:T/C:BOT-design,C/T,
BARC_1.01_Gm07_10451670_C_T,ss715595769,Gm07,10501318,T,C,unambiguous:T/C:BOT-design,C/T,
BARC_1.01_Gm07_14748407_G_T,ss715596280,Gm07,10539892,T,G,unambiguous:T/G:BOT-design,G/T,
BARC_1.01_Gm07_14552113_T_G,ss715596255,Gm07,10736049,T,G,unambiguous:T/G:BOT-design,T/G,
BARC_1.01_Gm07_14256111_T_C,ss715596184,Gm07,11031953,T,C,unambiguous:T/C:BOT-design,T/C,
BARC_1.01_Gm07_14090959_A_G,ss715596167,Gm07,11196802,A,G,unambiguous:A/G:TOP,A/G,
BARC_1.01_Gm07_12858110_C_A,ss715595982,Gm07,12441147,A,C,unambiguous:A/C:TOP,C/A,
BARC_1.01_Gm07_11956773_T_C,ss715595919,Gm07,13346801,T,C,unambiguous:T/C:BOT-design,T/C,
BARC_1.01_Gm07_11762657_T_C,ss715595898,Gm07,13540657,T,C,unambiguous:T/C:BOT-design,T/C,
BARC_1.01_Gm07_11707828_T_C,ss715595890,Gm07,13594605,T,C,unambiguous:T/C:BOT-design,T/C,
BARC_1.01_Gm07_11517990_A_G,ss715595869,Gm07,13784462,A,G,unambiguous:A/G:TOP,A/G,
BARC_1.01_Gm07_11218843_C_T,ss715595860,Gm07,14092832,T,C,unambiguous:T/C:BOT-design,C/T,
BARC_1.01_Gm07_11153441_A_G,ss715595851,Gm07,14158741,A,G,unambiguous:A/G:TOP,A/G,
BARC_1.01_Gm07_10967802_C_T,ss715595823,Gm07,14344298,T,C,unambiguous:T/C:BOT-design,C/T,
BARC_1.01_Gm07_10926994_A_G,ss715595816,Gm07,14385106,A,G,unambiguous:A/G:TOP,A/G,
BARC_1.01_Gm07_10806729_G_A,ss715595803,Gm07,14505370,A,G,unambiguous:A/G:TOP,G/A,
BARC_1.01_Gm07_14830454_T_C,ss715596294,Gm07,14917572,T,C,unambiguous:T/C:BOT-design,T/C,
BARC_1.01_Gm07_14862607_C_T,ss715596305,Gm07,14949725,T,C,unambiguous:T/C:BOT-design,C/T,
BARC_1.01_Gm07_14979158_T_C,ss715596330,Gm07,15066276,T,C,unambiguous:T/C:BOT-design,T/C,
BARC_1.01_Gm07_15017830_C_T,ss715596334,Gm07,15104950,T,C,unambiguous:T/C:BOT-design,C/T,
BARC_1.01_Gm07_15085661_G_A,ss715596350,Gm07,15172753,A,G,unambiguous:A/G:TOP,G/A,
BARC_1.01_Gm07_15137575_A_G,ss715596365,Gm07,15224667,A,G,unambiguous:A/G:TOP,A/G,
BARC_1.01_Gm07_15181335_A_C,ss715596372,Gm07,15268423,A,C,unambiguous:A/C:TOP,A/C,
BARC_1.01_Gm07_15330002_C_A,ss715596397,Gm07,15417090,A,C,unambiguous:A/C:TOP,C/A,
BARC_1.01_Gm07_15394475_T_C,ss715596407,Gm07,15481583,T,C,unambiguous:T/C:BOT-design,T/C,
BARC_1.01_Gm07_15549006_A_G,ss715596435,Gm07,15636044,A,G,unambiguous:A/G:TOP,A/G,
BARC_1.01_Gm07_15590266_C_T,ss715596444,Gm07,15677304,T,C,unambiguous:T/C:BOT-design,C/T,
BARC_1.01_Gm07_15663842_T_C,ss715596455,Gm07,15750880,T,C,unambiguous:T/C:BOT-design,T/C,
BARC_1.01_Gm07_15717199_G_T,ss715596463,Gm07,15804237,T,G,unambiguous:T/G:BOT-design,G/T,
BARC_1.01_Gm07_15748996_T_G,ss715596467,Gm07,15836034,T,G,unambiguous:T/G:BOT-design,T/G,
BARC_1.01_Gm07_15800472_A_G,ss715596475,Gm07,15887510,A,G,unambiguous:A/G:TOP,A/G,
BARC_1.01_Gm07_15870753_C_A,ss715596483,Gm07,15960048,A,C,unambiguous:A/C:TOP,C/A,
BARC_1.01_Gm07_15939720_A_G,ss715596495,Gm07,16030786,A,G,unambiguous:A/G:TOP,A/G,
BARC_1.01_Gm07_16020670_G_T,ss715596504,Gm07,16111431,T,G,unambiguous:T/G:BOT-design,G/T,
BARC_1.01_Gm07_16031010_C_T,ss715596507,Gm07,16121771,T,C,unambiguous:T/C:BOT-design,C/T,
BARC_1.01_Gm07_16100034_C_T,ss715596525,Gm07,16190796,T,C,unambiguous:T/C:BOT-design,C/T,
BARC_1.01_Gm07_16155436_G_A,ss715596532,Gm07,16244037,A,G,unambiguous:A/G:TOP,G/A,
BARC_1.01_Gm07_16393117_A_G,ss715596548,Gm07,16486076,A,G,unambiguous:A/G:TOP,A/G,
BARC_1.01_Gm07_16438076_A_G,ss715596553,Gm07,16531035,A,G,unambiguous:A/G:TOP,A/G,
BARC_1.01_Gm07_16489886_T_C,ss715596557,Gm07,16582884,T,C,unambiguous:T/C:BOT-design,T/C,
BARC_1.01_Gm07_16532107_A_G,ss715596568,Gm07,16625092,A,G,unambiguous:A/G:TOP,A/G,
BARC_1.01_Gm07_16702758_C_T,ss715596586,Gm07,16788563,T,C,unambiguous:T/C:BOT-design,C/T,
BARC_1.01_Gm07_16809664_A_G,ss715596595,Gm07,16894812,A,G,unambiguous:A/G:TOP,A/G,
BARC_1.01_Gm07_16937302_T_C,ss715596614,Gm07,17022485,T,C,unambiguous:T/C:BOT-design,T/C,
BARC_1.01_Gm07_16979586_C_T,ss715596625,Gm07,17065562,T,C,unambiguous:T/C:BOT-design,C/T,
BARC_1.01_Gm07_17030454_G_A,ss715596632,Gm07,17116283,A,G,unambiguous:A/G:TOP,G/A,
BARC_1.01_Gm07_17095590_C_T,ss715596644,Gm07,17181419,T,C,unambiguous:T/C:BOT-design,C/T,
BARC_1.01_Gm07_17160464_A_G,ss715596655,Gm07,17246293,A,G,unambiguous:A/G:TOP,A/G,
BARC_1.01_Gm07_17362808_A_G,ss715596664,Gm07,17449401,A,G,unambiguous:A/G:TOP,A/G,
BARC_1.01_Gm07_17615932_A_G,ss715596673,Gm07,17699946,A,G,unambiguous:A/G:TOP,A/G,
BARC_1.01_Gm07_17922541_T_C,ss715596686,Gm07,18000930,T,C,unambiguous:T/C:BOT-design,T/C,
BARC_1.01_Gm07_18175034_G_A,ss715596695,Gm07,18264628,A,G,unambiguous:A/G:TOP,G/A,
BARC_1.01_Gm07_18293045_C_T,ss715596699,Gm07,18382782,T,C,unambiguous:T/C:BOT-design,C/T,
BARC_1.01_Gm07_18633505_T_C,ss715596707,Gm07,18723135,T,C,unambiguous:T/C:BOT-design,T/C,
BARC_1.01_Gm07_18928198_T_C,ss715596714,Gm07,19017836,T,C,unambiguous:T/C:BOT-design,T/C,
BARC_1.01_Gm07_19361456_T_C,ss715596729,Gm07,19451093,T,C,unambiguous:T/C:BOT-design,T/C,
BARC_1.01_Gm07_19905517_G_A,ss715596748,Gm07,19997015,A,G,unambiguous:A/G:TOP,G/A,
BARC_1.01_Gm07_20527016_C_T,ss715596775,Gm07,20626887,T,C,unambiguous:T/C:BOT-design,C/T,
BARC_1.01_Gm07_21193861_G_A,ss715596792,Gm07,21255540,A,G,unambiguous:A/G:TOP,G/A,
BARC_1.01_Gm07_21217603_T_C,ss715596794,Gm07,21293829,T,C,unambiguous:T/C:BOT-design,T/C,
BARC_1.01_Gm07_24197913_T_G,ss715596862,Gm07,22970212,T,G,unambiguous:T/G:BOT-design,T/G,
BARC_1.01_Gm07_23710284_A_G,ss715596853,Gm07,23456879,A,G,unambiguous:A/G:TOP,A/G,
BARC_1.01_Gm07_22686796_T_C,ss715596828,Gm07,24489733,T,C,unambiguous:T/C:BOT-design,T/C,
BARC_1.01_Gm07_22668340_A_G,ss715596826,Gm07,24508189,A,G,unambiguous:A/G:TOP,A/G,
BARC_1.01_Gm07_24960162_C_A,ss715596886,Gm07,25078333,A,C,unambiguous:A/C:TOP,C/A,
BARC_1.01_Gm07_26960074_A_G,ss715596955,Gm07,27011688,A,G,unambiguous:A/G:TOP,A/G,
BARC_1.01_Gm07_27445113_A_G,ss715596983,Gm07,27503018,A,G,unambiguous:A/G:TOP,A/G,
BARC_1.01_Gm07_27998252_G_A,ss715597008,Gm07,28059713,A,G,unambiguous:A/G:TOP,G/A,
BARC_1.01_Gm07_28865848_T_C,ss715597036,Gm07,28935619,T,C,unambiguous:T/C:BOT-design,T/C,
BARC_1.01_Gm07_29330183_G_A,ss715597051,Gm07,29400223,A,G,unambiguous:A/G:TOP,G/A,
BARC_1.01_Gm07_30018015_T_C,ss715597074,Gm07,29946583,T,C,unambiguous:T/C:BOT-design,T/C,
BARC_1.01_Gm07_30471642_A_G,ss715597094,Gm07,30398934,A,G,unambiguous:A/G:TOP,A/G,
BARC_1.01_Gm07_31363791_T_C,ss715597126,Gm07,31263344,T,C,unambiguous:T/C:BOT-design,T/C,
BARC_1.01_Gm07_32588864_T_C,ss715597177,Gm07,32484469,T,C,unambiguous:T/C:BOT-design,T/C,
BARC_1.01_Gm07_33333813_T_C,ss715597208,Gm07,33227966,T,C,unambiguous:T/C:BOT-design,T/C,
BARC_1.01_Gm07_33718140_A_G,ss715597227,Gm07,33595655,A,G,unambiguous:A/G:TOP,A/G,
BARC_1.01_Gm07_34279212_C_T,ss715597242,Gm07,34157286,T,C,unambiguous:T/C:BOT-design,C/T,
BARC_1.01_Gm07_34580678_G_A,ss715597259,Gm07,34451110,A,G,unambiguous:A/G:TOP,G/A,
BARC_1.01_Gm07_35142318_A_G,ss715597296,Gm07,35006083,A,G,unambiguous:A/G:TOP,A/G,
BARC_1.01_Gm07_35194991_A_G,ss715597298,Gm07,35058752,A,G,unambiguous:A/G:TOP,A/G,
BARC_1.01_Gm07_35356921_A_G,ss715597312,Gm07,35220682,A,G,unambiguous:A/G:TOP,A/G,
BARC_1.01_Gm07_35402439_G_A,ss715597316,Gm07,35266200,A,G,unambiguous:A/G:TOP,G/A,
BARC_1.01_Gm07_35471112_T_C,ss715597320,Gm07,35334874,T,C,unambiguous:T/C:BOT-design,T/C,
BARC_1.01_Gm07_35547398_T_C,ss715597327,Gm07,35411154,T,C,unambiguous:T/C:BOT-design,T/C,
BARC_1.01_Gm07_35619623_G_A,ss715597336,Gm07,35483387,A,G,unambiguous:A/G:TOP,G/A,
BARC_1.01_Gm07_35736677_G_A,ss715597339,Gm07,35613115,A,G,unambiguous:A/G:TOP,G/A,
BARC_1.01_Gm07_35809061_C_T,ss715597345,Gm07,35685118,T,C,unambiguous:T/C:BOT-design,C/T,
BARC_1.01_Gm07_35908169_T_C,ss715597356,Gm07,35784231,T,C,unambiguous:T/C:BOT-design,T/C,
BARC_1.01_Gm07_35992034_T_G,ss715597365,Gm07,35868100,T,G,unambiguous:T/G:BOT-design,T/G,
BARC_1.01_Gm07_36094482_T_G,ss715597370,Gm07,35979624,T,G,unambiguous:T/G:BOT-design,T/G,
BARC_1.01_Gm07_36151607_T_G,ss715597374,Gm07,36036751,T,G,unambiguous:T/G:BOT-design,T/G,
BARC_1.01_Gm07_36285014_A_G,ss715597388,Gm07,36170156,A,G,unambiguous:A/G:TOP,A/G,
BARC_1.01_Gm07_36357080_T_C,ss715597398,Gm07,36245160,T,C,unambiguous:T/C:BOT-design,T/C,
BARC_1.01_Gm07_36551753_A_G,ss715597425,Gm07,36439830,A,G,unambiguous:A/G:TOP,A/G,
BARC_1.01_Gm07_36605671_C_T,ss715597434,Gm07,36493756,T,C,unambiguous:T/C:BOT-design,C/T,
BARC_1.01_Gm07_36687397_G_A,ss715597449,Gm07,36580198,A,G,unambiguous:A/G:TOP,G/A,
BARC_1.01_Gm07_36740924_G_T,ss715597457,Gm07,36637968,T,G,unambiguous:T/G:BOT-design,G/T,
BARC_1.01_Gm07_36782624_T_G,ss715597466,Gm07,36679589,T,G,unambiguous:T/G:BOT-design,T/G,
BARC_1.01_Gm07_36875730_T_C,ss715597477,Gm07,36772289,T,C,unambiguous:T/C:BOT-design,T/C,
BARC_1.01_Gm07_36886320_G_T,ss715597478,Gm07,36782882,T,G,unambiguous:T/G:BOT-design,G/T,
BARC_1.01_Gm07_36998381_T_C,ss715597495,Gm07,36894956,T,C,unambiguous:T/C:BOT-design,T/C,
BARC_1.01_Gm07_37038775_T_C,ss715597502,Gm07,36935345,T,C,unambiguous:T/C:BOT-design,T/C,
BARC_1.01_Gm07_37096617_A_G,ss715597511,Gm07,36993208,A,G,unambiguous:A/G:TOP,A/G,
BARC_1.01_Gm07_37143613_T_C,ss715597527,Gm07,37049207,T,C,unambiguous:T/C:BOT-design,T/C,
BARC_1.01_Gm07_37193303_C_T,ss715597538,Gm07,37098897,T,C,unambiguous:T/C:BOT-design,C/T,
BARC_1.01_Gm07_37260926_G_A,ss715597553,Gm07,37166523,A,G,unambiguous:A/G:TOP,G/A,
BARC_1.01_Gm07_37272144_G_T,ss715597558,Gm07,37177741,T,G,unambiguous:T/G:BOT-design,G/T,
BARC_1.01_Gm07_37374894_A_C,ss715597576,Gm07,37280491,A,C,unambiguous:A/C:TOP,A/C,
BARC_1.01_Gm07_37416258_G_A,ss715597586,Gm07,37321895,A,G,unambiguous:A/G:TOP,G/A,
BARC_1.01_Gm07_37543006_A_G,ss715597599,Gm07,37448652,A,G,unambiguous:A/G:TOP,A/G,
BARC_1.01_Gm07_37598254_C_T,ss715597610,Gm07,37503899,T,C,unambiguous:T/C:BOT-design,C/T,
BARC_1.01_Gm07_37710555_C_T,ss715597629,Gm07,37616073,T,C,unambiguous:T/C:BOT-design,C/T,
BARC_1.01_Gm07_37813869_A_G,ss715597651,Gm07,37719046,A,G,unambiguous:A/G:TOP,A/G,
BARC_1.01_Gm07_37876224_T_C,ss715597660,Gm07,37781401,T,C,unambiguous:T/C:BOT-design,T/C,
BARC_1.01_Gm07_37983142_C_A,ss715597678,Gm07,37888361,A,C,unambiguous:A/C:TOP,C/A,
BARC_1.01_Gm07_38106438_A_C,ss715597704,Gm07,38066078,A,C,unambiguous:A/C:TOP,A/C,
BARC_1.01_Gm07_38146847_A_C,ss715597713,Gm07,38106679,A,C,unambiguous:A/C:TOP,A/C,
BARC_1.01_Gm07_38182939_A_C,ss715597720,Gm07,38142772,A,C,unambiguous:A/C:TOP,A/C,
BARC_1.01_Gm07_38241521_T_C,ss715597735,Gm07,38201349,T,C,unambiguous:T/C:BOT-design,T/C,
BARC_1.01_Gm07_38279775_T_G,ss715597744,Gm07,38240782,T,G,unambiguous:T/G:BOT-design,T/G,
BARC_1.01_Gm07_38334707_G_A,ss715597752,Gm07,38295714,A,G,unambiguous:A/G:TOP,G/A,
BARC_1.01_Gm07_38429072_C_T,ss715597758,Gm07,38390079,T,C,unambiguous:T/C:BOT-design,C/T,
BARC_1.01_Gm07_38543266_G_A,ss715597777,Gm07,38504182,A,G,unambiguous:A/G:TOP,G/A,
BARC_1.01_Gm07_38594738_T_C,ss715597783,Gm07,38555656,T,C,unambiguous:T/C:BOT-design,T/C,
BARC_1.01_Gm07_38631457_T_C,ss715597789,Gm07,38592439,T,C,unambiguous:T/C:BOT-design,T/C,
BARC_1.01_Gm07_38690419_T_C,ss715597796,Gm07,38649533,T,C,unambiguous:T/C:BOT-design,T/C,
BARC_1.01_Gm07_38811817_A_G,ss715597816,Gm07,38770938,A,G,unambiguous:A/G:TOP,A/G,
BARC_1.01_Gm07_38861000_C_T,ss715597822,Gm07,38820121,T,C,unambiguous:T/C:BOT-design,C/T,
BARC_1.01_Gm07_38941177_A_C,ss715597829,Gm07,38900298,A,C,unambiguous:A/C:TOP,A/C,
BARC_1.01_Gm07_38991567_G_A,ss715597834,Gm07,38950581,A,G,unambiguous:A/G:TOP,G/A,
BARC_1.01_Gm07_39048655_G_A,ss715597839,Gm07,39007503,A,G,unambiguous:A/G:TOP,G/A,
BARC_1.01_Gm07_39160931_A_G,ss715597851,Gm07,39121324,A,G,unambiguous:A/G:TOP,A/G,
BARC_1.01_Gm07_39225759_C_T,ss715597857,Gm07,39181995,T,C,unambiguous:T/C:BOT-design,C/T,
BARC_1.01_Gm07_39819949_C_T,ss715597917,Gm07,39776460,T,C,unambiguous:T/C:BOT-design,C/T,
BARC_1.01_Gm07_40348942_A_G,ss715597956,Gm07,40304782,A,G,unambiguous:A/G:TOP,A/G,
BARC_1.01_Gm07_40447348_A_G,ss715597964,Gm07,40402976,A,G,unambiguous:A/G:TOP,A/G,
BARC_1.01_Gm07_40550203_G_A,ss715597970,Gm07,40504565,A,G,unambiguous:A/G:TOP,G/A,
BARC_1.01_Gm07_40621014_G_A,ss715597976,Gm07,40573526,A,G,unambiguous:A/G:TOP,G/A,
BARC_1.01_Gm07_40784182_T_G,ss715597981,Gm07,40736523,T,G,unambiguous:T/G:BOT-design,T/G,
BARC_1.01_Gm07_40945201_C_T,ss715597998,Gm07,40896029,T,C,unambiguous:T/C:BOT-design,C/T,
BARC_1.01_Gm07_41295979_A_G,ss715598022,Gm07,41246855,A,G,unambiguous:A/G:TOP,A/G,
BARC_1.01_Gm07_41485288_G_T,ss715598034,Gm07,41436164,T,G,unambiguous:T/G:BOT-design,G/T,
BARC_1.01_Gm07_41746499_A_G,ss715598053,Gm07,41692787,A,G,unambiguous:A/G:TOP,A/G,
BARC_1.01_Gm07_41854732_G_A,ss715598060,Gm07,41801020,A,G,unambiguous:A/G:TOP,G/A,
BARC_1.01_Gm07_41892346_A_G,ss715598063,Gm07,41838721,A,G,unambiguous:A/G:TOP,A/G,
BARC_1.01_Gm07_42102555_A_G,ss715598078,Gm07,42048848,A,G,unambiguous:A/G:TOP,A/G,
BARC_1.01_Gm07_42275940_A_C,ss715598089,Gm07,42222270,A,C,unambiguous:A/C:TOP,A/C,
BARC_1.01_Gm07_42377015_T_C,ss715598099,Gm07,42323346,T,C,unambiguous:T/C:BOT-design,T/C,
BARC_1.01_Gm07_42450573_A_G,ss715598109,Gm07,42396323,A,G,unambiguous:A/G:TOP,A/G,
BARC_1.01_Gm07_42514160_T_G,ss715598115,Gm07,42459910,T,G,unambiguous:T/G:BOT-design,T/G,
BARC_1.01_Gm07_42643191_A_G,ss715598121,Gm07,42588941,A,G,unambiguous:A/G:TOP,A/G,
BARC_1.01_Gm07_42694461_T_G,ss715598124,Gm07,42640211,T,G,unambiguous:T/G:BOT-design,T/G,
BARC_1.01_Gm07_42787114_G_T,ss715598128,Gm07,42732864,T,G,unambiguous:T/G:BOT-design,G/T,
BARC_1.01_Gm07_42851461_T_C,ss715598131,Gm07,42797211,T,C,unambiguous:T/C:BOT-design,T/C,
BARC_1.01_Gm07_42923420_G_A,ss715598139,Gm07,42869168,A,G,unambiguous:A/G:TOP,G/A,
BARC_1.01_Gm07_42963672_C_A,ss715598143,Gm07,42909420,A,C,unambiguous:A/C:TOP,C/A,
BARC_1.01_Gm07_43067274_G_T,ss715598148,Gm07,43012666,T,G,unambiguous:T/G:BOT-design,G/T,
BARC_1.01_Gm07_43182856_G_A,ss715598158,Gm07,43128249,A,G,unambiguous:A/G:TOP,G/A,
BARC_1.01_Gm07_43189903_A_G,ss715598160,Gm07,43135173,A,G,unambiguous:A/G:TOP,A/G,
BARC_1.01_Gm07_43311703_G_A,ss715598166,Gm07,43258534,A,G,unambiguous:A/G:TOP,G/A,
BARC_1.01_Gm07_43506682_A_G,ss715598178,Gm07,43453490,A,G,unambiguous:A/G:TOP,A/G,
BARC_1.01_Gm07_43581535_A_G,ss715598182,Gm07,43528343,A,G,unambiguous:A/G:TOP,A/G,
BARC_1.01_Gm07_43653918_A_G,ss715598190,Gm07,43600726,A,G,unambiguous:A/G:TOP,A/G,
BARC_1.01_Gm07_43695225_A_G,ss715598192,Gm07,43641983,A,G,unambiguous:A/G:TOP,A/G,
BARC_1.01_Gm07_43803821_T_C,ss715598194,Gm07,43750579,T,C,unambiguous:T/C:BOT-design,T/C,
BARC_1.01_Gm07_43878840_C_T,ss715598198,Gm07,43825613,T,C,unambiguous:T/C:BOT-design,C/T,
BARC_1.01_Gm07_43946876_A_G,ss715598203,Gm07,43893649,A,G,unambiguous:A/G:TOP,A/G,
BARC_1.01_Gm07_44360334_A_C,ss715598223,Gm07,44307035,A,C,unambiguous:A/C:TOP,A/C,
BARC_1.01_Gm07_44451098_G_A,ss715598228,Gm07,44397815,A,G,unambiguous:A/G:TOP,G/A,
BARC_1.01_Gm07_44621109_A_G,ss715598241,Gm07,44567848,A,G,unambiguous:A/G:TOP,A/G,
BARC_1.01_Gm08_1187744_C_A,ss715599326,Gm08,1190302,A,C,unambiguous:A/C:TOP,C/A,
BARC_1.01_Gm08_1284606_T_C,ss715599422,Gm08,1287166,T,C,unambiguous:T/C:BOT-design,T/C,
BARC_1.01_Gm08_1370837_G_A,ss715599474,Gm08,1373179,A,G,unambiguous:A/G:TOP,G/A,
BARC_1.01_Gm08_1504393_C_T,ss715599649,Gm08,1506737,T,C,unambiguous:T/C:BOT-design,C/T,
BARC_1.01_Gm08_1550356_T_C,ss715599701,Gm08,1552727,T,C,unambiguous:T/C:BOT-design,T/C,
BARC_1.01_Gm08_1622175_T_C,ss715599777,Gm08,1624977,T,C,unambiguous:T/C:BOT-design,T/C,
BARC_1.01_Gm08_1817703_A_G,ss715600023,Gm08,1821010,A,G,unambiguous:A/G:TOP,A/G,
BARC_1.01_Gm08_1882181_A_G,ss715600123,Gm08,1885489,A,G,unambiguous:A/G:TOP,A/G,
BARC_1.01_Gm08_1923992_T_C,ss715600171,Gm08,1927320,T,C,unambiguous:T/C:BOT-design,T/C,
BARC_1.01_Gm08_1970033_T_C,ss715600312,Gm08,1973360,T,C,unambiguous:T/C:BOT-design,T/C,
BARC_1.01_Gm08_2041076_C_T,ss715600521,Gm08,2044689,T,C,unambiguous:T/C:BOT-design,C/T,
BARC_1.01_Gm08_2119913_T_C,ss715600627,Gm08,2123662,T,C,unambiguous:T/C:BOT-design,T/C,
BARC_1.01_Gm08_2254106_G_A,ss715600889,Gm08,2257976,A,G,unambiguous:A/G:TOP,G/A,
BARC_1.01_Gm08_2288307_A_G,ss715600970,Gm08,2292177,A,G,unambiguous:A/G:TOP,A/G,
BARC_1.01_Gm08_2341591_G_A,ss715601115,Gm08,2345459,A,G,unambiguous:A/G:TOP,G/A,
BARC_1.01_Gm08_2394647_G_A,ss715601139,Gm08,2398166,A,G,unambiguous:A/G:TOP,G/A,
BARC_1.01_Gm08_2467547_G_T,ss715601166,Gm08,2471066,T,G,unambiguous:T/G:BOT-design,G/T,
BARC_1.01_Gm08_2547323_A_G,ss715601198,Gm08,2550843,A,G,unambiguous:A/G:TOP,A/G,
BARC_1.01_Gm08_2622664_T_C,ss715601222,Gm08,2626181,T,C,unambiguous:T/C:BOT-design,T/C,
BARC_1.01_Gm08_2671408_T_C,ss715601244,Gm08,2674927,T,C,unambiguous:T/C:BOT-design,T/C,
BARC_1.01_Gm08_2837248_T_C,ss715601296,Gm08,2840929,T,C,unambiguous:T/C:BOT-design,T/C,
BARC_1.01_Gm08_2852874_A_C,ss715601303,Gm08,2856555,A,C,unambiguous:A/C:TOP,A/C,
BARC_1.01_Gm08_3018731_A_C,ss715601362,Gm08,3022795,A,C,unambiguous:A/C:TOP,A/C,
BARC_1.01_Gm08_3049284_T_G,ss715601372,Gm08,3053356,T,G,unambiguous:T/G:BOT-design,T/G,
BARC_1.01_Gm08_3178655_C_A,ss715601417,Gm08,3182921,A,C,unambiguous:A/C:TOP,C/A,
BARC_1.01_Gm08_3272385_G_T,ss715601444,Gm08,3276651,T,G,unambiguous:T/G:BOT-design,G/T,
BARC_1.01_Gm08_3285222_T_C,ss715601449,Gm08,3289486,T,C,unambiguous:T/C:BOT-design,T/C,
BARC_1.01_Gm08_3369110_G_A,ss715601478,Gm08,3373388,A,G,unambiguous:A/G:TOP,G/A,
BARC_1.01_Gm08_3519477_A_G,ss715601523,Gm08,3523755,A,G,unambiguous:A/G:TOP,A/G,
BARC_1.01_Gm08_3600353_T_G,ss715601551,Gm08,3604631,T,G,unambiguous:T/G:BOT-design,T/G,
BARC_1.01_Gm08_3780594_A_G,ss715601594,Gm08,3786749,A,G,unambiguous:A/G:TOP,A/G,
BARC_1.01_Gm08_3817334_C_T,ss715601602,Gm08,3823515,T,C,unambiguous:T/C:BOT-design,C/T,
BARC_1.01_Gm08_3985008_T_C,ss715601723,Gm08,3991132,T,C,unambiguous:T/C:BOT-design,T/C,
BARC_1.01_Gm08_4266625_A_C,ss715602078,Gm08,4272701,A,C,unambiguous:A/C:TOP,A/C,
BARC_1.01_Gm08_4667338_C_T,ss715602512,Gm08,4673523,T,C,unambiguous:T/C:BOT-design,C/T,
BARC_1.01_Gm08_4747497_G_T,ss715602534,Gm08,4753654,T,G,unambiguous:T/G:BOT-design,G/T,
BARC_1.01_Gm08_4873149_C_T,ss715602540,Gm08,4879302,T,C,unambiguous:T/C:BOT-design,C/T,
BARC_1.01_Gm08_4882276_A_G,ss715602541,Gm08,4888429,A,G,unambiguous:A/G:TOP,A/G,
BARC_1.01_Gm08_4959623_T_C,ss715602547,Gm08,4965776,T,C,unambiguous:T/C:BOT-design,T/C,
BARC_1.01_Gm08_5003648_C_T,ss715602552,Gm08,5009800,T,C,unambiguous:T/C:BOT-design,C/T,
BARC_1.01_Gm08_5082382_G_T,ss715602559,Gm08,5088534,T,G,unambiguous:T/G:BOT-design,G/T,
BARC_1.01_Gm08_5278800_G_T,ss715602576,Gm08,5287858,T,G,unambiguous:T/G:BOT-design,G/T,
BARC_1.01_Gm08_5464955_C_A,ss715602585,Gm08,5472166,A,C,unambiguous:A/C:TOP,C/A,
BARC_1.01_Gm08_5613902_A_G,ss715602597,Gm08,5621113,A,G,unambiguous:A/G:TOP,A/G,
BARC_1.01_Gm08_5701842_C_T,ss715602602,Gm08,5709053,T,C,unambiguous:T/C:BOT-design,C/T,
BARC_1.01_Gm08_5727292_G_A,ss715602605,Gm08,5734502,A,G,unambiguous:A/G:TOP,G/A,
BARC_1.01_Gm08_5960619_C_T,ss715602620,Gm08,5968621,T,C,unambiguous:T/C:BOT-design,C/T,
BARC_1.01_Gm08_6031132_C_A,ss715602622,Gm08,6039134,A,C,unambiguous:A/C:TOP,C/A,
BARC_1.01_Gm08_6065312_T_C,ss715602625,Gm08,6073168,T,C,unambiguous:T/C:BOT-design,T/C,
BARC_1.01_Gm08_6188267_T_G,ss715602631,Gm08,6196069,T,G,unambiguous:T/G:BOT-design,T/G,
BARC_1.01_Gm08_6371819_C_T,ss715602635,Gm08,6375372,T,C,unambiguous:T/C:BOT-design,C/T,
BARC_1.01_Gm08_6897932_T_C,ss715602650,Gm08,6903360,T,C,unambiguous:T/C:BOT-design,T/C,
BARC_1.01_Gm08_6964147_T_C,ss715602653,Gm08,6969568,T,C,unambiguous:T/C:BOT-design,T/C,
BARC_1.01_Gm08_7070019_G_A,ss715602662,Gm08,7075496,A,G,unambiguous:A/G:TOP,G/A,
BARC_1.01_Gm08_7103134_G_A,ss715602663,Gm08,7108611,A,G,unambiguous:A/G:TOP,G/A,
BARC_1.01_Gm08_7180829_T_G,ss715602667,Gm08,7187624,T,G,unambiguous:T/G:BOT-design,T/G,
BARC_1.01_Gm08_7418586_T_C,ss715602678,Gm08,7425389,T,C,unambiguous:T/C:BOT-design,T/C,
BARC_1.01_Gm08_7512536_C_T,ss715602685,Gm08,7519161,T,C,unambiguous:T/C:BOT-design,C/T,
BARC_1.01_Gm08_7567751_G_A,ss715602691,Gm08,7574121,A,G,unambiguous:A/G:TOP,G/A,
BARC_1.01_Gm08_7648192_A_G,ss715602699,Gm08,7654540,A,G,unambiguous:A/G:TOP,A/G,
BARC_1.01_Gm08_7714968_T_C,ss715602701,Gm08,7721316,T,C,unambiguous:T/C:BOT-design,T/C,
BARC_1.01_Gm08_7780581_G_A,ss715602705,Gm08,7787054,A,G,unambiguous:A/G:TOP,G/A,
BARC_1.01_Gm08_7817865_A_G,ss715602710,Gm08,7824338,A,G,unambiguous:A/G:TOP,A/G,
BARC_1.01_Gm08_7876754_T_C,ss715602721,Gm08,7883227,T,C,unambiguous:T/C:BOT-design,T/C,
BARC_1.01_Gm08_7955652_G_A,ss715602729,Gm08,7959982,A,G,unambiguous:A/G:TOP,G/A,
BARC_1.01_Gm08_7989547_G_T,ss715602732,Gm08,7993878,T,G,unambiguous:T/G:BOT-design,G/T,
BARC_1.01_Gm08_8043785_T_C,ss715602735,Gm08,8048119,T,C,unambiguous:T/C:BOT-design,T/C,
BARC_1.01_Gm08_8268861_A_C,ss715602749,Gm08,8273185,A,C,unambiguous:A/C:TOP,A/C,
BARC_1.01_Gm08_8305965_T_C,ss715602756,Gm08,8310289,T,C,unambiguous:T/C:BOT-design,T/C,
BARC_1.01_Gm08_8396392_A_G,ss715602760,Gm08,8465415,A,G,unambiguous:A/G:TOP,A/G,
BARC_1.01_Gm08_8483831_T_C,ss715602765,Gm08,8512373,T,C,unambiguous:T/C:BOT-design,T/C,
BARC_1.01_Gm08_8541523_G_T,ss715602773,Gm08,8571552,T,G,unambiguous:T/G:BOT-design,G/T,
BARC_1.01_Gm08_8577294_A_G,ss715602778,Gm08,8607322,A,G,unambiguous:A/G:TOP,A/G,
BARC_1.01_Gm08_8627848_A_G,ss715602786,Gm08,8657875,A,G,unambiguous:A/G:TOP,A/G,
BARC_1.01_Gm08_8695745_A_C,ss715602796,Gm08,8725772,A,C,unambiguous:A/C:TOP,A/C,
BARC_1.01_Gm08_8803704_A_C,ss715602801,Gm08,8796917,A,C,unambiguous:A/C:TOP,A/C,
BARC_1.01_Gm08_8836971_C_T,ss715602804,Gm08,8830202,T,C,unambiguous:T/C:BOT-design,C/T,
BARC_1.01_Gm08_9029887_C_T,ss715602822,Gm08,9022629,T,C,unambiguous:T/C:BOT-design,C/T,
BARC_1.01_Gm08_9111316_G_A,ss715602826,Gm08,9104059,A,G,unambiguous:A/G:TOP,G/A,
BARC_1.01_Gm08_9179927_T_C,ss715602837,Gm08,9172656,T,C,unambiguous:T/C:BOT-design,T/C,
BARC_1.01_Gm08_9227563_G_A,ss715602843,Gm08,9220290,A,G,unambiguous:A/G:TOP,G/A,
BARC_1.01_Gm08_9274750_T_C,ss715602847,Gm08,9267469,T,C,unambiguous:T/C:BOT-design,T/C,
BARC_1.01_Gm08_9339433_A_C,ss715602853,Gm08,9332121,A,C,unambiguous:A/C:TOP,A/C,
BARC_1.01_Gm08_9436305_A_G,ss715602862,Gm08,9428417,A,G,unambiguous:A/G:TOP,A/G,
BARC_1.01_Gm08_9484695_T_C,ss715602869,Gm08,9476804,T,C,unambiguous:T/C:BOT-design,T/C,
BARC_1.01_Gm08_9528526_A_C,ss715602879,Gm08,9520635,A,C,unambiguous:A/C:TOP,A/C,
BARC_1.01_Gm08_9597333_T_C,ss715602883,Gm08,9589446,T,C,unambiguous:T/C:BOT-design,T/C,
BARC_1.01_Gm08_9634993_A_C,ss715602887,Gm08,9627060,A,C,unambiguous:A/C:TOP,A/C,
BARC_1.01_Gm08_9700052_T_G,ss715602895,Gm08,9692119,T,G,unambiguous:T/G:BOT-design,T/G,
BARC_1.01_Gm08_9741542_T_C,ss715602897,Gm08,9733609,T,C,unambiguous:T/C:BOT-design,T/C,
BARC_1.01_Gm08_9789047_T_C,ss715602899,Gm08,9781116,T,C,unambiguous:T/C:BOT-design,T/C,
BARC_1.01_Gm08_9848168_T_C,ss715602902,Gm08,9840245,T,C,unambiguous:T/C:BOT-design,T/C,
BARC_1.01_Gm08_9885021_T_C,ss715602909,Gm08,9877098,T,C,unambiguous:T/C:BOT-design,T/C,
BARC_1.01_Gm08_9970013_G_T,ss715602924,Gm08,9962057,T,G,unambiguous:T/G:BOT-design,G/T,
BARC_1.01_Gm08_10116360_C_T,ss715599146,Gm08,10029124,T,C,unambiguous:T/C:BOT-design,C/T,
BARC_1.01_Gm08_10172600_G_A,ss715599150,Gm08,10085363,A,G,unambiguous:A/G:TOP,G/A,
BARC_1.01_Gm08_10303031_C_T,ss715599165,Gm08,10215938,T,C,unambiguous:T/C:BOT-design,C/T,
BARC_1.01_Gm08_10330658_A_C,ss715599171,Gm08,10243564,A,C,unambiguous:A/C:TOP,A/C,
BARC_1.01_Gm08_10418912_C_T,ss715599180,Gm08,10331662,T,C,unambiguous:T/C:BOT-design,C/T,
BARC_1.01_Gm08_10570097_C_T,ss715599202,Gm08,10482820,T,C,unambiguous:T/C:BOT-design,C/T,
BARC_1.01_Gm08_10621107_C_A,ss715599209,Gm08,10533831,A,C,unambiguous:A/C:TOP,C/A,
BARC_1.01_Gm08_10670190_C_T,ss715599214,Gm08,10582175,T,C,unambiguous:T/C:BOT-design,C/T,
BARC_1.01_Gm08_10735245_T_G,ss715599225,Gm08,10646123,T,G,unambiguous:T/G:BOT-design,T/G,
BARC_1.01_Gm08_10789902_T_C,ss715599230,Gm08,10700780,T,C,unambiguous:T/C:BOT-design,T/C,
BARC_1.01_Gm08_10850793_C_A,ss715599233,Gm08,10761671,A,C,unambiguous:A/C:TOP,C/A,
BARC_1.01_Gm08_10947242_C_T,ss715599239,Gm08,10858120,T,C,unambiguous:T/C:BOT-design,C/T,
BARC_1.01_Gm08_11052135_C_T,ss715599242,Gm08,10963012,T,C,unambiguous:T/C:BOT-design,C/T,
BARC_1.01_Gm08_11073425_T_G,ss715599243,Gm08,10984300,T,G,unambiguous:T/G:BOT-design,T/G,
BARC_1.01_Gm08_11215154_C_T,ss715599253,Gm08,11126044,T,C,unambiguous:T/C:BOT-design,C/T,
BARC_1.01_Gm08_11257840_T_C,ss715599258,Gm08,11168730,T,C,unambiguous:T/C:BOT-design,T/C,
BARC_1.01_Gm08_11359720_A_G,ss715599268,Gm08,11270610,A,G,unambiguous:A/G:TOP,A/G,
BARC_1.01_Gm08_11451417_C_T,ss715599285,Gm08,11367862,T,C,unambiguous:T/C:BOT-design,C/T,
BARC_1.01_Gm08_11501419_A_C,ss715599292,Gm08,11417708,A,C,unambiguous:A/C:TOP,A/C,
BARC_1.01_Gm08_11560988_T_C,ss715599296,Gm08,11477277,T,C,unambiguous:T/C:BOT-design,T/C,
BARC_1.01_Gm08_11643406_C_T,ss715599300,Gm08,11560276,T,C,unambiguous:T/C:BOT-design,C/T,
BARC_1.01_Gm08_11685418_C_T,ss715599303,Gm08,11602284,T,C,unambiguous:T/C:BOT-design,C/T,
BARC_1.01_Gm08_11730256_T_C,ss715599307,Gm08,11647122,T,C,unambiguous:T/C:BOT-design,T/C,
BARC_1.01_Gm08_11759489_C_T,ss715599311,Gm08,11676355,T,C,unambiguous:T/C:BOT-design,C/T,
BARC_1.01_Gm08_11864710_G_A,ss715599325,Gm08,11782557,A,G,unambiguous:A/G:TOP,G/A,
BARC_1.01_Gm08_11914363_C_T,ss715599334,Gm08,11832210,T,C,unambiguous:T/C:BOT-design,C/T,
BARC_1.01_Gm08_11971416_C_T,ss715599349,Gm08,11888613,T,C,unambiguous:T/C:BOT-design,C/T,
BARC_1.01_Gm08_12055669_A_G,ss715599356,Gm08,11973143,A,G,unambiguous:A/G:TOP,A/G,
BARC_1.01_Gm08_12189320_G_A,ss715599370,Gm08,12106889,A,G,unambiguous:A/G:TOP,G/A,
BARC_1.01_Gm08_12251183_T_C,ss715599375,Gm08,12168750,T,C,unambiguous:T/C:BOT-design,T/C,
BARC_1.01_Gm08_12309919_A_G,ss715599384,Gm08,12227484,A,G,unambiguous:A/G:TOP,A/G,
BARC_1.01_Gm08_12392887_C_T,ss715599395,Gm08,12310493,T,C,unambiguous:T/C:BOT-design,C/T,
BARC_1.01_Gm08_12475844_A_C,ss715599406,Gm08,12393450,A,C,unambiguous:A/C:TOP,A/C,
BARC_1.01_Gm08_12513720_C_T,ss715599409,Gm08,12431326,T,C,unambiguous:T/C:BOT-design,C/T,
BARC_1.01_Gm08_12574842_C_A,ss715599411,Gm08,12492448,A,C,unambiguous:A/C:TOP,C/A,
BARC_1.01_Gm08_12660080_C_A,ss715599412,Gm08,12577706,A,C,unambiguous:A/C:TOP,C/A,
BARC_1.01_Gm08_12714510_T_C,ss715599416,Gm08,12632136,T,C,unambiguous:T/C:BOT-design,T/C,
BARC_1.01_Gm08_12869977_G_A,ss715599423,Gm08,12796602,A,G,unambiguous:A/G:TOP,G/A,
BARC_1.01_Gm08_12971742_G_A,ss715599425,Gm08,12898369,A,G,unambiguous:A/G:TOP,G/A,
BARC_1.01_Gm08_13040141_A_G,ss715599431,Gm08,12966725,A,G,unambiguous:A/G:TOP,A/G,
BARC_1.01_Gm08_13109130_A_G,ss715599433,Gm08,13035714,A,G,unambiguous:A/G:TOP,A/G,
BARC_1.01_Gm08_13198471_C_T,ss715599437,Gm08,13125324,T,C,unambiguous:T/C:BOT-design,C/T,
BARC_1.01_Gm08_13236059_C_A,ss715599440,Gm08,13162912,A,C,unambiguous:A/C:TOP,C/A,
BARC_1.01_Gm08_13311178_A_G,ss715599445,Gm08,13238031,A,G,unambiguous:A/G:TOP,A/G,
BARC_1.01_Gm08_13348835_C_T,ss715599449,Gm08,13275688,T,C,unambiguous:T/C:BOT-design,C/T,
BARC_1.01_Gm08_13459269_T_G,ss715599456,Gm08,13394455,T,G,unambiguous:T/G:BOT-design,T/G,
BARC_1.01_Gm08_13581113_A_C,ss715599467,Gm08,13516359,A,C,unambiguous:A/C:TOP,A/C,
BARC_1.01_Gm08_13640846_A_G,ss715599471,Gm08,13577555,A,G,unambiguous:A/G:TOP,A/G,
BARC_1.01_Gm08_13782412_C_T,ss715599480,Gm08,13717165,T,C,unambiguous:T/C:BOT-design,C/T,
BARC_1.01_Gm08_13880758_T_C,ss715599483,Gm08,13815507,T,C,unambiguous:T/C:BOT-design,T/C,
BARC_1.01_Gm08_13914377_A_G,ss715599486,Gm08,13849126,A,G,unambiguous:A/G:TOP,A/G,
BARC_1.01_Gm08_13959439_T_C,ss715599492,Gm08,13890148,T,C,unambiguous:T/C:BOT-design,T/C,
BARC_1.01_Gm08_14004130_G_A,ss715599497,Gm08,13934839,A,G,unambiguous:A/G:TOP,G/A,
BARC_1.01_Gm08_14033412_T_G,ss715599505,Gm08,13964121,T,G,unambiguous:T/G:BOT-design,T/G,
BARC_1.01_Gm08_14198186_G_T,ss715599529,Gm08,14128918,T,G,unambiguous:T/G:BOT-design,G/T,
BARC_1.01_Gm08_14233959_A_C,ss715599535,Gm08,14164691,A,C,unambiguous:A/C:TOP,A/C,
BARC_1.01_Gm08_14353179_A_C,ss715599555,Gm08,14283732,A,C,unambiguous:A/C:TOP,A/C,
BARC_1.01_Gm08_14431777_C_A,ss715599563,Gm08,14362330,A,C,unambiguous:A/C:TOP,C/A,
BARC_1.01_Gm08_14460902_T_C,ss715599565,Gm08,14391455,T,C,unambiguous:T/C:BOT-design,T/C,
BARC_1.01_Gm08_14497484_C_T,ss715599568,Gm08,14428037,T,C,unambiguous:T/C:BOT-design,C/T,
BARC_1.01_Gm08_14547171_T_C,ss715599575,Gm08,14477724,T,C,unambiguous:T/C:BOT-design,T/C,
BARC_1.01_Gm08_14646649_A_G,ss715599587,Gm08,14577038,A,G,unambiguous:A/G:TOP,A/G,
BARC_1.01_Gm08_14709181_C_A,ss715599597,Gm08,14639570,A,C,unambiguous:A/C:TOP,C/A,
BARC_1.01_Gm08_14742607_A_C,ss715599605,Gm08,14672996,A,C,unambiguous:A/C:TOP,A/C,
BARC_1.01_Gm08_14781850_T_C,ss715599607,Gm08,14712827,T,C,unambiguous:T/C:BOT-design,T/C,
BARC_1.01_Gm08_14833954_G_A,ss715599616,Gm08,14764913,A,G,unambiguous:A/G:TOP,G/A,
BARC_1.01_Gm08_14876508_C_T,ss715599630,Gm08,14807467,T,C,unambiguous:T/C:BOT-design,C/T,
BARC_1.01_Gm08_15131577_A_G,ss715599654,Gm08,15062941,A,G,unambiguous:A/G:TOP,A/G,
BARC_1.01_Gm08_15153503_G_T,ss715599658,Gm08,15084953,T,G,unambiguous:T/G:BOT-design,G/T,
BARC_1.01_Gm08_15193841_T_C,ss715599668,Gm08,15125250,T,C,unambiguous:T/C:BOT-design,T/C,
BARC_1.01_Gm08_15386438_A_G,ss715599696,Gm08,15317735,A,G,unambiguous:A/G:TOP,A/G,
BARC_1.01_Gm08_15538275_A_C,ss715599704,Gm08,15469335,A,C,unambiguous:A/C:TOP,A/C,
BARC_1.01_Gm08_15573572_T_G,ss715599706,Gm08,15504868,T,G,unambiguous:T/G:BOT-design,T/G,
BARC_1.01_Gm08_15617476_A_G,ss715599708,Gm08,15548772,A,G,unambiguous:A/G:TOP,A/G,
BARC_1.01_Gm08_15675506_A_C,ss715599719,Gm08,15592180,A,C,unambiguous:A/C:TOP,A/C,
BARC_1.01_Gm08_15728680_T_C,ss715599724,Gm08,15645356,T,C,unambiguous:T/C:BOT-design,T/C,
BARC_1.01_Gm08_15774036_T_C,ss715599727,Gm08,15690728,T,C,unambiguous:T/C:BOT-design,T/C,
BARC_1.01_Gm08_15829093_T_G,ss715599734,Gm08,15745785,T,G,unambiguous:T/G:BOT-design,T/G,
BARC_1.01_Gm08_15862930_A_C,ss715599743,Gm08,15780389,A,C,unambiguous:A/C:TOP,A/C,
BARC_1.01_Gm08_15928921_A_G,ss715599753,Gm08,15845309,A,G,unambiguous:A/G:TOP,A/G,
BARC_1.01_Gm08_16170136_C_A,ss715599768,Gm08,16094804,A,C,unambiguous:A/C:TOP,C/A,
BARC_1.01_Gm08_16206984_A_G,ss715599771,Gm08,16131652,A,G,unambiguous:A/G:TOP,A/G,
BARC_1.01_Gm08_16256510_A_C,ss715599787,Gm08,16190177,A,C,unambiguous:A/C:TOP,A/C,
BARC_1.01_Gm08_16290836_T_C,ss715599795,Gm08,16224503,T,C,unambiguous:T/C:BOT-design,T/C,
BARC_1.01_Gm08_16340916_T_G,ss715599805,Gm08,16274583,T,G,unambiguous:T/G:BOT-design,T/G,
BARC_1.01_Gm08_16378273_G_A,ss715599810,Gm08,16311940,A,G,unambiguous:A/G:TOP,G/A,
BARC_1.01_Gm08_16516580_A_G,ss715599818,Gm08,16451124,A,G,unambiguous:A/G:TOP,A/G,
BARC_1.01_Gm08_16594144_T_C,ss715599835,Gm08,16528688,T,C,unambiguous:T/C:BOT-design,T/C,
BARC_1.01_Gm08_16683505_C_T,ss715599850,Gm08,16618049,T,C,unambiguous:T/C:BOT-design,C/T,
BARC_1.01_Gm08_16790002_C_A,ss715599860,Gm08,16724420,A,C,unambiguous:A/C:TOP,C/A,
BARC_1.01_Gm08_16823465_A_C,ss715599862,Gm08,16757883,A,C,unambiguous:A/C:TOP,A/C,
BARC_1.01_Gm08_16860906_T_C,ss715599868,Gm08,16795090,T,C,unambiguous:T/C:BOT-design,T/C,
BARC_1.01_Gm08_16901934_C_T,ss715599872,Gm08,16836118,T,C,unambiguous:T/C:BOT-design,C/T,
BARC_1.01_Gm08_16964379_T_C,ss715599877,Gm08,16898563,T,C,unambiguous:T/C:BOT-design,T/C,
BARC_1.01_Gm08_17019955_C_T,ss715599882,Gm08,16954139,T,C,unambiguous:T/C:BOT-design,C/T,
BARC_1.01_Gm08_17083426_A_G,ss715599890,Gm08,17017611,A,G,unambiguous:A/G:TOP,A/G,
BARC_1.01_Gm08_17171212_G_A,ss715599896,Gm08,17105398,A,G,unambiguous:A/G:TOP,G/A,
BARC_1.01_Gm08_17273651_T_C,ss715599905,Gm08,17207837,T,C,unambiguous:T/C:BOT-design,T/C,
BARC_1.01_Gm08_17307109_T_C,ss715599912,Gm08,17241295,T,C,unambiguous:T/C:BOT-design,T/C,
BARC_1.01_Gm08_17354374_G_T,ss715599914,Gm08,17288564,T,G,unambiguous:T/G:BOT-design,G/T,
BARC_1.01_Gm08_17399376_A_G,ss715599932,Gm08,17333566,A,G,unambiguous:A/G:TOP,A/G,
BARC_1.01_Gm08_17444010_T_G,ss715599938,Gm08,17378200,T,G,unambiguous:T/G:BOT-design,T/G,
BARC_1.01_Gm08_17484510_T_C,ss715599941,Gm08,17418700,T,C,unambiguous:T/C:BOT-design,T/C,
BARC_1.01_Gm08_17529249_G_T,ss715599942,Gm08,17464069,T,G,unambiguous:T/G:BOT-design,G/T,
BARC_1.01_Gm08_17579484_C_T,ss715599950,Gm08,17514307,T,C,unambiguous:T/C:BOT-design,C/T,
BARC_1.01_Gm08_17579846_T_C,ss715599951,Gm08,17514669,T,C,unambiguous:T/C:BOT-design,T/C,
BARC_1.01_Gm08_17718826_A_G,ss715599966,Gm08,17653606,A,G,unambiguous:A/G:TOP,A/G,
BARC_1.01_Gm08_17813383_C_T,ss715599971,Gm08,17748776,T,C,unambiguous:T/C:BOT-design,C/T,
BARC_1.01_Gm08_17928709_C_T,ss715599989,Gm08,17864282,T,C,unambiguous:T/C:BOT-design,C/T,
BARC_1.01_Gm08_18101486_A_G,ss715600011,Gm08,18036698,A,G,unambiguous:A/G:TOP,A/G,
BARC_1.01_Gm08_18177939_C_T,ss715600024,Gm08,18113151,T,C,unambiguous:T/C:BOT-design,C/T,
BARC_1.01_Gm08_18225805_A_G,ss715600030,Gm08,18160728,A,G,unambiguous:A/G:TOP,A/G,
BARC_1.01_Gm08_18282721_T_C,ss715600038,Gm08,18217644,T,C,unambiguous:T/C:BOT-design,T/C,
BARC_1.01_Gm08_18319356_G_A,ss715600043,Gm08,18254279,A,G,unambiguous:A/G:TOP,G/A,
BARC_1.01_Gm08_18379278_T_C,ss715600060,Gm08,18314214,T,C,unambiguous:T/C:BOT-design,T/C,
BARC_1.01_Gm08_18443609_T_C,ss715600073,Gm08,18378731,T,C,unambiguous:T/C:BOT-design,T/C,
BARC_1.01_Gm08_18550866_C_T,ss715600082,Gm08,18486014,T,C,unambiguous:T/C:BOT-design,C/T,
BARC_1.01_Gm08_18626336_C_T,ss715600087,Gm08,18566925,T,C,unambiguous:T/C:BOT-design,C/T,
BARC_1.01_Gm08_18714236_C_T,ss715600100,Gm08,18659871,T,C,unambiguous:T/C:BOT-design,C/T,
BARC_1.01_Gm08_18748606_T_G,ss715600103,Gm08,18694242,T,G,unambiguous:T/G:BOT-design,T/G,
BARC_1.01_Gm08_18909193_A_G,ss715600129,Gm08,18854829,A,G,unambiguous:A/G:TOP,A/G,
BARC_1.01_Gm08_19117033_T_C,ss715600140,Gm08,19062988,T,C,unambiguous:T/C:BOT-design,T/C,
BARC_1.01_Gm08_19162244_T_C,ss715600153,Gm08,19108199,T,C,unambiguous:T/C:BOT-design,T/C,
BARC_1.01_Gm08_19189540_G_A,ss715600158,Gm08,19135495,A,G,unambiguous:A/G:TOP,G/A,
BARC_1.01_Gm08_19226069_A_G,ss715600168,Gm08,19172024,A,G,unambiguous:A/G:TOP,A/G,
BARC_1.01_Gm08_19292385_T_C,ss715600190,Gm08,19249481,T,C,unambiguous:T/C:BOT-design,T/C,
BARC_1.01_Gm08_19414487_A_G,ss715600223,Gm08,19371483,A,G,unambiguous:A/G:TOP,A/G,
BARC_1.01_Gm08_19525771_A_G,ss715600253,Gm08,19482774,A,G,unambiguous:A/G:TOP,A/G,
BARC_1.01_Gm08_19635121_T_C,ss715600304,Gm08,19592124,T,C,unambiguous:T/C:BOT-design,T/C,
BARC_1.01_Gm08_19793746_C_T,ss715600364,Gm08,19750749,T,C,unambiguous:T/C:BOT-design,C/T,
BARC_1.01_Gm08_19835719_T_G,ss715600381,Gm08,19793071,T,G,unambiguous:T/G:BOT-design,T/G,
BARC_1.01_Gm08_19887196_G_A,ss715600388,Gm08,19844613,A,G,unambiguous:A/G:TOP,G/A,
BARC_1.01_Gm08_20063778_A_G,ss715600433,Gm08,20021838,A,G,unambiguous:A/G:TOP,A/G,
BARC_1.01_Gm08_20123542_G_A,ss715600456,Gm08,20081602,A,G,unambiguous:A/G:TOP,G/A,
BARC_1.01_Gm08_20483450_C_T,ss715600530,Gm08,20440563,T,C,unambiguous:T/C:BOT-design,C/T,
BARC_1.01_Gm08_20536534_C_T,ss715600538,Gm08,20493647,T,C,unambiguous:T/C:BOT-design,C/T,
BARC_1.01_Gm08_20695797_A_G,ss715600550,Gm08,20652909,A,G,unambiguous:A/G:TOP,A/G,
BARC_1.01_Gm08_20753392_A_G,ss715600557,Gm08,20710594,A,G,unambiguous:A/G:TOP,A/G,
BARC_1.01_Gm08_20843054_C_T,ss715600561,Gm08,20800256,T,C,unambiguous:T/C:BOT-design,C/T,
BARC_1.01_Gm08_20851904_T_G,ss715600574,Gm08,20809106,T,G,unambiguous:T/G:BOT-design,T/G,
BARC_1.01_Gm08_21170988_C_T,ss715600609,Gm08,21127737,T,C,unambiguous:T/C:BOT-design,C/T,
BARC_1.01_Gm08_21172458_T_C,ss715600614,Gm08,21129207,T,C,unambiguous:T/C:BOT-design,T/C,
BARC_1.01_Gm08_21362406_C_T,ss715600650,Gm08,21319155,T,C,unambiguous:T/C:BOT-design,C/T,
BARC_1.01_Gm08_21425355_G_A,ss715600672,Gm08,21380698,A,G,unambiguous:A/G:TOP,G/A,
BARC_1.01_Gm08_21443387_G_T,ss715600683,Gm08,21398730,T,G,unambiguous:T/G:BOT-design,G/T,
BARC_1.01_Gm08_21875763_A_G,ss715600763,Gm08,21830727,A,G,unambiguous:A/G:TOP,A/G,
BARC_1.01_Gm08_21933156_G_A,ss715600773,Gm08,21888120,A,G,unambiguous:A/G:TOP,G/A,
BARC_1.01_Gm08_22013366_G_A,ss715600813,Gm08,21968675,A,G,unambiguous:A/G:TOP,G/A,
BARC_1.01_Gm08_22123551_G_A,ss715600833,Gm08,22078860,A,G,unambiguous:A/G:TOP,G/A,
BARC_1.01_Gm08_22502686_T_C,ss715600879,Gm08,22458655,T,C,unambiguous:T/C:BOT-design,T/C,
BARC_1.01_Gm08_22530478_G_T,ss715600885,Gm08,22486447,T,G,unambiguous:T/G:BOT-design,G/T,
BARC_1.01_Gm08_22566050_A_G,ss715600897,Gm08,22522019,A,G,unambiguous:A/G:TOP,A/G,
BARC_1.01_Gm08_22622648_A_G,ss715600920,Gm08,22578609,A,G,unambiguous:A/G:TOP,A/G,
BARC_1.01_Gm08_22702507_C_T,ss715600943,Gm08,22658482,T,C,unambiguous:T/C:BOT-design,C/T,
BARC_1.01_Gm08_22804628_G_A,ss715600965,Gm08,22760603,A,G,unambiguous:A/G:TOP,G/A,
BARC_1.01_Gm08_23073352_T_C,ss715601042,Gm08,22993059,T,C,unambiguous:T/C:BOT-design,T/C,
BARC_1.01_Gm08_23170836_G_A,ss715601094,Gm08,23090553,A,G,unambiguous:A/G:TOP,G/A,
BARC_1.01_Gm08_23245678_A_G,ss715601105,Gm08,23164827,A,G,unambiguous:A/G:TOP,A/G,
BARC_1.01_Gm08_23639196_T_G,ss715601125,Gm08,23562207,T,G,unambiguous:T/G:BOT-design,T/G,
BARC_1.01_Gm08_23691942_G_A,ss715601127,Gm08,23614953,A,G,unambiguous:A/G:TOP,G/A,
BARC_1.01_Gm08_24919328_G_A,ss715601176,Gm08,24847309,A,G,unambiguous:A/G:TOP,G/A,
BARC_1.01_Gm08_25219400_A_G,ss715601186,Gm08,25147654,A,G,unambiguous:A/G:TOP,A/G,
BARC_1.01_Gm08_25518395_C_A,ss715601199,Gm08,25435928,A,C,unambiguous:A/C:TOP,C/A,
BARC_1.01_Gm08_26551849_C_A,ss715601234,Gm08,26437914,A,C,unambiguous:A/C:TOP,C/A,
BARC_1.01_Gm08_27721821_G_A,ss715601281,Gm08,27620272,A,G,unambiguous:A/G:TOP,G/A,
BARC_1.01_Gm08_28027433_T_C,ss715601286,Gm08,27885824,T,C,unambiguous:T/C:BOT-design,T/C,
BARC_1.01_Gm08_29497457_C_A,ss715601331,Gm08,30133773,A,C,unambiguous:A/C:TOP,C/A,
BARC_1.01_Gm08_30079644_T_C,ss715601356,Gm08,30728645,T,C,unambiguous:T/C:BOT-design,T/C,
BARC_1.01_Gm08_30225439_G_A,ss715601363,Gm08,30877366,A,G,unambiguous:A/G:TOP,G/A,
BARC_1.01_Gm08_30750199_A_G,ss715601386,Gm08,31400417,A,G,unambiguous:A/G:TOP,A/G,
BARC_1.01_Gm08_31401151_T_C,ss715601405,Gm08,32057852,T,C,unambiguous:T/C:BOT-design,T/C,
BARC_1.01_Gm08_32671813_A_G,ss715601442,Gm08,33279507,A,G,unambiguous:A/G:TOP,A/G,
BARC_1.01_Gm08_34085111_C_T,ss715601489,Gm08,34690104,T,C,unambiguous:T/C:BOT-design,C/T,
BARC_1.01_Gm08_34506326_G_A,ss715601502,Gm08,35113908,A,G,unambiguous:A/G:TOP,G/A,
BARC_1.01_Gm08_35102127_G_A,ss715601519,Gm08,35718665,A,G,unambiguous:A/G:TOP,G/A,
BARC_1.01_Gm08_35467148_T_C,ss715601530,Gm08,36075677,T,C,unambiguous:T/C:BOT-design,T/C,
BARC_1.01_Gm08_35664370_C_T,ss715601537,Gm08,36272305,T,C,unambiguous:T/C:BOT-design,C/T,
BARC_1.01_Gm08_35856368_C_A,ss715601544,Gm08,36466450,A,C,unambiguous:A/C:TOP,C/A,
BARC_1.01_Gm08_36324664_T_C,ss715601560,Gm08,36939282,T,C,unambiguous:T/C:BOT-design,T/C,
BARC_1.01_Gm08_36540268_T_C,ss715601567,Gm08,37154064,T,C,unambiguous:T/C:BOT-design,T/C,
BARC_1.01_Gm08_36881358_A_C,ss715601573,Gm08,37497004,A,C,unambiguous:A/C:TOP,A/C,
BARC_1.01_Gm08_37464144_A_G,ss715601586,Gm08,38080286,A,G,unambiguous:A/G:TOP,A/G,
BARC_1.01_Gm08_38044939_A_G,ss715601600,Gm08,38668120,A,G,unambiguous:A/G:TOP,A/G,
BARC_1.01_Gm08_38534870_A_G,ss715601615,Gm08,39167811,A,G,unambiguous:A/G:TOP,A/G,
BARC_1.01_Gm08_38670102_G_A,ss715601620,Gm08,39304445,A,G,unambiguous:A/G:TOP,G/A,
BARC_1.01_Gm08_38965668_G_A,ss715601629,Gm08,39599594,A,G,unambiguous:A/G:TOP,G/A,
BARC_1.01_Gm08_39164008_C_T,ss715601642,Gm08,39797930,T,C,unambiguous:T/C:BOT-design,C/T,
BARC_1.01_Gm08_39378435_C_T,ss715601675,Gm08,40012567,T,C,unambiguous:T/C:BOT-design,C/T,
BARC_1.01_Gm08_39453750_G_A,ss715601683,Gm08,40087882,A,G,unambiguous:A/G:TOP,G/A,
BARC_1.01_Gm08_39543860_T_C,ss715601693,Gm08,40177924,T,C,unambiguous:T/C:BOT-design,T/C,
BARC_1.01_Gm08_39819141_A_G,ss715601722,Gm08,40447354,A,G,unambiguous:A/G:TOP,A/G,
BARC_1.01_Gm08_39859858_T_C,ss715601726,Gm08,40488207,T,C,unambiguous:T/C:BOT-design,T/C,
BARC_1.01_Gm08_39969061_C_T,ss715601733,Gm08,40597410,T,C,unambiguous:T/C:BOT-design,C/T,
BARC_1.01_Gm08_40012659_C_T,ss715601736,Gm08,40641008,T,C,unambiguous:T/C:BOT-design,C/T,
BARC_1.01_Gm08_40066964_A_G,ss715601748,Gm08,40695313,A,G,unambiguous:A/G:TOP,A/G,
BARC_1.01_Gm08_40173645_T_C,ss715601759,Gm08,40810156,T,C,unambiguous:T/C:BOT-design,T/C,
BARC_1.01_Gm08_40220221_A_G,ss715601769,Gm08,40856683,A,G,unambiguous:A/G:TOP,A/G,
BARC_1.01_Gm08_40303964_C_T,ss715601788,Gm08,40940261,T,C,unambiguous:T/C:BOT-design,C/T,
BARC_1.01_Gm08_40345085_C_A,ss715601792,Gm08,40981382,A,C,unambiguous:A/C:TOP,C/A,
BARC_1.01_Gm08_40401190_A_G,ss715601801,Gm08,41037487,A,G,unambiguous:A/G:TOP,A/G,
BARC_1.01_Gm08_40589333_T_C,ss715601818,Gm08,41225124,T,C,unambiguous:T/C:BOT-design,T/C,
BARC_1.01_Gm08_40670305_A_G,ss715601827,Gm08,41306095,A,G,unambiguous:A/G:TOP,A/G,
BARC_1.01_Gm08_40735987_T_C,ss715601844,Gm08,41371777,T,C,unambiguous:T/C:BOT-design,T/C,
BARC_1.01_Gm08_40841096_T_C,ss715601861,Gm08,41476920,T,C,unambiguous:T/C:BOT-design,T/C,
BARC_1.01_Gm08_40882335_A_G,ss715601867,Gm08,41518159,A,G,unambiguous:A/G:TOP,A/G,
BARC_1.01_Gm08_40953721_T_G,ss715601874,Gm08,41589545,T,G,unambiguous:T/G:BOT-design,T/G,
BARC_1.01_Gm08_40997656_A_G,ss715601882,Gm08,41642480,A,G,unambiguous:A/G:TOP,A/G,
BARC_1.01_Gm08_41061744_C_T,ss715601885,Gm08,41704938,T,C,unambiguous:T/C:BOT-design,C/T,
BARC_1.01_Gm08_41126169_A_C,ss715601891,Gm08,41769114,A,C,unambiguous:A/C:TOP,A/C,
BARC_1.01_Gm08_41191912_A_G,ss715601900,Gm08,41834095,A,G,unambiguous:A/G:TOP,A/G,
BARC_1.01_Gm08_41254477_G_T,ss715601904,Gm08,41896685,T,G,unambiguous:T/G:BOT-design,G/T,
BARC_1.01_Gm08_41318101_A_G,ss715601916,Gm08,41960275,A,G,unambiguous:A/G:TOP,A/G,
BARC_1.01_Gm08_41427473_A_G,ss715601924,Gm08,42069304,A,G,unambiguous:A/G:TOP,A/G,
BARC_1.01_Gm08_41504420_T_C,ss715601931,Gm08,42146252,T,C,unambiguous:T/C:BOT-design,T/C,
BARC_1.01_Gm08_41553888_G_T,ss715601936,Gm08,42195720,T,G,unambiguous:T/G:BOT-design,G/T,
BARC_1.01_Gm08_41615045_T_C,ss715601951,Gm08,42256877,T,C,unambiguous:T/C:BOT-design,T/C,
BARC_1.01_Gm08_41693863_A_G,ss715601966,Gm08,42334812,A,G,unambiguous:A/G:TOP,A/G,
BARC_1.01_Gm08_41740263_C_T,ss715601976,Gm08,42381214,T,C,unambiguous:T/C:BOT-design,C/T,
BARC_1.01_Gm08_41798055_A_G,ss715601980,Gm08,42439047,A,G,unambiguous:A/G:TOP,A/G,
BARC_1.01_Gm08_41844881_T_C,ss715601989,Gm08,42485714,T,C,unambiguous:T/C:BOT-design,T/C,
BARC_1.01_Gm08_41883157_A_G,ss715601998,Gm08,42532915,A,G,unambiguous:A/G:TOP,A/G,
BARC_1.01_Gm08_42056397_T_C,ss715602015,Gm08,42707972,T,C,unambiguous:T/C:BOT-design,T/C,
BARC_1.01_Gm08_42210099_C_T,ss715602027,Gm08,42861364,T,C,unambiguous:T/C:BOT-design,C/T,
BARC_1.01_Gm08_42292068_G_A,ss715602036,Gm08,42947928,A,G,unambiguous:A/G:TOP,G/A,
BARC_1.01_Gm08_42368016_C_T,ss715602045,Gm08,43023964,T,C,unambiguous:T/C:BOT-design,C/T,
BARC_1.01_Gm08_42457562_G_A,ss715602058,Gm08,43113510,A,G,unambiguous:A/G:TOP,G/A,
BARC_1.01_Gm02_25997830_C_T,ss715581630,Gm02,43252916,T,C,unambiguous:T/C:BOT-design,C/T,
BARC_1.01_Gm08_42541896_C_A,ss715602064,Gm08,43369022,A,C,unambiguous:A/C:TOP,C/A,
BARC_1.01_Gm08_42593496_G_T,ss715602072,Gm08,43419763,T,G,unambiguous:T/G:BOT-design,G/T,
BARC_1.01_Gm08_42711337_T_C,ss715602080,Gm08,43537604,T,C,unambiguous:T/C:BOT-design,T/C,
BARC_1.01_Gm08_42757127_T_G,ss715602083,Gm08,43583394,T,G,unambiguous:T/G:BOT-design,T/G,
BARC_1.01_Gm08_42793022_A_G,ss715602088,Gm08,43619289,A,G,unambiguous:A/G:TOP,A/G,
BARC_1.01_Gm08_42859155_A_G,ss715602097,Gm08,43685137,A,G,unambiguous:A/G:TOP,A/G,
BARC_1.01_Gm08_42937574_T_C,ss715602108,Gm08,43763761,T,C,unambiguous:T/C:BOT-design,T/C,
BARC_1.01_Gm08_42995552_G_A,ss715602115,Gm08,43821749,A,G,unambiguous:A/G:TOP,G/A,
BARC_1.01_Gm08_43071282_T_C,ss715602131,Gm08,43896715,T,C,unambiguous:T/C:BOT-design,T/C,
BARC_1.01_Gm08_43146859_G_T,ss715602143,Gm08,43981834,T,G,unambiguous:T/G:BOT-design,G/T,
BARC_1.01_Gm08_43212289_G_T,ss715602157,Gm08,44047264,T,G,unambiguous:T/G:BOT-design,G/T,
BARC_1.01_Gm08_43306749_C_T,ss715602179,Gm08,44141728,T,C,unambiguous:T/C:BOT-design,C/T,
BARC_1.01_Gm08_43345646_C_T,ss715602185,Gm08,44180613,T,C,unambiguous:T/C:BOT-design,C/T,
BARC_1.01_Gm08_43432481_G_T,ss715602203,Gm08,44267551,T,G,unambiguous:T/G:BOT-design,G/T,
BARC_1.01_Gm08_43499027_T_G,ss715602210,Gm08,44334097,T,G,unambiguous:T/G:BOT-design,T/G,
BARC_1.01_Gm08_43547100_G_A,ss715602217,Gm08,44382274,A,G,unambiguous:A/G:TOP,G/A,
BARC_1.01_Gm08_43659174_C_T,ss715602223,Gm08,44494412,T,C,unambiguous:T/C:BOT-design,C/T,
BARC_1.01_Gm08_43724738_C_A,ss715602227,Gm08,44559968,A,C,unambiguous:A/C:TOP,C/A,
BARC_1.01_Gm08_43787988_G_A,ss715602235,Gm08,44623218,A,G,unambiguous:A/G:TOP,G/A,
BARC_1.01_Gm08_43863419_G_A,ss715602239,Gm08,44698680,A,G,unambiguous:A/G:TOP,G/A,
BARC_1.01_Gm08_43896783_C_T,ss715602240,Gm08,44732011,T,C,unambiguous:T/C:BOT-design,C/T,
BARC_1.01_Gm08_44087748_G_A,ss715602252,Gm08,44924890,A,G,unambiguous:A/G:TOP,G/A,
BARC_1.01_Gm08_44181366_G_A,ss715602257,Gm08,45018612,A,G,unambiguous:A/G:TOP,G/A,
BARC_1.01_Gm08_44675264_G_A,ss715602306,Gm08,45097266,A,G,unambiguous:A/G:TOP,G/A,
BARC_1.01_Gm08_44632488_A_G,ss715602304,Gm08,45140042,A,G,unambiguous:A/G:TOP,A/G,
BARC_1.01_Gm08_44588048_T_C,ss715602294,Gm08,45184482,T,C,unambiguous:T/C:BOT-design,T/C,
BARC_1.01_Gm08_44548582_T_C,ss715602291,Gm08,45223948,T,C,unambiguous:T/C:BOT-design,T/C,
BARC_1.01_Gm08_44509647_C_T,ss715602283,Gm08,45262423,T,C,unambiguous:T/C:BOT-design,C/T,
BARC_1.01_Gm08_44456175_C_T,ss715602281,Gm08,45315745,T,C,unambiguous:T/C:BOT-design,C/T,
BARC_1.01_Gm08_44422211_T_C,ss715602274,Gm08,45349709,T,C,unambiguous:T/C:BOT-design,T/C,
BARC_1.01_Gm08_44368268_A_G,ss715602270,Gm08,45403652,A,G,unambiguous:A/G:TOP,A/G,
BARC_1.01_Gm08_44265646_C_T,ss715602265,Gm08,45506275,T,C,unambiguous:T/C:BOT-design,C/T,
BARC_1.01_Gm08_44751317_C_T,ss715602310,Gm08,45603518,T,C,unambiguous:T/C:BOT-design,C/T,
BARC_1.01_Gm08_44814503_C_T,ss715602313,Gm08,45666704,T,C,unambiguous:T/C:BOT-design,C/T,
BARC_1.01_Gm08_44927121_T_C,ss715602321,Gm08,45779618,T,C,unambiguous:T/C:BOT-design,T/C,
BARC_1.01_Gm08_45060561_C_T,ss715602331,Gm08,45913059,T,C,unambiguous:T/C:BOT-design,C/T,
BARC_1.01_Gm08_45270892_A_G,ss715602346,Gm08,46123407,A,G,unambiguous:A/G:TOP,A/G,
BARC_1.01_Gm08_45317135_T_G,ss715602349,Gm08,46169650,T,G,unambiguous:T/G:BOT-design,T/G,
BARC_1.01_Gm08_45384401_A_G,ss715602358,Gm08,46236916,A,G,unambiguous:A/G:TOP,A/G,
BARC_1.01_Gm08_45438731_T_C,ss715602364,Gm08,46291246,T,C,unambiguous:T/C:BOT-design,T/C,
BARC_1.01_Gm08_45541906_A_C,ss715602368,Gm08,46394422,A,C,unambiguous:A/C:TOP,A/C,
BARC_1.01_Gm08_45590964_A_G,ss715602374,Gm08,46443480,A,G,unambiguous:A/G:TOP,A/G,
BARC_1.01_Gm08_45693636_A_C,ss715602386,Gm08,46546152,A,C,unambiguous:A/C:TOP,A/C,
BARC_1.01_Gm08_45697460_T_C,ss715602388,Gm08,46549976,T,C,unambiguous:T/C:BOT-design,T/C,
BARC_1.01_Gm08_45808855_C_T,ss715602399,Gm08,46659893,T,C,unambiguous:T/C:BOT-design,C/T,
BARC_1.01_Gm08_45846181_A_G,ss715602417,Gm08,46697219,A,G,unambiguous:A/G:TOP,A/G,
BARC_1.01_Gm08_45888869_C_A,ss715602426,Gm08,46739907,A,C,unambiguous:A/C:TOP,C/A,
BARC_1.01_Gm08_45893888_T_C,ss715602428,Gm08,46744926,T,C,unambiguous:T/C:BOT-design,T/C,
BARC_1.01_Gm08_45981724_G_A,ss715602445,Gm08,46832876,A,G,unambiguous:A/G:TOP,G/A,
BARC_1.01_Gm08_46022059_A_G,ss715602449,Gm08,46873906,A,G,unambiguous:A/G:TOP,A/G,
BARC_1.01_Gm08_46186971_C_T,ss715602474,Gm08,47038818,T,C,unambiguous:T/C:BOT-design,C/T,
BARC_1.01_Gm08_46188257_A_C,ss715602475,Gm08,47040104,A,C,unambiguous:A/C:TOP,A/C,
BARC_1.01_Gm08_46265471_T_C,ss715602486,Gm08,47117318,T,C,unambiguous:T/C:BOT-design,T/C,
BARC_1.01_Gm08_46434966_G_T,ss715602502,Gm08,47286262,T,G,unambiguous:T/G:BOT-design,G/T,
BARC_1.01_Gm08_46549497_C_T,ss715602506,Gm08,47400674,T,C,unambiguous:T/C:BOT-design,C/T,
BARC_1.01_Gm08_46804090_A_G,ss715602518,Gm08,47655267,A,G,unambiguous:A/G:TOP,A/G,
BARC_1.01_Gm08_46881874_G_A,ss715602523,Gm08,47733111,A,G,unambiguous:A/G:TOP,G/A,
BARC_1.01_Gm08_46945161_A_G,ss715602531,Gm08,47796376,A,G,unambiguous:A/G:TOP,A/G,
BARC_1.01_Gm09_104404_T_C,ss715602941,Gm09,106196,T,C,unambiguous:T/C:BOT-design,T/C,
BARC_1.01_Gm09_342047_T_C,ss715603675,Gm09,343841,T,C,unambiguous:T/C:BOT-design,T/C,
BARC_1.01_Gm09_413274_G_A,ss715604477,Gm09,415069,A,G,unambiguous:A/G:TOP,G/A,
BARC_1.01_Gm09_439265_T_C,ss715604778,Gm09,441060,T,C,unambiguous:T/C:BOT-design,T/C,
BARC_1.01_Gm09_611923_A_G,ss715605251,Gm09,613726,A,G,unambiguous:A/G:TOP,A/G,
BARC_1.01_Gm09_720803_C_T,ss715605374,Gm09,722588,T,C,unambiguous:T/C:BOT-design,C/T,
BARC_1.01_Gm09_789163_C_T,ss715605401,Gm09,790948,T,C,unambiguous:T/C:BOT-design,C/T,
BARC_1.01_Gm09_886505_T_C,ss715605440,Gm09,888248,T,C,unambiguous:T/C:BOT-design,T/C,
BARC_1.01_Gm09_998472_G_A,ss715605482,Gm09,1000216,A,G,unambiguous:A/G:TOP,G/A,
BARC_1.01_Gm09_1111460_T_C,ss715602967,Gm09,1126171,T,C,unambiguous:T/C:BOT-design,T/C,
BARC_1.01_Gm09_1162832_G_A,ss715602986,Gm09,1177685,A,G,unambiguous:A/G:TOP,G/A,
BARC_1.01_Gm09_1251128_T_C,ss715603014,Gm09,1265980,T,C,unambiguous:T/C:BOT-design,T/C,
BARC_1.01_Gm09_1320051_G_A,ss715603033,Gm09,1334941,A,G,unambiguous:A/G:TOP,G/A,
BARC_1.01_Gm09_1397467_C_T,ss715603053,Gm09,1412357,T,C,unambiguous:T/C:BOT-design,C/T,
BARC_1.01_Gm09_1458776_C_T,ss715603072,Gm09,1473666,T,C,unambiguous:T/C:BOT-design,C/T,
BARC_1.01_Gm09_1518813_G_A,ss715603092,Gm09,1534315,A,G,unambiguous:A/G:TOP,G/A,
BARC_1.01_Gm09_1522327_T_C,ss715603094,Gm09,1537829,T,C,unambiguous:T/C:BOT-design,T/C,
BARC_1.01_Gm09_1723633_G_A,ss715603155,Gm09,1738859,A,G,unambiguous:A/G:TOP,G/A,
BARC_1.01_Gm09_1791363_G_A,ss715603181,Gm09,1806586,A,G,unambiguous:A/G:TOP,G/A,
BARC_1.01_Gm09_1888876_A_G,ss715603222,Gm09,1904113,A,G,unambiguous:A/G:TOP,A/G,
BARC_1.01_Gm09_1963703_A_G,ss715603245,Gm09,1978942,A,G,unambiguous:A/G:TOP,A/G,
BARC_1.01_Gm09_2022443_C_T,ss715603267,Gm09,2037617,T,C,unambiguous:T/C:BOT-design,C/T,
BARC_1.01_Gm09_2079870_C_T,ss715603291,Gm09,2094995,T,C,unambiguous:T/C:BOT-design,C/T,
BARC_1.01_Gm09_2175703_C_A,ss715603317,Gm09,2190828,A,C,unambiguous:A/C:TOP,C/A,
BARC_1.01_Gm09_2327785_G_A,ss715603345,Gm09,2342864,A,G,unambiguous:A/G:TOP,G/A,
BARC_1.01_Gm09_2386432_G_A,ss715603357,Gm09,2401511,A,G,unambiguous:A/G:TOP,G/A,
BARC_1.01_Gm09_2592729_T_C,ss715603398,Gm09,2607254,T,C,unambiguous:T/C:BOT-design,T/C,
BARC_1.01_Gm09_2685308_G_A,ss715603429,Gm09,2708833,A,G,unambiguous:A/G:TOP,G/A,
BARC_1.01_Gm09_2784336_T_G,ss715603464,Gm09,2824832,T,G,unambiguous:T/G:BOT-design,T/G,
BARC_1.01_Gm09_2926870_T_C,ss715603506,Gm09,2967367,T,C,unambiguous:T/C:BOT-design,T/C,
BARC_1.01_Gm09_2976373_A_G,ss715603523,Gm09,3016870,A,G,unambiguous:A/G:TOP,A/G,
BARC_1.01_Gm09_3101824_A_G,ss715603561,Gm09,3142293,A,G,unambiguous:A/G:TOP,A/G,
BARC_1.01_Gm09_3174245_A_G,ss715603594,Gm09,3215569,A,G,unambiguous:A/G:TOP,A/G,
BARC_1.01_Gm09_3230237_T_C,ss715603616,Gm09,3271593,T,C,unambiguous:T/C:BOT-design,T/C,
BARC_1.01_Gm09_3295777_T_G,ss715603637,Gm09,3337280,T,G,unambiguous:T/G:BOT-design,T/G,
BARC_1.01_Gm09_3420354_T_C,ss715603674,Gm09,3461540,T,C,unambiguous:T/C:BOT-design,T/C,
BARC_1.01_Gm09_3570585_A_C,ss715603731,Gm09,3612769,A,C,unambiguous:A/C:TOP,A/C,
BARC_1.01_Gm09_3658288_T_C,ss715603786,Gm09,3700452,T,C,unambiguous:T/C:BOT-design,T/C,
BARC_1.01_Gm09_3708901_T_C,ss715603850,Gm09,3751124,T,C,unambiguous:T/C:BOT-design,T/C,
BARC_1.01_Gm09_3807440_T_C,ss715603985,Gm09,3849618,T,C,unambiguous:T/C:BOT-design,T/C,
BARC_1.01_Gm09_3886229_C_T,ss715604085,Gm09,3928746,T,C,unambiguous:T/C:BOT-design,C/T,
BARC_1.01_Gm09_3934271_C_T,ss715604156,Gm09,3976795,T,C,unambiguous:T/C:BOT-design,C/T,
BARC_1.01_Gm09_4094603_G_A,ss715604428,Gm09,4137128,A,G,unambiguous:A/G:TOP,G/A,
BARC_1.01_Gm09_4152772_G_A,ss715604491,Gm09,4195294,A,G,unambiguous:A/G:TOP,G/A,
BARC_1.01_Gm09_4245412_T_C,ss715604608,Gm09,4288028,T,C,unambiguous:T/C:BOT-design,T/C,
BARC_1.01_Gm09_4354636_C_T,ss715604708,Gm09,4397300,T,C,unambiguous:T/C:BOT-design,C/T,
BARC_1.01_Gm09_4404144_C_T,ss715604784,Gm09,4446465,T,C,unambiguous:T/C:BOT-design,C/T,
BARC_1.01_Gm09_4517002_T_C,ss715604881,Gm09,4559273,T,C,unambiguous:T/C:BOT-design,T/C,
BARC_1.01_Gm09_4594345_C_T,ss715604960,Gm09,4636524,T,C,unambiguous:T/C:BOT-design,C/T,
BARC_1.01_Gm09_4663088_G_A,ss715605035,Gm09,4706268,A,G,unambiguous:A/G:TOP,G/A,
BARC_1.01_Gm09_4799335_A_C,ss715605069,Gm09,4842514,A,C,unambiguous:A/C:TOP,A/C,
BARC_1.01_Gm09_4881989_A_G,ss715605087,Gm09,4923325,A,G,unambiguous:A/G:TOP,A/G,
BARC_1.01_Gm09_4991159_G_A,ss715605104,Gm09,5040021,A,G,unambiguous:A/G:TOP,G/A,
BARC_1.01_Gm09_5016500_C_T,ss715605106,Gm09,5065362,T,C,unambiguous:T/C:BOT-design,C/T,
BARC_1.01_Gm09_5038550_T_G,ss715605111,Gm09,5087412,T,G,unambiguous:T/G:BOT-design,T/G,
BARC_1.01_Gm09_5122231_A_G,ss715605125,Gm09,5171096,A,G,unambiguous:A/G:TOP,A/G,
BARC_1.01_Gm09_5266408_T_G,ss715605132,Gm09,5315271,T,G,unambiguous:T/G:BOT-design,T/G,
BARC_1.01_Gm09_5345445_A_G,ss715605140,Gm09,5388260,A,G,unambiguous:A/G:TOP,A/G,
BARC_1.01_Gm09_5514307_C_T,ss715605167,Gm09,5557122,T,C,unambiguous:T/C:BOT-design,C/T,
BARC_1.01_Gm09_5563632_C_A,ss715605169,Gm09,5606447,A,C,unambiguous:A/C:TOP,C/A,
BARC_1.01_Gm09_5647348_G_A,ss715605175,Gm09,5690163,A,G,unambiguous:A/G:TOP,G/A,
BARC_1.01_Gm09_5799228_A_C,ss715605195,Gm09,5842041,A,C,unambiguous:A/C:TOP,A/C,
BARC_1.01_Gm09_5906687_C_T,ss715605212,Gm09,5954451,T,C,unambiguous:T/C:BOT-design,C/T,
BARC_1.01_Gm09_5979646_C_T,ss715605225,Gm09,6027763,T,C,unambiguous:T/C:BOT-design,C/T,
BARC_1.01_Gm09_6030925_A_C,ss715605238,Gm09,6079042,A,C,unambiguous:A/C:TOP,A/C,
BARC_1.01_Gm09_6197309_G_A,ss715605256,Gm09,6155810,A,G,unambiguous:A/G:TOP,G/A,
BARC_1.01_Gm09_6243152_A_G,ss715605259,Gm09,6201175,A,G,unambiguous:A/G:TOP,A/G,
BARC_1.01_Gm09_6352861_T_C,ss715605274,Gm09,6311012,T,C,unambiguous:T/C:BOT-design,T/C,
BARC_1.01_Gm09_6459016_C_A,ss715605289,Gm09,6417223,A,C,unambiguous:A/C:TOP,C/A,
BARC_1.01_Gm09_6511884_G_A,ss715605303,Gm09,6470091,A,G,unambiguous:A/G:TOP,G/A,
BARC_1.01_Gm09_6664095_T_C,ss715605316,Gm09,6621390,T,C,unambiguous:T/C:BOT-design,T/C,
BARC_1.01_Gm09_6676869_A_G,ss715605318,Gm09,6634164,A,G,unambiguous:A/G:TOP,A/G,
BARC_1.01_Gm09_6729236_C_T,ss715605333,Gm09,6689440,T,C,unambiguous:T/C:BOT-design,C/T,
BARC_1.01_Gm09_6814829_C_T,ss715605352,Gm09,6775030,T,C,unambiguous:T/C:BOT-design,C/T,
BARC_1.01_Gm09_6968486_G_A,ss715605363,Gm09,6929310,A,G,unambiguous:A/G:TOP,G/A,
BARC_1.01_Gm09_7072195_T_C,ss715605370,Gm09,7033037,T,C,unambiguous:T/C:BOT-design,T/C,
BARC_1.01_Gm09_7375041_C_T,ss715605384,Gm09,7337548,T,C,unambiguous:T/C:BOT-design,C/T,
BARC_1.01_Gm09_7595772_G_T,ss715605391,Gm09,7558621,T,G,unambiguous:T/G:BOT-design,G/T,
BARC_1.01_Gm09_7953606_G_T,ss715605404,Gm09,7918119,T,G,unambiguous:T/G:BOT-design,G/T,
BARC_1.01_Gm09_7983364_A_G,ss715605405,Gm09,7951864,A,G,unambiguous:A/G:TOP,A/G,
BARC_1.01_Gm09_8251351_A_G,ss715605418,Gm09,8203275,A,G,unambiguous:A/G:TOP,A/G,
BARC_1.01_Gm09_8831480_A_G,ss715605439,Gm09,8784416,A,G,unambiguous:A/G:TOP,A/G,
BARC_1.01_Gm09_8984771_A_G,ss715605445,Gm09,8934741,A,G,unambiguous:A/G:TOP,A/G,
BARC_1.01_Gm09_9590399_T_C,ss715605467,Gm09,9542910,T,C,unambiguous:T/C:BOT-design,T/C,
BARC_1.01_Gm09_10520180_T_C,ss715602945,Gm09,10479622,T,C,unambiguous:T/C:BOT-design,T/C,
BARC_1.01_Gm09_10880600_G_A,ss715602956,Gm09,10834807,A,G,unambiguous:A/G:TOP,G/A,
BARC_1.01_Gm09_11854826_G_T,ss715602993,Gm09,11815924,T,G,unambiguous:T/G:BOT-design,G/T,
BARC_1.01_Gm09_12093815_T_G,ss715603002,Gm09,12054907,T,G,unambiguous:T/G:BOT-design,T/G,
BARC_1.01_Gm09_12240541_C_A,ss715603006,Gm09,12201927,A,C,unambiguous:A/C:TOP,C/A,
BARC_1.01_Gm09_12801032_T_C,ss715603023,Gm09,12761397,T,C,unambiguous:T/C:BOT-design,T/C,
BARC_1.01_Gm02_24460388_G_T,ss715581587,Gm02,13752580,T,G,unambiguous:T/G:BOT-design,G/T,
BARC_1.01_Gm09_13615987_G_T,ss715603045,Gm09,14230983,T,G,unambiguous:T/G:BOT-design,G/T,
BARC_1.01_Gm09_14078748_G_T,ss715603056,Gm09,14692163,T,G,unambiguous:T/G:BOT-design,G/T,
BARC_1.01_Gm09_14923108_C_A,ss715603084,Gm09,15487393,A,C,unambiguous:A/C:TOP,C/A,
BARC_1.01_Gm09_15171182_C_T,ss715603091,Gm09,15735197,T,C,unambiguous:T/C:BOT-design,C/T,
BARC_1.01_Gm09_15316337_G_A,ss715603098,Gm09,15881008,A,G,unambiguous:A/G:TOP,G/A,
BARC_1.01_Gm09_16513681_A_G,ss715603127,Gm09,17082419,A,G,unambiguous:A/G:TOP,A/G,
BARC_1.01_Gm09_17858067_T_C,ss715603180,Gm09,18469182,T,C,unambiguous:T/C:BOT-design,T/C,
BARC_1.01_Gm09_18223900_A_G,ss715603193,Gm09,18833586,A,G,unambiguous:A/G:TOP,A/G,
BARC_1.01_Gm09_18598782_G_A,ss715603210,Gm09,19208849,A,G,unambiguous:A/G:TOP,G/A,
BARC_1.01_Gm09_18710874_C_A,ss715603215,Gm09,19320910,A,C,unambiguous:A/C:TOP,C/A,
BARC_1.01_Gm09_18799217_G_A,ss715603219,Gm09,19409253,A,G,unambiguous:A/G:TOP,G/A,
BARC_1.01_Gm01_40455897_T_C,ss715579346,Gm01,20182637,T,C,unambiguous:T/C:BOT-design,T/C,
BARC_1.01_Gm01_40429688_T_C,ss715579344,Gm01,20208846,T,C,unambiguous:T/C:BOT-design,T/C,
BARC_1.01_Gm09_19823605_G_A,ss715603253,Gm09,21080454,A,G,unambiguous:A/G:TOP,G/A,
BARC_1.01_Gm09_20391885_C_T,ss715603274,Gm09,21651983,T,C,unambiguous:T/C:BOT-design,C/T,
BARC_1.01_Gm09_21458760_T_G,ss715603310,Gm09,22720149,T,G,unambiguous:T/G:BOT-design,T/G,
BARC_1.01_Gm09_21761690_A_G,ss715603318,Gm09,23055914,A,G,unambiguous:A/G:TOP,A/G,
BARC_1.01_Gm09_22027464_C_T,ss715603321,Gm09,23313056,T,C,unambiguous:T/C:BOT-design,C/T,
BARC_1.01_Gm18_43920072_T_C,ss715630591,Gm18,23511760,T,C,unambiguous:T/C:BOT-design,T/C,
BARC_1.01_Gm18_44659150_A_G,ss715630608,Gm18,24267981,A,G,unambiguous:A/G:TOP,A/G,
BARC_1.01_Gm09_23560315_T_C,ss715603353,Gm09,24533463,T,C,unambiguous:T/C:BOT-design,T/C,
BARC_1.01_Gm09_23311310_T_C,ss715603347,Gm09,24769252,T,C,unambiguous:T/C:BOT-design,T/C,
BARC_1.01_Gm09_22305708_G_T,ss715603328,Gm09,25766065,T,G,unambiguous:T/G:BOT-design,G/T,
BARC_1.01_Gm09_24238724_T_C,ss715603362,Gm09,26688080,T,C,unambiguous:T/C:BOT-design,T/C,
BARC_1.01_Gm09_25198413_T_C,ss715603378,Gm09,27657975,T,C,unambiguous:T/C:BOT-design,T/C,
BARC_1.01_Gm09_25976102_G_T,ss715603399,Gm09,28452740,T,G,unambiguous:T/G:BOT-design,G/T,
BARC_1.01_Gm09_26158568_A_G,ss715603406,Gm09,28637128,A,G,unambiguous:A/G:TOP,A/G,
BARC_1.01_Gm09_26535012_C_T,ss715603420,Gm09,29020932,T,C,unambiguous:T/C:BOT-design,C/T,
BARC_1.01_Gm09_27092089_A_G,ss715603435,Gm09,29576509,A,G,unambiguous:A/G:TOP,A/G,
BARC_1.01_Gm09_27787356_A_G,ss715603459,Gm09,30355223,A,G,unambiguous:A/G:TOP,A/G,
BARC_1.01_Gm09_28218304_A_G,ss715603473,Gm09,30812079,A,G,unambiguous:A/G:TOP,A/G,
BARC_1.01_Gm09_28591445_T_C,ss715603484,Gm09,31201986,T,C,unambiguous:T/C:BOT-design,T/C,
BARC_1.01_Gm09_28853477_A_G,ss715603491,Gm09,31459532,A,G,unambiguous:A/G:TOP,A/G,
BARC_1.01_Gm09_29782119_G_A,ss715603524,Gm09,32388671,A,G,unambiguous:A/G:TOP,G/A,
BARC_1.01_Gm09_29846764_C_T,ss715603526,Gm09,32452363,T,C,unambiguous:T/C:BOT-design,C/T,
BARC_1.01_Gm09_30089678_T_C,ss715603535,Gm09,32695242,T,C,unambiguous:T/C:BOT-design,T/C,
BARC_1.01_Gm09_31049357_A_G,ss715603564,Gm09,33673597,A,G,unambiguous:A/G:TOP,A/G,
BARC_1.01_Gm09_31217330_T_C,ss715603573,Gm09,33843724,T,C,unambiguous:T/C:BOT-design,T/C,
BARC_1.01_Gm09_32096458_C_T,ss715603610,Gm09,34705645,T,C,unambiguous:T/C:BOT-design,C/T,
BARC_1.01_Gm09_32172026_G_A,ss715603612,Gm09,34781283,A,G,unambiguous:A/G:TOP,G/A,
BARC_1.01_Gm09_32382867_G_T,ss715603623,Gm09,34972748,T,G,unambiguous:T/G:BOT-design,G/T,
BARC_1.01_Gm09_32987730_G_A,ss715603638,Gm09,35591012,A,G,unambiguous:A/G:TOP,G/A,
BARC_1.01_Gm09_33313292_T_G,ss715603646,Gm09,35916459,T,G,unambiguous:T/G:BOT-design,T/G,
BARC_1.01_Gm09_33624152_T_C,ss715603652,Gm09,36224352,T,C,unambiguous:T/C:BOT-design,T/C,
BARC_1.01_Gm09_33894091_A_C,ss715603663,Gm09,36455035,A,C,unambiguous:A/C:TOP,A/C,
BARC_1.01_Gm09_34354926_C_T,ss715603679,Gm09,36916485,T,C,unambiguous:T/C:BOT-design,C/T,
BARC_1.01_Gm09_34830637_A_G,ss715603700,Gm09,37391443,A,G,unambiguous:A/G:TOP,A/G,
BARC_1.01_Gm09_35112134_G_A,ss715603709,Gm09,37673094,A,G,unambiguous:A/G:TOP,G/A,
BARC_1.01_Gm09_35444887_C_A,ss715603720,Gm09,38018579,A,C,unambiguous:A/C:TOP,C/A,
BARC_1.01_Gm09_35869237_T_C,ss715603736,Gm09,38430124,T,C,unambiguous:T/C:BOT-design,T/C,
BARC_1.01_Gm09_35962679_T_C,ss715603740,Gm09,38523430,T,C,unambiguous:T/C:BOT-design,T/C,
BARC_1.01_Gm09_36305321_T_C,ss715603754,Gm09,38864545,T,C,unambiguous:T/C:BOT-design,T/C,
BARC_1.01_Gm09_36346737_T_C,ss715603762,Gm09,38906660,T,C,unambiguous:T/C:BOT-design,T/C,
BARC_1.01_Gm09_36403191_T_C,ss715603767,Gm09,38963114,T,C,unambiguous:T/C:BOT-design,T/C,
BARC_1.01_Gm09_36486860_T_C,ss715603775,Gm09,39047264,T,C,unambiguous:T/C:BOT-design,T/C,
BARC_1.01_Gm09_36586870_C_T,ss715603788,Gm09,39160101,T,C,unambiguous:T/C:BOT-design,C/T,
BARC_1.01_Gm09_36666374_A_C,ss715603800,Gm09,39239605,A,C,unambiguous:A/C:TOP,A/C,
BARC_1.01_Gm09_36784974_C_T,ss715603816,Gm09,39358464,T,C,unambiguous:T/C:BOT-design,C/T,
BARC_1.01_Gm09_36844563_T_C,ss715603826,Gm09,39418052,T,C,unambiguous:T/C:BOT-design,T/C,
BARC_1.01_Gm09_36869408_A_C,ss715603829,Gm09,39443085,A,C,unambiguous:A/C:TOP,A/C,
BARC_1.01_Gm09_36946741_A_G,ss715603840,Gm09,39520644,A,G,unambiguous:A/G:TOP,A/G,
BARC_1.01_Gm09_37008697_T_C,ss715603842,Gm09,39582600,T,C,unambiguous:T/C:BOT-design,T/C,
BARC_1.01_Gm09_37128030_A_G,ss715603856,Gm09,39701905,A,G,unambiguous:A/G:TOP,A/G,
BARC_1.01_Gm09_37232958_C_T,ss715603870,Gm09,39806856,T,C,unambiguous:T/C:BOT-design,C/T,
BARC_1.01_Gm09_37249978_A_G,ss715603874,Gm09,39823876,A,G,unambiguous:A/G:TOP,A/G,
BARC_1.01_Gm09_37329610_G_A,ss715603887,Gm09,39903495,A,G,unambiguous:A/G:TOP,G/A,
BARC_1.01_Gm09_37583189_C_T,ss715603921,Gm09,40179939,T,C,unambiguous:T/C:BOT-design,C/T,
BARC_1.01_Gm09_37637896_T_C,ss715603926,Gm09,40234621,T,C,unambiguous:T/C:BOT-design,T/C,
BARC_1.01_Gm09_37754494_G_A,ss715603956,Gm09,40349116,A,G,unambiguous:A/G:TOP,G/A,
BARC_1.01_Gm09_37808071_A_C,ss715603964,Gm09,40402692,A,C,unambiguous:A/C:TOP,A/C,
BARC_1.01_Gm09_37823866_T_C,ss715603968,Gm09,40418279,T,C,unambiguous:T/C:BOT-design,T/C,
BARC_1.01_Gm09_37913679_C_A,ss715603976,Gm09,40508208,A,C,unambiguous:A/C:TOP,C/A,
BARC_1.01_Gm09_38013391_A_G,ss715603983,Gm09,40608710,A,G,unambiguous:A/G:TOP,A/G,
BARC_1.01_Gm09_38168295_T_C,ss715603992,Gm09,40769487,T,C,unambiguous:T/C:BOT-design,T/C,
BARC_1.01_Gm09_38280719_C_T,ss715604000,Gm09,40881916,T,C,unambiguous:T/C:BOT-design,C/T,
BARC_1.01_Gm13_35248287_A_G,ss715615767,Gm13,40964518,A,G,unambiguous:A/G:TOP,A/G,
BARC_1.01_Gm09_38353043_A_G,ss715604004,Gm09,41029742,A,G,unambiguous:A/G:TOP,A/G,
BARC_1.01_Gm09_38454149_A_G,ss715604017,Gm09,41130494,A,G,unambiguous:A/G:TOP,A/G,
BARC_1.01_Gm09_38507112_G_A,ss715604026,Gm09,41183456,A,G,unambiguous:A/G:TOP,G/A,
BARC_1.01_Gm09_38593410_A_G,ss715604033,Gm09,41269752,A,G,unambiguous:A/G:TOP,A/G,
BARC_1.01_Gm09_38676111_A_C,ss715604045,Gm09,41354254,A,C,unambiguous:A/C:TOP,A/C,
BARC_1.01_Gm09_38771421_G_A,ss715604063,Gm09,41449318,A,G,unambiguous:A/G:TOP,G/A,
BARC_1.01_Gm09_38797525_C_A,ss715604069,Gm09,41475422,A,C,unambiguous:A/C:TOP,C/A,
BARC_1.01_Gm09_38908716_T_C,ss715604093,Gm09,41586613,T,C,unambiguous:T/C:BOT-design,T/C,
BARC_1.01_Gm09_38927073_A_G,ss715604096,Gm09,41604970,A,G,unambiguous:A/G:TOP,A/G,
BARC_1.01_Gm09_39067581_G_A,ss715604120,Gm09,41745478,A,G,unambiguous:A/G:TOP,G/A,
BARC_1.01_Gm09_39225332_G_A,ss715604138,Gm09,41903227,A,G,unambiguous:A/G:TOP,G/A,
BARC_1.01_Gm09_39295470_A_G,ss715604148,Gm09,41973365,A,G,unambiguous:A/G:TOP,A/G,
BARC_1.01_Gm09_39298292_A_C,ss715604149,Gm09,41976187,A,C,unambiguous:A/C:TOP,A/C,
BARC_1.01_Gm09_39440033_T_C,ss715604183,Gm09,42117313,T,C,unambiguous:T/C:BOT-design,T/C,
BARC_1.01_Gm09_39447611_G_T,ss715604186,Gm09,42124891,T,G,unambiguous:T/G:BOT-design,G/T,
BARC_1.01_Gm09_39550551_T_C,ss715604222,Gm09,42227831,T,C,unambiguous:T/C:BOT-design,T/C,
BARC_1.01_Gm09_39605825_C_T,ss715604233,Gm09,42283105,T,C,unambiguous:T/C:BOT-design,C/T,
BARC_1.01_Gm09_39693036_C_A,ss715604248,Gm09,42370093,A,C,unambiguous:A/C:TOP,C/A,
BARC_1.01_Gm09_39780964_T_G,ss715604261,Gm09,42458021,T,G,unambiguous:T/G:BOT-design,T/G,
BARC_1.01_Gm09_39822766_C_T,ss715604272,Gm09,42499823,T,C,unambiguous:T/C:BOT-design,C/T,
BARC_1.01_Gm09_40061792_C_T,ss715604297,Gm09,42738904,T,C,unambiguous:T/C:BOT-design,C/T,
BARC_1.01_Gm09_40113368_A_G,ss715604303,Gm09,42790738,A,G,unambiguous:A/G:TOP,A/G,
BARC_1.01_Gm09_40164588_A_G,ss715604305,Gm09,42841958,A,G,unambiguous:A/G:TOP,A/G,
BARC_1.01_Gm09_40244367_C_T,ss715604318,Gm09,42922011,T,C,unambiguous:T/C:BOT-design,C/T,
BARC_1.01_Gm09_40326613_T_C,ss715604330,Gm09,43003730,T,C,unambiguous:T/C:BOT-design,T/C,
BARC_1.01_Gm09_40407114_C_T,ss715604340,Gm09,43084231,T,C,unambiguous:T/C:BOT-design,C/T,
BARC_1.01_Gm09_40535562_T_C,ss715604355,Gm09,43212679,T,C,unambiguous:T/C:BOT-design,T/C,
BARC_1.01_Gm09_40638454_A_G,ss715604374,Gm09,43315338,A,G,unambiguous:A/G:TOP,A/G,
BARC_1.01_Gm09_40706793_A_C,ss715604395,Gm09,43401680,A,C,unambiguous:A/C:TOP,A/C,
BARC_1.01_Gm09_40822345_T_G,ss715604411,Gm09,43517260,T,G,unambiguous:T/G:BOT-design,T/G,
BARC_1.01_Gm09_40899791_G_A,ss715604418,Gm09,43614074,A,G,unambiguous:A/G:TOP,G/A,
BARC_1.01_Gm09_40910261_C_T,ss715604421,Gm09,43624544,T,C,unambiguous:T/C:BOT-design,C/T,
BARC_1.01_Gm09_40978410_G_A,ss715604437,Gm09,43692700,A,G,unambiguous:A/G:TOP,G/A,
BARC_1.01_Gm09_41045296_T_C,ss715604446,Gm09,43759586,T,C,unambiguous:T/C:BOT-design,T/C,
BARC_1.01_Gm09_41103872_T_C,ss715604453,Gm09,43818290,T,C,unambiguous:T/C:BOT-design,T/C,
BARC_1.01_Gm09_41253226_T_C,ss715604469,Gm09,43968962,T,C,unambiguous:T/C:BOT-design,T/C,
BARC_1.01_Gm09_41321164_A_C,ss715604475,Gm09,44036900,A,C,unambiguous:A/C:TOP,A/C,
BARC_1.01_Gm09_41389071_G_A,ss715604482,Gm09,44104810,A,G,unambiguous:A/G:TOP,G/A,
BARC_1.01_Gm09_41482042_C_A,ss715604488,Gm09,44197778,A,C,unambiguous:A/C:TOP,C/A,
BARC_1.01_Gm09_41548661_T_C,ss715604498,Gm09,44264423,T,C,unambiguous:T/C:BOT-design,T/C,
BARC_1.01_Gm09_41620640_G_T,ss715604503,Gm09,44336400,T,G,unambiguous:T/G:BOT-design,G/T,
BARC_1.01_Gm09_41694621_C_T,ss715604511,Gm09,44890654,T,C,unambiguous:T/C:BOT-design,C/T,
BARC_1.01_Gm09_41777271_A_C,ss715604521,Gm09,44973304,A,C,unambiguous:A/C:TOP,A/C,
BARC_1.01_Gm09_41861265_C_A,ss715604535,Gm09,45057299,A,C,unambiguous:A/C:TOP,C/A,
BARC_1.01_Gm09_41974247_T_C,ss715604547,Gm09,45170327,T,C,unambiguous:T/C:BOT-design,T/C,
BARC_1.01_Gm09_42048207_C_T,ss715604557,Gm09,45244316,T,C,unambiguous:T/C:BOT-design,C/T,
BARC_1.01_Gm09_42109632_T_C,ss715604565,Gm09,45305739,T,C,unambiguous:T/C:BOT-design,T/C,
BARC_1.01_Gm09_42181997_A_G,ss715604577,Gm09,45378105,A,G,unambiguous:A/G:TOP,A/G,
BARC_1.01_Gm09_42241644_G_A,ss715604591,Gm09,45437752,A,G,unambiguous:A/G:TOP,G/A,
BARC_1.01_Gm09_42392784_A_C,ss715604601,Gm09,45588895,A,C,unambiguous:A/C:TOP,A/C,
BARC_1.01_Gm09_42452071_T_G,ss715604607,Gm09,45648182,T,G,unambiguous:T/G:BOT-design,T/G,
BARC_1.01_Gm09_42526589_T_C,ss715604612,Gm09,45722700,T,C,unambiguous:T/C:BOT-design,T/C,
BARC_1.01_Gm09_42578079_A_G,ss715604616,Gm09,45774192,A,G,unambiguous:A/G:TOP,A/G,
BARC_1.01_Gm09_42610662_T_C,ss715604620,Gm09,45815773,T,C,unambiguous:T/C:BOT-design,T/C,
BARC_1.01_Gm09_42679986_C_T,ss715604625,Gm09,45885099,T,C,unambiguous:T/C:BOT-design,C/T,
BARC_1.01_Gm09_42824728_G_A,ss715604639,Gm09,46029075,A,G,unambiguous:A/G:TOP,G/A,
BARC_1.01_Gm09_42974503_G_T,ss715604653,Gm09,46179362,T,G,unambiguous:T/G:BOT-design,G/T,
BARC_1.01_Gm09_43114374_T_C,ss715604662,Gm09,46319233,T,C,unambiguous:T/C:BOT-design,T/C,
BARC_1.01_Gm09_43200347_A_G,ss715604673,Gm09,46405114,A,G,unambiguous:A/G:TOP,A/G,
BARC_1.01_Gm09_43259622_T_G,ss715604682,Gm09,46464389,T,G,unambiguous:T/G:BOT-design,T/G,
BARC_1.01_Gm09_43370976_T_C,ss715604689,Gm09,46575741,T,C,unambiguous:T/C:BOT-design,T/C,
BARC_1.01_Gm09_43424406_T_C,ss715604696,Gm09,46629298,T,C,unambiguous:T/C:BOT-design,T/C,
BARC_1.01_Gm09_43508261_T_C,ss715604703,Gm09,46713153,T,C,unambiguous:T/C:BOT-design,T/C,
BARC_1.01_Gm09_43538127_A_G,ss715604707,Gm09,46743018,A,G,unambiguous:A/G:TOP,A/G,
BARC_1.01_Gm09_43613729_C_T,ss715604717,Gm09,46818620,T,C,unambiguous:T/C:BOT-design,C/T,
BARC_1.01_Gm09_43691701_C_T,ss715604735,Gm09,46896551,T,C,unambiguous:T/C:BOT-design,C/T,
BARC_1.01_Gm09_43820536_T_C,ss715604756,Gm09,47025377,T,C,unambiguous:T/C:BOT-design,T/C,
BARC_1.01_Gm09_43874852_A_G,ss715604767,Gm09,47079696,A,G,unambiguous:A/G:TOP,A/G,
BARC_1.01_Gm09_43958999_A_G,ss715604779,Gm09,47163862,A,G,unambiguous:A/G:TOP,A/G,
BARC_1.01_Gm09_44020265_C_T,ss715604781,Gm09,47225154,T,C,unambiguous:T/C:BOT-design,C/T,
BARC_1.01_Gm09_44054693_A_G,ss715604788,Gm09,47259302,A,G,unambiguous:A/G:TOP,A/G,
BARC_1.01_Gm09_44188059_T_C,ss715604800,Gm09,47388342,T,C,unambiguous:T/C:BOT-design,T/C,
BARC_1.01_Gm09_44266451_T_G,ss715604805,Gm09,47466734,T,G,unambiguous:T/G:BOT-design,T/G,
BARC_1.01_Gm09_44398393_C_A,ss715604816,Gm09,47598386,A,C,unambiguous:A/C:TOP,C/A,
BARC_1.01_Gm09_44598626_G_A,ss715604827,Gm09,47798573,A,G,unambiguous:A/G:TOP,G/A,
BARC_1.01_Gm09_44732111_G_A,ss715604839,Gm09,47932059,A,G,unambiguous:A/G:TOP,G/A,
BARC_1.01_Gm09_44855340_C_T,ss715604850,Gm09,48055288,T,C,unambiguous:T/C:BOT-design,C/T,
BARC_1.01_Gm09_44963125_G_T,ss715604857,Gm09,48162901,T,G,unambiguous:T/G:BOT-design,G/T,
BARC_1.01_Gm09_45101803_G_A,ss715604870,Gm09,48300022,A,G,unambiguous:A/G:TOP,G/A,
BARC_1.01_Gm09_45321744_G_A,ss715604896,Gm09,48520011,A,G,unambiguous:A/G:TOP,G/A,
BARC_1.01_Gm09_45357479_T_C,ss715604899,Gm09,48555746,T,C,unambiguous:T/C:BOT-design,T/C,
BARC_1.01_Gm09_45414016_C_T,ss715604903,Gm09,48612289,T,C,unambiguous:T/C:BOT-design,C/T,
BARC_1.01_Gm09_45420052_A_G,ss715604905,Gm09,48618325,A,G,unambiguous:A/G:TOP,A/G,
BARC_1.01_Gm09_45482083_C_T,ss715604911,Gm09,48680356,T,C,unambiguous:T/C:BOT-design,C/T,
BARC_1.01_Gm09_45548496_T_G,ss715604914,Gm09,48746815,T,G,unambiguous:T/G:BOT-design,T/G,
BARC_1.01_Gm09_45586982_T_C,ss715604920,Gm09,48785301,T,C,unambiguous:T/C:BOT-design,T/C,
BARC_1.01_Gm09_45659797_T_C,ss715604927,Gm09,48858116,T,C,unambiguous:T/C:BOT-design,T/C,
BARC_1.01_Gm09_45752030_T_C,ss715604936,Gm09,48950237,T,C,unambiguous:T/C:BOT-design,T/C,
BARC_1.01_Gm09_45836962_C_A,ss715604947,Gm09,49035197,A,C,unambiguous:A/C:TOP,C/A,
BARC_1.01_Gm09_45906491_A_C,ss715604956,Gm09,49104726,A,C,unambiguous:A/C:TOP,A/C,
BARC_1.01_Gm09_45961226_G_A,ss715604965,Gm09,49159729,A,G,unambiguous:A/G:TOP,G/A,
BARC_1.01_Gm09_46050482_G_A,ss715604975,Gm09,49250220,A,G,unambiguous:A/G:TOP,G/A,
BARC_1.01_Gm09_46139114_A_G,ss715604988,Gm09,49338539,A,G,unambiguous:A/G:TOP,A/G,
BARC_1.01_Gm09_46243163_T_C,ss715604998,Gm09,49446584,T,C,unambiguous:T/C:BOT-design,T/C,
BARC_1.01_Gm09_46319164_G_T,ss715605007,Gm09,49522637,T,G,unambiguous:T/G:BOT-design,G/T,
BARC_1.01_Gm09_46437772_T_C,ss715605018,Gm09,49641965,T,C,unambiguous:T/C:BOT-design,T/C,
BARC_1.01_Gm09_46570461_A_G,ss715605029,Gm09,49775019,A,G,unambiguous:A/G:TOP,A/G,
BARC_1.01_Gm09_46694731_C_A,ss715605040,Gm09,49901270,A,C,unambiguous:A/C:TOP,C/A,
BARC_1.01_Gm09_46803312_G_A,ss715605050,Gm09,50009851,A,G,unambiguous:A/G:TOP,G/A,
BARC_1.01_Gm10_14714_C_T,ss715605635,Gm10,10780,T,C,unambiguous:T/C:BOT-design,C/T,
BARC_1.01_Gm10_121493_A_G,ss715605555,Gm10,116991,A,G,unambiguous:A/G:TOP,A/G,
BARC_1.01_Gm10_214458_C_T,ss715605856,Gm10,209957,T,C,unambiguous:T/C:BOT-design,C/T,
BARC_1.01_Gm10_227864_A_G,ss715605897,Gm10,223363,A,G,unambiguous:A/G:TOP,A/G,
BARC_1.01_Gm10_406427_T_C,ss715607043,Gm10,401196,T,C,unambiguous:T/C:BOT-design,T/C,
BARC_1.01_Gm10_528658_T_C,ss715608242,Gm10,523453,T,C,unambiguous:T/C:BOT-design,T/C,
BARC_1.01_Gm10_621706_A_G,ss715608393,Gm10,616501,A,G,unambiguous:A/G:TOP,A/G,
BARC_1.01_Gm10_711291_G_A,ss715608497,Gm10,706087,A,G,unambiguous:A/G:TOP,G/A,
BARC_1.01_Gm10_754804_T_C,ss715608529,Gm10,749599,T,C,unambiguous:T/C:BOT-design,T/C,
BARC_1.01_Gm10_831916_A_G,ss715608596,Gm10,828695,A,G,unambiguous:A/G:TOP,A/G,
BARC_1.01_Gm10_925972_C_T,ss715608686,Gm10,921706,T,C,unambiguous:T/C:BOT-design,C/T,
BARC_1.01_Gm10_981062_A_G,ss715608720,Gm10,976812,A,G,unambiguous:A/G:TOP,A/G,
BARC_1.01_Gm10_1051336_G_A,ss715605505,Gm10,1047086,A,G,unambiguous:A/G:TOP,G/A,
BARC_1.01_Gm10_1109654_A_G,ss715605521,Gm10,1105374,A,G,unambiguous:A/G:TOP,A/G,
BARC_1.01_Gm10_1176363_A_G,ss715605542,Gm10,1172091,A,G,unambiguous:A/G:TOP,A/G,
BARC_1.01_Gm10_1232205_A_G,ss715605561,Gm10,1227933,A,G,unambiguous:A/G:TOP,A/G,
BARC_1.01_Gm10_1268065_G_A,ss715605575,Gm10,1263795,A,G,unambiguous:A/G:TOP,G/A,
BARC_1.01_Gm10_1341309_G_A,ss715605599,Gm10,1336895,A,G,unambiguous:A/G:TOP,G/A,
BARC_1.01_Gm10_1388577_T_C,ss715605614,Gm10,1393163,T,C,unambiguous:T/C:BOT-design,T/C,
BARC_1.01_Gm10_1426801_C_T,ss715605621,Gm10,1431432,T,C,unambiguous:T/C:BOT-design,C/T,
BARC_1.01_Gm10_1475647_G_A,ss715605639,Gm10,1480254,A,G,unambiguous:A/G:TOP,G/A,
BARC_1.01_Gm10_1526735_T_C,ss715605661,Gm10,1531343,T,C,unambiguous:T/C:BOT-design,T/C,
BARC_1.01_Gm10_1586434_T_C,ss715605686,Gm10,1591041,T,C,unambiguous:T/C:BOT-design,T/C,
BARC_1.01_Gm10_1623075_C_T,ss715605701,Gm10,1627680,T,C,unambiguous:T/C:BOT-design,C/T,
BARC_1.01_Gm10_1667248_A_G,ss715605714,Gm10,1671853,A,G,unambiguous:A/G:TOP,A/G,
BARC_1.01_Gm10_1824596_G_T,ss715605762,Gm10,1829221,T,G,unambiguous:T/G:BOT-design,G/T,
BARC_1.01_Gm10_1895532_C_T,ss715605784,Gm10,1903082,T,C,unambiguous:T/C:BOT-design,C/T,
BARC_1.01_Gm10_1949353_C_A,ss715605801,Gm10,1956903,A,C,unambiguous:A/C:TOP,C/A,
BARC_1.01_Gm10_2005332_T_G,ss715605817,Gm10,2012882,T,G,unambiguous:T/G:BOT-design,T/G,
BARC_1.01_Gm10_2069041_A_C,ss715605833,Gm10,2076591,A,C,unambiguous:A/C:TOP,A/C,
BARC_1.01_Gm10_2141065_A_G,ss715605854,Gm10,2148616,A,G,unambiguous:A/G:TOP,A/G,
BARC_1.01_Gm10_2240113_A_G,ss715605885,Gm10,2248117,A,G,unambiguous:A/G:TOP,A/G,
BARC_1.01_Gm10_2317882_A_G,ss715605907,Gm10,2325889,A,G,unambiguous:A/G:TOP,A/G,
BARC_1.01_Gm10_2382139_A_C,ss715605931,Gm10,2390145,A,C,unambiguous:A/C:TOP,A/C,
BARC_1.01_Gm10_2437001_A_G,ss715605954,Gm10,2445007,A,G,unambiguous:A/G:TOP,A/G,
BARC_1.01_Gm10_2482570_A_C,ss715605970,Gm10,2490576,A,C,unambiguous:A/C:TOP,A/C,
BARC_1.01_Gm10_2583564_G_A,ss715605997,Gm10,2591570,A,G,unambiguous:A/G:TOP,G/A,
BARC_1.01_Gm10_2714130_C_T,ss715606039,Gm10,2722140,T,C,unambiguous:T/C:BOT-design,C/T,
BARC_1.01_Gm10_2809074_A_G,ss715606079,Gm10,2817083,A,G,unambiguous:A/G:TOP,A/G,
BARC_1.01_Gm10_2904536_C_A,ss715606118,Gm10,2912545,A,C,unambiguous:A/C:TOP,C/A,
BARC_1.01_Gm10_2973699_T_C,ss715606147,Gm10,2981706,T,C,unambiguous:T/C:BOT-design,T/C,
BARC_1.01_Gm10_3022221_T_C,ss715606166,Gm10,3029987,T,C,unambiguous:T/C:BOT-design,T/C,
BARC_1.01_Gm10_3066211_C_T,ss715606177,Gm10,3073975,T,C,unambiguous:T/C:BOT-design,C/T,
BARC_1.01_Gm10_3183187_T_C,ss715606212,Gm10,3190951,T,C,unambiguous:T/C:BOT-design,T/C,
BARC_1.01_Gm10_3235061_C_T,ss715606235,Gm10,3243118,T,C,unambiguous:T/C:BOT-design,C/T,
BARC_1.01_Gm10_3276787_T_G,ss715606253,Gm10,3285126,T,G,unambiguous:T/G:BOT-design,T/G,
BARC_1.01_Gm10_3338315_T_G,ss715606268,Gm10,3346652,T,G,unambiguous:T/G:BOT-design,T/G,
BARC_1.01_Gm10_3375821_T_C,ss715606280,Gm10,3384270,T,C,unambiguous:T/C:BOT-design,T/C,
BARC_1.01_Gm10_3426604_G_A,ss715606293,Gm10,3435100,A,G,unambiguous:A/G:TOP,G/A,
BARC_1.01_Gm10_3465857_C_T,ss715606306,Gm10,3474358,T,C,unambiguous:T/C:BOT-design,C/T,
BARC_1.01_Gm10_3518283_A_G,ss715606323,Gm10,3526785,A,G,unambiguous:A/G:TOP,A/G,
BARC_1.01_Gm10_3590079_T_C,ss715606348,Gm10,3598580,T,C,unambiguous:T/C:BOT-design,T/C,
BARC_1.01_Gm10_3636895_C_T,ss715606376,Gm10,3654531,T,C,unambiguous:T/C:BOT-design,C/T,
BARC_1.01_Gm10_3688050_G_T,ss715606459,Gm10,3705948,T,G,unambiguous:T/G:BOT-design,G/T,
BARC_1.01_Gm10_3840102_T_C,ss715606666,Gm10,3857527,T,C,unambiguous:T/C:BOT-design,T/C,
BARC_1.01_Gm10_3883619_T_C,ss715606744,Gm10,3901046,T,C,unambiguous:T/C:BOT-design,T/C,
BARC_1.01_Gm10_3896284_A_G,ss715606795,Gm10,3913711,A,G,unambiguous:A/G:TOP,A/G,
BARC_1.01_Gm10_3962673_C_T,ss715606900,Gm10,3980100,T,C,unambiguous:T/C:BOT-design,C/T,
BARC_1.01_Gm10_4035277_A_C,ss715607024,Gm10,4052703,A,C,unambiguous:A/C:TOP,A/C,
BARC_1.01_Gm10_4103498_G_T,ss715607096,Gm10,4120139,T,G,unambiguous:T/G:BOT-design,G/T,
BARC_1.01_Gm10_4131044_C_A,ss715607119,Gm10,4147680,A,C,unambiguous:A/C:TOP,C/A,
BARC_1.01_Gm10_4218276_T_C,ss715607195,Gm10,4234910,T,C,unambiguous:T/C:BOT-design,T/C,
BARC_1.01_Gm10_4286365_G_A,ss715607272,Gm10,4303003,A,G,unambiguous:A/G:TOP,G/A,
BARC_1.01_Gm10_4337334_T_C,ss715607334,Gm10,4353967,T,C,unambiguous:T/C:BOT-design,T/C,
BARC_1.01_Gm10_4360182_A_G,ss715607344,Gm10,4376815,A,G,unambiguous:A/G:TOP,A/G,
BARC_1.01_Gm10_4458104_G_A,ss715607467,Gm10,4474732,A,G,unambiguous:A/G:TOP,G/A,
BARC_1.01_Gm10_4568148_C_T,ss715607558,Gm10,4584776,T,C,unambiguous:T/C:BOT-design,C/T,
BARC_1.01_Gm10_4628151_G_A,ss715607634,Gm10,4644778,A,G,unambiguous:A/G:TOP,G/A,
BARC_1.01_Gm10_4670275_G_A,ss715607677,Gm10,4687011,A,G,unambiguous:A/G:TOP,G/A,
BARC_1.01_Gm10_4722679_A_G,ss715607713,Gm10,4739387,A,G,unambiguous:A/G:TOP,A/G,
BARC_1.01_Gm10_4775496_T_C,ss715607803,Gm10,4794720,T,C,unambiguous:T/C:BOT-design,T/C,
BARC_1.01_Gm10_4814162_C_T,ss715607866,Gm10,4833274,T,C,unambiguous:T/C:BOT-design,C/T,
BARC_1.01_Gm10_4892612_G_A,ss715608004,Gm10,4911476,A,G,unambiguous:A/G:TOP,G/A,
BARC_1.01_Gm10_4972351_T_C,ss715608118,Gm10,4991089,T,C,unambiguous:T/C:BOT-design,T/C,
BARC_1.01_Gm10_5026251_T_C,ss715608172,Gm10,5044988,T,C,unambiguous:T/C:BOT-design,T/C,
BARC_1.01_Gm10_5100096_C_T,ss715608216,Gm10,5119264,T,C,unambiguous:T/C:BOT-design,C/T,
BARC_1.01_Gm10_5206933_A_C,ss715608236,Gm10,5229058,A,C,unambiguous:A/C:TOP,A/C,
BARC_1.01_Gm10_5295541_G_A,ss715608244,Gm10,5317658,A,G,unambiguous:A/G:TOP,G/A,
BARC_1.01_Gm10_5404728_C_A,ss715608265,Gm10,5436558,A,C,unambiguous:A/C:TOP,C/A,
BARC_1.01_Gm10_5455842_G_A,ss715608278,Gm10,5487671,A,G,unambiguous:A/G:TOP,G/A,
BARC_1.01_Gm10_5556984_A_G,ss715608307,Gm10,5588824,A,G,unambiguous:A/G:TOP,A/G,
BARC_1.01_Gm10_5775923_A_G,ss715608333,Gm10,5808402,A,G,unambiguous:A/G:TOP,A/G,
BARC_1.01_Gm10_5922076_T_G,ss715608347,Gm10,5954818,T,G,unambiguous:T/G:BOT-design,T/G,
BARC_1.01_Gm10_6096488_C_T,ss715608362,Gm10,6120786,T,C,unambiguous:T/C:BOT-design,C/T,
BARC_1.01_Gm10_6196864_T_G,ss715608386,Gm10,6220803,T,G,unambiguous:T/G:BOT-design,T/G,
BARC_1.01_Gm10_6246276_A_G,ss715608402,Gm10,6273853,A,G,unambiguous:A/G:TOP,A/G,
BARC_1.01_Gm10_6287755_T_C,ss715608411,Gm10,6315338,T,C,unambiguous:T/C:BOT-design,T/C,
BARC_1.01_Gm10_6391652_A_G,ss715608420,Gm10,6419239,A,G,unambiguous:A/G:TOP,A/G,
BARC_1.01_Gm10_6460304_G_A,ss715608430,Gm10,6487877,A,G,unambiguous:A/G:TOP,G/A,
BARC_1.01_Gm10_6524119_C_T,ss715608442,Gm10,6551692,T,C,unambiguous:T/C:BOT-design,C/T,
BARC_1.01_Gm10_6572950_G_A,ss715608449,Gm10,6600506,A,G,unambiguous:A/G:TOP,G/A,
BARC_1.01_Gm10_6663940_T_C,ss715608456,Gm10,6700374,T,C,unambiguous:T/C:BOT-design,T/C,
BARC_1.01_Gm10_6735414_C_T,ss715608463,Gm10,6771846,T,C,unambiguous:T/C:BOT-design,C/T,
BARC_1.01_Gm10_6779054_G_A,ss715608471,Gm10,6815543,A,G,unambiguous:A/G:TOP,G/A,
BARC_1.01_Gm10_6837973_T_C,ss715608474,Gm10,6874835,T,C,unambiguous:T/C:BOT-design,T/C,
BARC_1.01_Gm10_7074398_A_G,ss715608493,Gm10,7111255,A,G,unambiguous:A/G:TOP,A/G,
BARC_1.01_Gm10_7246248_T_C,ss715608506,Gm10,7291324,T,C,unambiguous:T/C:BOT-design,T/C,
BARC_1.01_Gm10_7302539_T_C,ss715608514,Gm10,7341881,T,C,unambiguous:T/C:BOT-design,T/C,
BARC_1.01_Gm10_7389104_T_G,ss715608519,Gm10,7565702,T,G,unambiguous:T/G:BOT-design,T/G,
BARC_1.01_Gm10_7439197_G_T,ss715608523,Gm10,7615797,T,G,unambiguous:T/G:BOT-design,G/T,
BARC_1.01_Gm10_7507435_C_T,ss715608525,Gm10,7684035,T,C,unambiguous:T/C:BOT-design,C/T,
BARC_1.01_Gm10_7564798_G_A,ss715608531,Gm10,7741398,A,G,unambiguous:A/G:TOP,G/A,
BARC_1.01_Gm10_7667954_C_T,ss715608544,Gm10,7844297,T,C,unambiguous:T/C:BOT-design,C/T,
BARC_1.01_Gm10_7687163_G_T,ss715608548,Gm10,7863506,T,G,unambiguous:T/G:BOT-design,G/T,
BARC_1.01_Gm10_8404574_C_T,ss715608599,Gm10,8583203,T,C,unambiguous:T/C:BOT-design,C/T,
BARC_1.01_Gm10_9207487_A_C,ss715608676,Gm10,9391907,A,C,unambiguous:A/C:TOP,A/C,
BARC_1.01_Gm10_9459822_G_T,ss715608707,Gm10,9644288,T,G,unambiguous:T/G:BOT-design,G/T,
BARC_1.01_Gm10_9522845_A_G,ss715608709,Gm10,9707338,A,G,unambiguous:A/G:TOP,A/G,
BARC_1.01_Gm10_9575150_C_T,ss715608711,Gm10,9759641,T,C,unambiguous:T/C:BOT-design,C/T,
BARC_1.01_Gm10_9784704_G_A,ss715608719,Gm10,9968724,A,G,unambiguous:A/G:TOP,G/A,
BARC_1.01_Gm10_10015896_C_T,ss715605484,Gm10,10197783,T,C,unambiguous:T/C:BOT-design,C/T,
BARC_1.01_Gm10_10930700_C_T,ss715605517,Gm10,11184510,T,C,unambiguous:T/C:BOT-design,C/T,
BARC_1.01_Gm10_11328474_T_C,ss715605529,Gm10,11591286,T,C,unambiguous:T/C:BOT-design,T/C,
BARC_1.01_Gm10_11518881_G_A,ss715605533,Gm10,11710604,A,G,unambiguous:A/G:TOP,G/A,
BARC_1.01_Gm10_12080275_G_A,ss715605553,Gm10,12272454,A,G,unambiguous:A/G:TOP,G/A,
BARC_1.01_Gm10_12242190_A_C,ss715605558,Gm10,12425641,A,C,unambiguous:A/C:TOP,A/C,
BARC_1.01_Gm10_12500364_A_G,ss715605566,Gm10,12677900,A,G,unambiguous:A/G:TOP,A/G,
BARC_1.01_Gm10_12658885_G_A,ss715605574,Gm10,12836546,A,G,unambiguous:A/G:TOP,G/A,
BARC_1.01_Gm10_13090030_G_A,ss715605588,Gm10,13268965,A,G,unambiguous:A/G:TOP,G/A,
BARC_1.01_Gm10_13185363_T_C,ss715605592,Gm10,13371564,T,C,unambiguous:T/C:BOT-design,T/C,
BARC_1.01_Gm10_13684185_C_A,ss715605607,Gm10,13870722,A,C,unambiguous:A/C:TOP,C/A,
BARC_1.01_Gm10_26188429_A_G,ss715606006,Gm10,16707334,A,G,unambiguous:A/G:TOP,A/G,
BARC_1.01_Gm10_26449968_C_T,ss715606013,Gm10,16966443,T,C,unambiguous:T/C:BOT-design,C/T,
BARC_1.01_Gm10_26598887_A_G,ss715606020,Gm10,17107529,A,G,unambiguous:A/G:TOP,A/G,
BARC_1.01_Gm10_27849090_A_G,ss715606067,Gm10,18353670,A,G,unambiguous:A/G:TOP,A/G,
BARC_1.01_Gm10_23967467_T_C,ss715605936,Gm10,20275514,T,C,unambiguous:T/C:BOT-design,T/C,
BARC_1.01_Gm10_23868600_A_G,ss715605933,Gm10,20380713,A,G,unambiguous:A/G:TOP,A/G,
BARC_1.01_Gm10_23322034_G_A,ss715605914,Gm10,20923667,A,G,unambiguous:A/G:TOP,G/A,
BARC_1.01_Gm10_21509542_T_C,ss715605858,Gm10,21365504,T,C,unambiguous:T/C:BOT-design,T/C,
BARC_1.01_Gm10_21384300_A_G,ss715605852,Gm10,21487994,A,G,unambiguous:A/G:TOP,A/G,
BARC_1.01_Gm10_21290666_G_A,ss715605850,Gm10,21586075,A,G,unambiguous:A/G:TOP,G/A,
BARC_1.01_Gm10_20222067_T_C,ss715605820,Gm10,22704627,T,C,unambiguous:T/C:BOT-design,T/C,
BARC_1.01_Gm10_19202280_G_T,ss715605790,Gm10,23736836,T,G,unambiguous:T/G:BOT-design,G/T,
BARC_1.01_Gm10_18700582_T_C,ss715605773,Gm10,24238712,T,C,unambiguous:T/C:BOT-design,T/C,
BARC_1.01_Gm17_9749711_A_G,ss715628387,Gm17,24446676,A,G,unambiguous:A/G:TOP,A/G,
BARC_1.01_Gm10_18092265_A_G,ss715605757,Gm10,24845866,A,G,unambiguous:A/G:TOP,A/G,
BARC_1.01_Gm10_17148524_C_A,ss715605733,Gm10,25805858,A,C,unambiguous:A/C:TOP,C/A,
BARC_1.01_Gm10_16087636_G_A,ss715605698,Gm10,26882080,A,G,unambiguous:A/G:TOP,G/A,
BARC_1.01_Gm10_14985037_C_A,ss715605651,Gm10,27553364,A,C,unambiguous:A/C:TOP,C/A,
BARC_1.01_Gm10_15592777_A_G,ss715605671,Gm10,28170558,A,G,unambiguous:A/G:TOP,A/G,
BARC_1.01_Gm10_14376726_G_A,ss715605625,Gm10,28621076,A,G,unambiguous:A/G:TOP,G/A,
BARC_1.01_Gm10_28108873_G_A,ss715606080,Gm10,28902985,A,G,unambiguous:A/G:TOP,G/A,
BARC_1.01_Gm10_28812452_A_G,ss715606111,Gm10,29566332,A,G,unambiguous:A/G:TOP,A/G,
BARC_1.01_Gm10_29796557_G_A,ss715606149,Gm10,30534436,A,G,unambiguous:A/G:TOP,G/A,
BARC_1.01_Gm10_29912146_G_A,ss715606153,Gm10,30650683,A,G,unambiguous:A/G:TOP,G/A,
BARC_1.01_Gm10_30093407_T_C,ss715606157,Gm10,30831897,T,C,unambiguous:T/C:BOT-design,T/C,
BARC_1.01_Gm10_30749169_A_G,ss715606180,Gm10,31168509,A,G,unambiguous:A/G:TOP,A/G,
BARC_1.01_Gm10_31525347_A_G,ss715606203,Gm10,31929615,A,G,unambiguous:A/G:TOP,A/G,
BARC_1.01_Gm10_32173874_C_T,ss715606229,Gm10,32578849,T,C,unambiguous:T/C:BOT-design,C/T,
BARC_1.01_Gm10_33347216_A_G,ss715606266,Gm10,33752433,A,G,unambiguous:A/G:TOP,A/G,
BARC_1.01_Gm10_33484651_T_C,ss715606271,Gm10,33889842,T,C,unambiguous:T/C:BOT-design,T/C,
BARC_1.01_Gm10_35179318_A_G,ss715606321,Gm10,35711331,A,G,unambiguous:A/G:TOP,A/G,
BARC_1.01_Gm10_36276152_A_G,ss715606361,Gm10,36804130,A,G,unambiguous:A/G:TOP,A/G,
BARC_1.01_Gm10_36448006_T_G,ss715606383,Gm10,36974968,T,G,unambiguous:T/G:BOT-design,T/G,
BARC_1.01_Gm10_36634025_T_C,ss715606397,Gm10,37161455,T,C,unambiguous:T/C:BOT-design,T/C,
BARC_1.01_Gm10_36651216_A_C,ss715606400,Gm10,37178646,A,C,unambiguous:A/C:TOP,A/C,
BARC_1.01_Gm10_36697318_G_A,ss715606408,Gm10,37224752,A,G,unambiguous:A/G:TOP,G/A,
BARC_1.01_Gm10_36725190_G_A,ss715606428,Gm10,37252624,A,G,unambiguous:A/G:TOP,G/A,
BARC_1.01_Gm10_36761186_A_G,ss715606435,Gm10,37288018,A,G,unambiguous:A/G:TOP,A/G,
BARC_1.01_Gm10_36928133_A_G,ss715606477,Gm10,37454964,A,G,unambiguous:A/G:TOP,A/G,
BARC_1.01_Gm10_36975604_C_T,ss715606492,Gm10,37502435,T,C,unambiguous:T/C:BOT-design,C/T,
BARC_1.01_Gm10_37019917_A_G,ss715606501,Gm10,37546748,A,G,unambiguous:A/G:TOP,A/G,
BARC_1.01_Gm10_37066910_G_A,ss715606506,Gm10,37593834,A,G,unambiguous:A/G:TOP,G/A,
BARC_1.01_Gm10_37168706_G_A,ss715606543,Gm10,37695630,A,G,unambiguous:A/G:TOP,G/A,
BARC_1.01_Gm10_37298266_A_G,ss715606550,Gm10,37824499,A,G,unambiguous:A/G:TOP,A/G,
BARC_1.01_Gm10_37390628_A_G,ss715606557,Gm10,37916823,A,G,unambiguous:A/G:TOP,A/G,
BARC_1.01_Gm10_37469103_C_A,ss715606563,Gm10,37995354,A,C,unambiguous:A/C:TOP,C/A,
BARC_1.01_Gm10_37618173_A_G,ss715606576,Gm10,38142567,A,G,unambiguous:A/G:TOP,A/G,
BARC_1.01_Gm10_37694425_C_T,ss715606580,Gm10,38218813,T,C,unambiguous:T/C:BOT-design,C/T,
BARC_1.01_Gm10_37762178_C_T,ss715606590,Gm10,38286609,T,C,unambiguous:T/C:BOT-design,C/T,
BARC_1.01_Gm10_37793479_C_A,ss715606598,Gm10,38317910,A,C,unambiguous:A/C:TOP,C/A,
BARC_1.01_Gm10_37838242_G_A,ss715606605,Gm10,38362673,A,G,unambiguous:A/G:TOP,G/A,
BARC_1.01_Gm10_38025918_A_C,ss715606636,Gm10,38550767,A,C,unambiguous:A/C:TOP,A/C,
BARC_1.01_Gm10_38105991_T_C,ss715606640,Gm10,38639954,T,C,unambiguous:T/C:BOT-design,T/C,
BARC_1.01_Gm10_38147924_G_A,ss715606646,Gm10,38681890,A,G,unambiguous:A/G:TOP,G/A,
BARC_1.01_Gm10_38406137_G_A,ss715606667,Gm10,38954329,A,G,unambiguous:A/G:TOP,G/A,
BARC_1.01_Gm10_38489306_T_G,ss715606671,Gm10,39037501,T,G,unambiguous:T/G:BOT-design,T/G,
BARC_1.01_Gm10_38535822_G_A,ss715606679,Gm10,39083995,A,G,unambiguous:A/G:TOP,G/A,
BARC_1.01_Gm10_38593847_C_T,ss715606683,Gm10,39142024,T,C,unambiguous:T/C:BOT-design,C/T,
BARC_1.01_Gm10_38661148_C_T,ss715606692,Gm10,39209324,T,C,unambiguous:T/C:BOT-design,C/T,
BARC_1.01_Gm10_38751669_C_A,ss715606716,Gm10,39299840,A,C,unambiguous:A/C:TOP,C/A,
BARC_1.01_Gm10_38822578_C_A,ss715606735,Gm10,39370751,A,C,unambiguous:A/C:TOP,C/A,
BARC_1.01_Gm10_38900522_T_C,ss715606777,Gm10,39448713,T,C,unambiguous:T/C:BOT-design,T/C,
BARC_1.01_Gm10_38986661_A_G,ss715606801,Gm10,39543852,A,G,unambiguous:A/G:TOP,A/G,
BARC_1.01_Gm10_39086213_C_A,ss715606812,Gm10,39643489,A,C,unambiguous:A/C:TOP,C/A,
BARC_1.01_Gm10_39130226_G_T,ss715606824,Gm10,39687502,T,G,unambiguous:T/G:BOT-design,G/T,
BARC_1.01_Gm10_39190072_A_G,ss715606836,Gm10,39747348,A,G,unambiguous:A/G:TOP,A/G,
BARC_1.01_Gm10_39350141_T_C,ss715606848,Gm10,39906756,T,C,unambiguous:T/C:BOT-design,T/C,
BARC_1.01_Gm10_39436379_T_G,ss715606874,Gm10,39992994,T,G,unambiguous:T/G:BOT-design,T/G,
BARC_1.01_Gm10_39501335_C_A,ss715606881,Gm10,40057951,A,C,unambiguous:A/C:TOP,C/A,
BARC_1.01_Gm10_39570259_C_T,ss715606892,Gm10,40126875,T,C,unambiguous:T/C:BOT-design,C/T,
BARC_1.01_Gm10_39630441_G_A,ss715606902,Gm10,40187057,A,G,unambiguous:A/G:TOP,G/A,
BARC_1.01_Gm10_39700476_T_C,ss715606908,Gm10,40257891,T,C,unambiguous:T/C:BOT-design,T/C,
BARC_1.01_Gm10_39771689_T_G,ss715606922,Gm10,40329105,T,G,unambiguous:T/G:BOT-design,T/G,
BARC_1.01_Gm10_39827303_A_C,ss715606939,Gm10,40384719,A,C,unambiguous:A/C:TOP,A/C,
BARC_1.01_Gm10_39937578_G_A,ss715606949,Gm10,40497068,A,G,unambiguous:A/G:TOP,G/A,
BARC_1.01_Gm10_40022334_A_C,ss715606967,Gm10,40581832,A,C,unambiguous:A/C:TOP,A/C,
BARC_1.01_Gm10_40077126_A_G,ss715606978,Gm10,40636624,A,G,unambiguous:A/G:TOP,A/G,
BARC_1.01_Gm10_40177184_T_G,ss715606996,Gm10,40736682,T,G,unambiguous:T/G:BOT-design,T/G,
BARC_1.01_Gm10_40258740_G_A,ss715607012,Gm10,40818239,A,G,unambiguous:A/G:TOP,G/A,
BARC_1.01_Gm10_40350146_T_C,ss715607022,Gm10,40909864,T,C,unambiguous:T/C:BOT-design,T/C,
BARC_1.01_Gm10_40588398_G_A,ss715607038,Gm10,41121808,A,G,unambiguous:A/G:TOP,G/A,
BARC_1.01_Gm10_40646744_G_A,ss715607044,Gm10,41180154,A,G,unambiguous:A/G:TOP,G/A,
BARC_1.01_Gm10_40692799_T_C,ss715607051,Gm10,41226209,T,C,unambiguous:T/C:BOT-design,T/C,
BARC_1.01_Gm10_40784262_C_T,ss715607061,Gm10,41316525,T,C,unambiguous:T/C:BOT-design,C/T,
BARC_1.01_Gm10_40875883_A_C,ss715607070,Gm10,41423143,A,C,unambiguous:A/C:TOP,A/C,
BARC_1.01_Gm10_41032294_A_C,ss715607095,Gm10,41579041,A,C,unambiguous:A/C:TOP,A/C,
BARC_1.01_Gm10_41103076_T_C,ss715607102,Gm10,41649823,T,C,unambiguous:T/C:BOT-design,T/C,
BARC_1.01_Gm10_41264025_A_C,ss715607113,Gm10,41819538,A,C,unambiguous:A/C:TOP,A/C,
BARC_1.01_Gm10_41374120_G_A,ss715607124,Gm10,41929339,A,G,unambiguous:A/G:TOP,G/A,
BARC_1.01_Gm10_41445184_T_C,ss715607135,Gm10,42000403,T,C,unambiguous:T/C:BOT-design,T/C,
BARC_1.01_Gm10_41488608_T_G,ss715607141,Gm10,42043833,T,G,unambiguous:T/G:BOT-design,T/G,
BARC_1.01_Gm10_41567802_C_T,ss715607150,Gm10,42123502,T,C,unambiguous:T/C:BOT-design,C/T,
BARC_1.01_Gm10_41610215_C_T,ss715607155,Gm10,42166065,T,C,unambiguous:T/C:BOT-design,C/T,
BARC_1.01_Gm10_41958155_A_G,ss715607186,Gm10,42522750,A,G,unambiguous:A/G:TOP,A/G,
BARC_1.01_Gm10_42296579_T_G,ss715607213,Gm10,42861060,T,G,unambiguous:T/G:BOT-design,T/G,
BARC_1.01_Gm10_42450430_G_A,ss715607235,Gm10,43016403,A,G,unambiguous:A/G:TOP,G/A,
BARC_1.01_Gm10_42500037_G_A,ss715607241,Gm10,43066009,A,G,unambiguous:A/G:TOP,G/A,
BARC_1.01_Gm10_42565092_C_T,ss715607250,Gm10,43131019,T,C,unambiguous:T/C:BOT-design,C/T,
BARC_1.01_Gm10_42620434_A_G,ss715607257,Gm10,43186362,A,G,unambiguous:A/G:TOP,A/G,
BARC_1.01_Gm10_42700568_T_C,ss715607260,Gm10,43266456,T,C,unambiguous:T/C:BOT-design,T/C,
BARC_1.01_Gm10_42845506_C_T,ss715607271,Gm10,43406182,T,C,unambiguous:T/C:BOT-design,C/T,
BARC_1.01_Gm10_43004105_A_C,ss715607290,Gm10,43489645,A,C,unambiguous:A/C:TOP,A/C,
BARC_1.01_Gm10_42963703_G_A,ss715607279,Gm10,43530047,A,G,unambiguous:A/G:TOP,G/A,
BARC_1.01_Gm10_42920895_C_T,ss715607276,Gm10,43572854,T,C,unambiguous:T/C:BOT-design,C/T,
BARC_1.01_Gm10_43107961_A_G,ss715607300,Gm10,43686636,A,G,unambiguous:A/G:TOP,A/G,
BARC_1.01_Gm10_43178809_G_T,ss715607308,Gm10,43757485,T,G,unambiguous:T/G:BOT-design,G/T,
BARC_1.01_Gm10_43206584_T_C,ss715607320,Gm10,43785260,T,C,unambiguous:T/C:BOT-design,T/C,
BARC_1.01_Gm10_43354539_A_G,ss715607331,Gm10,43934196,A,G,unambiguous:A/G:TOP,A/G,
BARC_1.01_Gm10_43612052_T_G,ss715607345,Gm10,44192118,T,G,unambiguous:T/G:BOT-design,T/G,
BARC_1.01_Gm10_43662144_C_T,ss715607352,Gm10,44242211,T,C,unambiguous:T/C:BOT-design,C/T,
BARC_1.01_Gm10_43696272_T_G,ss715607357,Gm10,44276339,T,G,unambiguous:T/G:BOT-design,T/G,
BARC_1.01_Gm10_43783265_G_A,ss715607365,Gm10,44363334,A,G,unambiguous:A/G:TOP,G/A,
BARC_1.01_Gm10_43840376_T_C,ss715607376,Gm10,44420445,T,C,unambiguous:T/C:BOT-design,T/C,
BARC_1.01_Gm10_43894668_A_G,ss715607383,Gm10,44474753,A,G,unambiguous:A/G:TOP,A/G,
BARC_1.01_Gm10_43984045_G_A,ss715607392,Gm10,44564216,A,G,unambiguous:A/G:TOP,G/A,
BARC_1.01_Gm10_44042822_A_G,ss715607402,Gm10,44622989,A,G,unambiguous:A/G:TOP,A/G,
BARC_1.01_Gm10_44091618_T_C,ss715607409,Gm10,44671785,T,C,unambiguous:T/C:BOT-design,T/C,
BARC_1.01_Gm10_44137020_T_C,ss715607414,Gm10,44714548,T,C,unambiguous:T/C:BOT-design,T/C,
BARC_1.01_Gm10_44227652_C_T,ss715607426,Gm10,44805178,T,C,unambiguous:T/C:BOT-design,C/T,
BARC_1.01_Gm10_44274964_T_G,ss715607431,Gm10,44852490,T,G,unambiguous:T/G:BOT-design,T/G,
BARC_1.01_Gm10_44342605_G_A,ss715607435,Gm10,44920131,A,G,unambiguous:A/G:TOP,G/A,
BARC_1.01_Gm10_44445941_A_G,ss715607450,Gm10,45023591,A,G,unambiguous:A/G:TOP,A/G,
BARC_1.01_Gm10_44553009_T_C,ss715607458,Gm10,45130979,T,C,unambiguous:T/C:BOT-design,T/C,
BARC_1.01_Gm10_44563220_A_G,ss715607462,Gm10,45141190,A,G,unambiguous:A/G:TOP,A/G,
BARC_1.01_Gm10_44574663_C_T,ss715607465,Gm10,45152633,T,C,unambiguous:T/C:BOT-design,C/T,
BARC_1.01_Gm10_44744804_A_C,ss715607483,Gm10,45322752,A,C,unambiguous:A/C:TOP,A/C,
BARC_1.01_Gm10_44885874_G_A,ss715607495,Gm10,45463820,A,G,unambiguous:A/G:TOP,G/A,
BARC_1.01_Gm10_44972284_T_C,ss715607502,Gm10,45550230,T,C,unambiguous:T/C:BOT-design,T/C,
BARC_1.01_Gm10_45051560_T_C,ss715607504,Gm10,45629506,T,C,unambiguous:T/C:BOT-design,T/C,
BARC_1.01_Gm10_45141082_A_G,ss715607509,Gm10,45722273,A,G,unambiguous:A/G:TOP,A/G,
BARC_1.01_Gm10_45245539_G_A,ss715607517,Gm10,45826997,A,G,unambiguous:A/G:TOP,G/A,
BARC_1.01_Gm10_45332216_A_G,ss715607526,Gm10,45903960,A,G,unambiguous:A/G:TOP,A/G,
BARC_1.01_Gm10_45608453_A_G,ss715607551,Gm10,46179721,A,G,unambiguous:A/G:TOP,A/G,
BARC_1.01_Gm10_45670539_T_C,ss715607557,Gm10,46241807,T,C,unambiguous:T/C:BOT-design,T/C,
BARC_1.01_Gm10_45863169_A_G,ss715607569,Gm10,46434446,A,G,unambiguous:A/G:TOP,A/G,
BARC_1.01_Gm10_45890133_C_T,ss715607571,Gm10,46461410,T,C,unambiguous:T/C:BOT-design,C/T,
BARC_1.01_Gm10_46008769_G_A,ss715607586,Gm10,46580047,A,G,unambiguous:A/G:TOP,G/A,
BARC_1.01_Gm10_46069887_A_G,ss715607595,Gm10,46639345,A,G,unambiguous:A/G:TOP,A/G,
BARC_1.01_Gm10_46119255_G_A,ss715607605,Gm10,46688879,A,G,unambiguous:A/G:TOP,G/A,
BARC_1.01_Gm10_46177554_C_T,ss715607624,Gm10,46747178,T,C,unambiguous:T/C:BOT-design,C/T,
BARC_1.01_Gm10_46269434_G_A,ss715607633,Gm10,46839076,A,G,unambiguous:A/G:TOP,G/A,
BARC_1.01_Gm10_46351117_A_G,ss715607638,Gm10,46920760,A,G,unambiguous:A/G:TOP,A/G,
BARC_1.01_Gm10_46401717_G_A,ss715607643,Gm10,46971360,A,G,unambiguous:A/G:TOP,G/A,
BARC_1.01_Gm10_46489962_C_T,ss715607651,Gm10,47060476,T,C,unambiguous:T/C:BOT-design,C/T,
BARC_1.01_Gm10_46528941_T_C,ss715607656,Gm10,47099455,T,C,unambiguous:T/C:BOT-design,T/C,
BARC_1.01_Gm10_46688003_C_T,ss715607675,Gm10,47258556,T,C,unambiguous:T/C:BOT-design,C/T,
BARC_1.01_Gm10_46748011_A_G,ss715607684,Gm10,47344233,A,G,unambiguous:A/G:TOP,A/G,
BARC_1.01_Gm10_46788615_A_G,ss715607686,Gm10,47384837,A,G,unambiguous:A/G:TOP,A/G,
BARC_1.01_Gm10_46889748_G_A,ss715607694,Gm10,47485080,A,G,unambiguous:A/G:TOP,G/A,
BARC_1.01_Gm10_47120869_G_A,ss715607701,Gm10,47716772,A,G,unambiguous:A/G:TOP,G/A,
BARC_1.01_Gm10_47223663_T_C,ss715607711,Gm10,47819090,T,C,unambiguous:T/C:BOT-design,T/C,
BARC_1.01_Gm10_47246802_G_A,ss715607716,Gm10,47842229,A,G,unambiguous:A/G:TOP,G/A,
BARC_1.01_Gm10_47296339_T_C,ss715607727,Gm10,47891909,T,C,unambiguous:T/C:BOT-design,T/C,
BARC_1.01_Gm10_47377738_C_T,ss715607735,Gm10,47973308,T,C,unambiguous:T/C:BOT-design,C/T,
BARC_1.01_Gm10_47417315_G_A,ss715607749,Gm10,48012886,A,G,unambiguous:A/G:TOP,G/A,
BARC_1.01_Gm10_47552124_C_A,ss715607772,Gm10,48147731,A,C,unambiguous:A/C:TOP,C/A,
BARC_1.01_Gm10_47616648_C_T,ss715607789,Gm10,48212318,T,C,unambiguous:T/C:BOT-design,C/T,
BARC_1.01_Gm10_47656484_T_C,ss715607791,Gm10,48252164,T,C,unambiguous:T/C:BOT-design,T/C,
BARC_1.01_Gm10_47733469_G_A,ss715607798,Gm10,48329149,A,G,unambiguous:A/G:TOP,G/A,
BARC_1.01_Gm10_47774781_T_C,ss715607807,Gm10,48370461,T,C,unambiguous:T/C:BOT-design,T/C,
BARC_1.01_Gm10_47834616_G_A,ss715607815,Gm10,48430322,A,G,unambiguous:A/G:TOP,G/A,
BARC_1.01_Gm10_47946637_C_A,ss715607829,Gm10,48542327,A,C,unambiguous:A/C:TOP,C/A,
BARC_1.01_Gm10_47984335_C_T,ss715607839,Gm10,48580025,T,C,unambiguous:T/C:BOT-design,C/T,
BARC_1.01_Gm10_48002626_G_A,ss715607846,Gm10,48598316,A,G,unambiguous:A/G:TOP,G/A,
BARC_1.01_Gm10_48111404_A_G,ss715607862,Gm10,48707094,A,G,unambiguous:A/G:TOP,A/G,
BARC_1.01_Gm10_48170958_T_G,ss715607872,Gm10,48766650,T,G,unambiguous:T/G:BOT-design,T/G,
BARC_1.01_Gm10_48265015_A_G,ss715607879,Gm10,48860704,A,G,unambiguous:A/G:TOP,A/G,
BARC_1.01_Gm10_48331152_G_A,ss715607890,Gm10,48926841,A,G,unambiguous:A/G:TOP,G/A,
BARC_1.01_Gm10_48426970_A_G,ss715607917,Gm10,49022659,A,G,unambiguous:A/G:TOP,A/G,
BARC_1.01_Gm10_48515088_A_G,ss715607931,Gm10,49110777,A,G,unambiguous:A/G:TOP,A/G,
BARC_1.01_Gm10_48586134_A_C,ss715607935,Gm10,49181823,A,C,unambiguous:A/C:TOP,A/C,
BARC_1.01_Gm10_48643490_T_C,ss715607944,Gm10,49240500,T,C,unambiguous:T/C:BOT-design,T/C,
BARC_1.01_Gm10_48695057_T_C,ss715607955,Gm10,49292067,T,C,unambiguous:T/C:BOT-design,T/C,
BARC_1.01_Gm10_48809043_A_G,ss715607983,Gm10,49406246,A,G,unambiguous:A/G:TOP,A/G,
BARC_1.01_Gm10_48880128_C_T,ss715607993,Gm10,49477331,T,C,unambiguous:T/C:BOT-design,C/T,
BARC_1.01_Gm10_48966589_G_A,ss715608012,Gm10,49568136,A,G,unambiguous:A/G:TOP,G/A,
BARC_1.01_Gm10_49034509_C_T,ss715608035,Gm10,49636186,T,C,unambiguous:T/C:BOT-design,C/T,
BARC_1.01_Gm10_49084126_G_A,ss715608043,Gm10,49685779,A,G,unambiguous:A/G:TOP,G/A,
BARC_1.01_Gm10_49131983_A_C,ss715608048,Gm10,49733654,A,C,unambiguous:A/C:TOP,A/C,
BARC_1.01_Gm10_49228687_T_G,ss715608058,Gm10,49825820,T,G,unambiguous:T/G:BOT-design,T/G,
BARC_1.01_Gm10_49359424_T_G,ss715608070,Gm10,49956495,T,G,unambiguous:T/G:BOT-design,T/G,
BARC_1.01_Gm10_49447586_C_T,ss715608078,Gm10,50044631,T,C,unambiguous:T/C:BOT-design,C/T,
BARC_1.01_Gm10_49559305_A_G,ss715608087,Gm10,50156350,A,G,unambiguous:A/G:TOP,A/G,
BARC_1.01_Gm10_49630664_C_T,ss715608102,Gm10,50227775,T,C,unambiguous:T/C:BOT-design,C/T,
BARC_1.01_Gm10_49734248_G_T,ss715608119,Gm10,50331359,T,G,unambiguous:T/G:BOT-design,G/T,
BARC_1.01_Gm10_49784470_A_G,ss715608126,Gm10,50381582,A,G,unambiguous:A/G:TOP,A/G,
BARC_1.01_Gm10_49872106_G_A,ss715608134,Gm10,50469218,A,G,unambiguous:A/G:TOP,G/A,
BARC_1.01_Gm10_49967536_T_C,ss715608145,Gm10,50564648,T,C,unambiguous:T/C:BOT-design,T/C,
BARC_1.01_Gm10_49995743_T_G,ss715608151,Gm10,50592953,T,G,unambiguous:T/G:BOT-design,T/G,
BARC_1.01_Gm10_50173069_T_C,ss715608166,Gm10,50770281,T,C,unambiguous:T/C:BOT-design,T/C,
BARC_1.01_Gm10_50236771_G_T,ss715608171,Gm10,50833977,T,G,unambiguous:T/G:BOT-design,G/T,
BARC_1.01_Gm10_50286433_A_C,ss715608177,Gm10,50883639,A,C,unambiguous:A/C:TOP,A/C,
BARC_1.01_Gm10_50395207_A_G,ss715608184,Gm10,50992413,A,G,unambiguous:A/G:TOP,A/G,
BARC_1.01_Gm10_50470254_T_C,ss715608187,Gm10,51067457,T,C,unambiguous:T/C:BOT-design,T/C,
BARC_1.01_Gm10_50850257_T_C,ss715608206,Gm10,51447518,T,C,unambiguous:T/C:BOT-design,T/C,
BARC_1.01_Gm10_50904021_T_C,ss715608210,Gm10,51501283,T,C,unambiguous:T/C:BOT-design,T/C,
BARC_1.01_Gm11_17911_T_C,ss715609534,Gm11,17705,T,C,unambiguous:T/C:BOT-design,T/C,
BARC_1.01_Gm11_63293_A_G,ss715610986,Gm11,63226,A,G,unambiguous:A/G:TOP,A/G,
BARC_1.01_Gm11_423298_C_T,ss715610691,Gm11,432285,T,C,unambiguous:T/C:BOT-design,C/T,
BARC_1.01_Gm11_473998_T_C,ss715610763,Gm11,482973,T,C,unambiguous:T/C:BOT-design,T/C,
BARC_1.01_Gm11_571208_A_C,ss715610888,Gm11,580183,A,C,unambiguous:A/C:TOP,A/C,
BARC_1.01_Gm11_614313_A_G,ss715610967,Gm11,623288,A,G,unambiguous:A/G:TOP,A/G,
BARC_1.01_Gm11_667752_C_T,ss715611014,Gm11,676727,T,C,unambiguous:T/C:BOT-design,C/T,
BARC_1.01_Gm11_705392_C_A,ss715611063,Gm11,714367,A,C,unambiguous:A/C:TOP,C/A,
BARC_1.01_Gm11_767028_T_C,ss715611134,Gm11,776003,T,C,unambiguous:T/C:BOT-design,T/C,
BARC_1.01_Gm11_866819_G_A,ss715611253,Gm11,875796,A,G,unambiguous:A/G:TOP,G/A,
BARC_1.01_Gm11_916305_A_G,ss715611282,Gm11,925282,A,G,unambiguous:A/G:TOP,A/G,
BARC_1.01_Gm11_1055471_G_A,ss715608767,Gm11,1064453,A,G,unambiguous:A/G:TOP,G/A,
BARC_1.01_Gm11_1093109_T_G,ss715608805,Gm11,1102059,T,G,unambiguous:T/G:BOT-design,T/G,
BARC_1.01_Gm11_1161553_T_C,ss715608856,Gm11,1170503,T,C,unambiguous:T/C:BOT-design,T/C,
BARC_1.01_Gm11_1224933_T_C,ss715608935,Gm11,1233883,T,C,unambiguous:T/C:BOT-design,T/C,
BARC_1.01_Gm11_1267809_T_C,ss715608963,Gm11,1276760,T,C,unambiguous:T/C:BOT-design,T/C,
BARC_1.01_Gm11_1339540_G_A,ss715609002,Gm11,1348491,A,G,unambiguous:A/G:TOP,G/A,
BARC_1.01_Gm11_1395042_C_T,ss715609022,Gm11,1403993,T,C,unambiguous:T/C:BOT-design,C/T,
BARC_1.01_Gm11_1434561_A_G,ss715609050,Gm11,1443512,A,G,unambiguous:A/G:TOP,A/G,
BARC_1.01_Gm11_1521896_G_A,ss715609163,Gm11,1530847,A,G,unambiguous:A/G:TOP,G/A,
BARC_1.01_Gm11_1620921_A_C,ss715609320,Gm11,1629870,A,C,unambiguous:A/C:TOP,A/C,
BARC_1.01_Gm11_1711864_C_T,ss715609435,Gm11,1720815,T,C,unambiguous:T/C:BOT-design,C/T,
BARC_1.01_Gm11_1724354_C_A,ss715609442,Gm11,1733305,A,C,unambiguous:A/C:TOP,C/A,
BARC_1.01_Gm11_1804279_T_C,ss715609541,Gm11,1812935,T,C,unambiguous:T/C:BOT-design,T/C,
BARC_1.01_Gm11_1874390_T_G,ss715609582,Gm11,1882993,T,G,unambiguous:T/G:BOT-design,T/G,
BARC_1.01_Gm11_1954658_C_T,ss715609597,Gm11,1963261,T,C,unambiguous:T/C:BOT-design,C/T,
BARC_1.01_Gm11_2092125_G_A,ss715609626,Gm11,2100501,A,G,unambiguous:A/G:TOP,G/A,
BARC_1.01_Gm11_2167393_G_A,ss715609652,Gm11,2175770,A,G,unambiguous:A/G:TOP,G/A,
BARC_1.01_Gm11_2211528_G_T,ss715609664,Gm11,2219905,T,G,unambiguous:T/G:BOT-design,G/T,
BARC_1.01_Gm11_2565807_G_T,ss715609762,Gm11,2574195,T,G,unambiguous:T/G:BOT-design,G/T,
BARC_1.01_Gm11_2625440_A_G,ss715609783,Gm11,2633828,A,G,unambiguous:A/G:TOP,A/G,
BARC_1.01_Gm11_2680233_G_A,ss715609804,Gm11,2688621,A,G,unambiguous:A/G:TOP,G/A,
BARC_1.01_Gm11_2777893_A_C,ss715609844,Gm11,2786281,A,C,unambiguous:A/C:TOP,A/C,
BARC_1.01_Gm11_3084142_G_A,ss715609908,Gm11,3091672,A,G,unambiguous:A/G:TOP,G/A,
BARC_1.01_Gm11_3277472_C_T,ss715609960,Gm11,3285002,T,C,unambiguous:T/C:BOT-design,C/T,
BARC_1.01_Gm11_3323629_G_A,ss715610003,Gm11,3331159,A,G,unambiguous:A/G:TOP,G/A,
BARC_1.01_Gm11_3384878_T_C,ss715610049,Gm11,3393766,T,C,unambiguous:T/C:BOT-design,T/C,
BARC_1.01_Gm11_3432665_A_G,ss715610089,Gm11,3441553,A,G,unambiguous:A/G:TOP,A/G,
BARC_1.01_Gm11_3641716_A_C,ss715610251,Gm11,3650644,A,C,unambiguous:A/C:TOP,A/C,
BARC_1.01_Gm11_3754670_C_T,ss715610431,Gm11,3764301,T,C,unambiguous:T/C:BOT-design,C/T,
BARC_1.01_Gm11_3856937_G_T,ss715610573,Gm11,3866567,T,G,unambiguous:T/G:BOT-design,G/T,
BARC_1.01_Gm11_3950213_T_C,ss715610661,Gm11,3959854,T,C,unambiguous:T/C:BOT-design,T/C,
BARC_1.01_Gm11_4094763_A_G,ss715610666,Gm11,4104444,A,G,unambiguous:A/G:TOP,A/G,
BARC_1.01_Gm11_4135246_C_T,ss715610675,Gm11,4144927,T,C,unambiguous:T/C:BOT-design,C/T,
BARC_1.01_Gm11_4177326_A_G,ss715610683,Gm11,4187007,A,G,unambiguous:A/G:TOP,A/G,
BARC_1.01_Gm11_4216279_A_G,ss715610688,Gm11,4225960,A,G,unambiguous:A/G:TOP,A/G,
BARC_1.01_Gm11_4329480_T_C,ss715610717,Gm11,4338907,T,C,unambiguous:T/C:BOT-design,T/C,
BARC_1.01_Gm11_4345198_G_A,ss715610720,Gm11,4354625,A,G,unambiguous:A/G:TOP,G/A,
BARC_1.01_Gm11_4408645_C_T,ss715610723,Gm11,4418072,T,C,unambiguous:T/C:BOT-design,C/T,
BARC_1.01_Gm11_4453218_T_C,ss715610732,Gm11,4462645,T,C,unambiguous:T/C:BOT-design,T/C,
BARC_1.01_Gm11_4519147_C_A,ss715610738,Gm11,4528574,A,C,unambiguous:A/C:TOP,C/A,
BARC_1.01_Gm11_4566780_C_T,ss715610745,Gm11,4576207,T,C,unambiguous:T/C:BOT-design,C/T,
BARC_1.01_Gm11_4632613_T_C,ss715610754,Gm11,4642130,T,C,unambiguous:T/C:BOT-design,T/C,
BARC_1.01_Gm11_4702578_C_A,ss715610759,Gm11,4712175,A,C,unambiguous:A/C:TOP,C/A,
BARC_1.01_Gm11_4796577_A_C,ss715610773,Gm11,4806173,A,C,unambiguous:A/C:TOP,A/C,
BARC_1.01_Gm11_4866335_T_C,ss715610795,Gm11,4875880,T,C,unambiguous:T/C:BOT-design,T/C,
BARC_1.01_Gm11_4961902_C_T,ss715610804,Gm11,4971452,T,C,unambiguous:T/C:BOT-design,C/T,
BARC_1.01_Gm11_5001720_T_C,ss715610809,Gm11,5011270,T,C,unambiguous:T/C:BOT-design,T/C,
BARC_1.01_Gm11_5065170_G_A,ss715610817,Gm11,5074720,A,G,unambiguous:A/G:TOP,G/A,
BARC_1.01_Gm11_5238788_G_A,ss715610843,Gm11,5248257,A,G,unambiguous:A/G:TOP,G/A,
BARC_1.01_Gm11_5293932_C_T,ss715610854,Gm11,5303401,T,C,unambiguous:T/C:BOT-design,C/T,
BARC_1.01_Gm11_5399916_G_A,ss715610863,Gm11,5409385,A,G,unambiguous:A/G:TOP,G/A,
BARC_1.01_Gm11_5536036_C_A,ss715610870,Gm11,5545123,A,C,unambiguous:A/C:TOP,C/A,
BARC_1.01_Gm11_5661230_T_C,ss715610882,Gm11,5670312,T,C,unambiguous:T/C:BOT-design,T/C,
BARC_1.01_Gm11_5712472_C_T,ss715610889,Gm11,5721552,T,C,unambiguous:T/C:BOT-design,C/T,
BARC_1.01_Gm11_5791137_C_T,ss715610901,Gm11,5800217,T,C,unambiguous:T/C:BOT-design,C/T,
BARC_1.01_Gm11_5815221_T_C,ss715610906,Gm11,5824301,T,C,unambiguous:T/C:BOT-design,T/C,
BARC_1.01_Gm11_5875855_C_T,ss715610920,Gm11,5884935,T,C,unambiguous:T/C:BOT-design,C/T,
BARC_1.01_Gm11_5948859_T_C,ss715610935,Gm11,5957939,T,C,unambiguous:T/C:BOT-design,T/C,
BARC_1.01_Gm11_5983320_C_T,ss715610939,Gm11,5992400,T,C,unambiguous:T/C:BOT-design,C/T,
BARC_1.01_Gm11_6047318_C_T,ss715610953,Gm11,6056940,T,C,unambiguous:T/C:BOT-design,C/T,
BARC_1.01_Gm11_6096879_G_A,ss715610961,Gm11,6106501,A,G,unambiguous:A/G:TOP,G/A,
BARC_1.01_Gm11_6134568_T_C,ss715610966,Gm11,6144190,T,C,unambiguous:T/C:BOT-design,T/C,
BARC_1.01_Gm11_6232705_A_C,ss715610979,Gm11,6242845,A,C,unambiguous:A/C:TOP,A/C,
BARC_1.01_Gm11_6287246_A_G,ss715610985,Gm11,6297386,A,G,unambiguous:A/G:TOP,A/G,
BARC_1.01_Gm11_6332303_A_G,ss715610988,Gm11,6342443,A,G,unambiguous:A/G:TOP,A/G,
BARC_1.01_Gm11_6383207_G_A,ss715610994,Gm11,6393348,A,G,unambiguous:A/G:TOP,G/A,
BARC_1.01_Gm11_6475157_G_T,ss715610998,Gm11,6485300,T,G,unambiguous:T/G:BOT-design,G/T,
BARC_1.01_Gm11_6512939_G_A,ss715611002,Gm11,6523082,A,G,unambiguous:A/G:TOP,G/A,
BARC_1.01_Gm11_6555265_A_G,ss715611003,Gm11,6565408,A,G,unambiguous:A/G:TOP,A/G,
BARC_1.01_Gm11_6619367_T_C,ss715611005,Gm11,6629510,T,C,unambiguous:T/C:BOT-design,T/C,
BARC_1.01_Gm11_6662908_T_C,ss715611011,Gm11,6672904,T,C,unambiguous:T/C:BOT-design,T/C,
BARC_1.01_Gm11_6780396_C_T,ss715611028,Gm11,6790392,T,C,unambiguous:T/C:BOT-design,C/T,
BARC_1.01_Gm11_6882885_T_G,ss715611043,Gm11,6892876,T,G,unambiguous:T/G:BOT-design,T/G,
BARC_1.01_Gm11_6901726_C_T,ss715611047,Gm11,6911717,T,C,unambiguous:T/C:BOT-design,C/T,
BARC_1.01_Gm11_6906614_A_G,ss715611051,Gm11,6916605,A,G,unambiguous:A/G:TOP,A/G,
BARC_1.01_Gm11_7133690_T_C,ss715611069,Gm11,7143691,T,C,unambiguous:T/C:BOT-design,T/C,
BARC_1.01_Gm11_7243925_T_C,ss715611073,Gm11,7253927,T,C,unambiguous:T/C:BOT-design,T/C,
BARC_1.01_Gm11_7289606_A_C,ss715611082,Gm11,7299608,A,C,unambiguous:A/C:TOP,A/C,
BARC_1.01_Gm11_7358578_C_T,ss715611096,Gm11,7368580,T,C,unambiguous:T/C:BOT-design,C/T,
BARC_1.01_Gm11_7395703_A_G,ss715611101,Gm11,7405714,A,G,unambiguous:A/G:TOP,A/G,
BARC_1.01_Gm11_7494953_T_C,ss715611125,Gm11,7504981,T,C,unambiguous:T/C:BOT-design,T/C,
BARC_1.01_Gm11_7596095_C_T,ss715611126,Gm11,7606123,T,C,unambiguous:T/C:BOT-design,C/T,
BARC_1.01_Gm11_7661182_T_C,ss715611131,Gm11,7671209,T,C,unambiguous:T/C:BOT-design,T/C,
BARC_1.01_Gm11_7843684_C_T,ss715611153,Gm11,7854392,T,C,unambiguous:T/C:BOT-design,C/T,
BARC_1.01_Gm11_7883763_C_A,ss715611159,Gm11,7894379,A,C,unambiguous:A/C:TOP,C/A,
BARC_1.01_Gm11_7934621_G_A,ss715611163,Gm11,7945234,A,G,unambiguous:A/G:TOP,G/A,
BARC_1.01_Gm11_7983593_A_C,ss715611166,Gm11,7994204,A,C,unambiguous:A/C:TOP,A/C,
BARC_1.01_Gm11_8039969_A_G,ss715611179,Gm11,8050544,A,G,unambiguous:A/G:TOP,A/G,
BARC_1.01_Gm11_8095797_G_A,ss715611194,Gm11,8106372,A,G,unambiguous:A/G:TOP,G/A,
BARC_1.01_Gm11_8137863_G_A,ss715611204,Gm11,8148438,A,G,unambiguous:A/G:TOP,G/A,
BARC_1.01_Gm11_8185486_G_A,ss715611213,Gm11,8195937,A,G,unambiguous:A/G:TOP,G/A,
BARC_1.01_Gm11_8237055_T_G,ss715611221,Gm11,8247504,T,G,unambiguous:T/G:BOT-design,T/G,
BARC_1.01_Gm11_8283437_A_G,ss715611224,Gm11,8293886,A,G,unambiguous:A/G:TOP,A/G,
BARC_1.01_Gm11_8363320_T_C,ss715611230,Gm11,8373769,T,C,unambiguous:T/C:BOT-design,T/C,
BARC_1.01_Gm11_8499698_A_G,ss715611235,Gm11,8510147,A,G,unambiguous:A/G:TOP,A/G,
BARC_1.01_Gm11_8556791_G_A,ss715611239,Gm11,8567240,A,G,unambiguous:A/G:TOP,G/A,
BARC_1.01_Gm11_8633864_T_C,ss715611250,Gm11,8653315,T,C,unambiguous:T/C:BOT-design,T/C,
BARC_1.01_Gm11_8701154_T_C,ss715611259,Gm11,8720605,T,C,unambiguous:T/C:BOT-design,T/C,
BARC_1.01_Gm11_8766576_A_G,ss715611265,Gm11,8786027,A,G,unambiguous:A/G:TOP,A/G,
BARC_1.01_Gm11_8856579_T_C,ss715611267,Gm11,8876028,T,C,unambiguous:T/C:BOT-design,T/C,
BARC_1.01_Gm11_8942593_T_C,ss715611270,Gm11,8962042,T,C,unambiguous:T/C:BOT-design,T/C,
BARC_1.01_Gm11_9000353_T_C,ss715611274,Gm11,9019802,T,C,unambiguous:T/C:BOT-design,T/C,
BARC_1.01_Gm11_9038408_C_A,ss715611276,Gm11,9057723,A,C,unambiguous:A/C:TOP,C/A,
BARC_1.01_Gm11_9176042_A_G,ss715611287,Gm11,9204696,A,G,unambiguous:A/G:TOP,A/G,
BARC_1.01_Gm11_9332557_G_A,ss715611296,Gm11,9361193,A,G,unambiguous:A/G:TOP,G/A,
BARC_1.01_Gm11_9444389_G_A,ss715611308,Gm11,9473024,A,G,unambiguous:A/G:TOP,G/A,
BARC_1.01_Gm11_9666296_T_G,ss715611318,Gm11,9695622,T,G,unambiguous:T/G:BOT-design,T/G,
BARC_1.01_Gm11_9919039_G_A,ss715611331,Gm11,9949486,A,G,unambiguous:A/G:TOP,G/A,
BARC_1.01_Gm11_9961540_C_T,ss715611333,Gm11,9991987,T,C,unambiguous:T/C:BOT-design,C/T,
BARC_1.01_Gm11_10060565_A_G,ss715608726,Gm11,10091012,A,G,unambiguous:A/G:TOP,A/G,
BARC_1.01_Gm11_10272867_G_T,ss715608741,Gm11,10304178,T,G,unambiguous:T/G:BOT-design,G/T,
BARC_1.01_Gm11_10319200_G_T,ss715608747,Gm11,10350509,T,G,unambiguous:T/G:BOT-design,G/T,
BARC_1.01_Gm11_10360391_G_A,ss715608751,Gm11,10391700,A,G,unambiguous:A/G:TOP,G/A,
BARC_1.01_Gm11_10446473_A_G,ss715608757,Gm11,10477945,A,G,unambiguous:A/G:TOP,A/G,
BARC_1.01_Gm11_10509014_T_C,ss715608761,Gm11,10540668,T,C,unambiguous:T/C:BOT-design,T/C,
BARC_1.01_Gm11_10721006_A_G,ss715608772,Gm11,10752462,A,G,unambiguous:A/G:TOP,A/G,
BARC_1.01_Gm11_10802698_A_G,ss715608784,Gm11,10834171,A,G,unambiguous:A/G:TOP,A/G,
BARC_1.01_Gm11_10847172_T_C,ss715608789,Gm11,10878645,T,C,unambiguous:T/C:BOT-design,T/C,
BARC_1.01_Gm11_10892564_G_A,ss715608797,Gm11,10924227,A,G,unambiguous:A/G:TOP,G/A,
BARC_1.01_Gm11_10926986_T_C,ss715608803,Gm11,10958741,T,C,unambiguous:T/C:BOT-design,T/C,
BARC_1.01_Gm11_10999596_T_C,ss715608810,Gm11,11031273,T,C,unambiguous:T/C:BOT-design,T/C,
BARC_1.01_Gm11_17237725_G_A,ss715609441,Gm11,11133013,A,G,unambiguous:A/G:TOP,G/A,
BARC_1.01_Gm11_17318773_A_C,ss715609446,Gm11,11214061,A,C,unambiguous:A/C:TOP,A/C,
BARC_1.01_Gm11_17417230_A_G,ss715609460,Gm11,11312463,A,G,unambiguous:A/G:TOP,A/G,
BARC_1.01_Gm11_17462922_A_G,ss715609463,Gm11,11358906,A,G,unambiguous:A/G:TOP,A/G,
BARC_1.01_Gm11_17531261_C_A,ss715609472,Gm11,11428446,A,C,unambiguous:A/C:TOP,C/A,
BARC_1.01_Gm11_17537324_T_C,ss715609475,Gm11,11434509,T,C,unambiguous:T/C:BOT-design,T/C,
BARC_1.01_Gm11_17607681_A_G,ss715609489,Gm11,11504868,A,G,unambiguous:A/G:TOP,A/G,
BARC_1.01_Gm11_17645767_C_T,ss715609500,Gm11,11542956,T,C,unambiguous:T/C:BOT-design,C/T,
BARC_1.01_Gm11_17808678_A_C,ss715609529,Gm11,11705698,A,C,unambiguous:A/C:TOP,A/C,
BARC_1.01_Gm11_17988599_A_G,ss715609538,Gm11,11884947,A,G,unambiguous:A/G:TOP,A/G,
BARC_1.01_Gm11_18083338_T_C,ss715609544,Gm11,11983839,T,C,unambiguous:T/C:BOT-design,T/C,
BARC_1.01_Gm11_18517100_T_C,ss715609570,Gm11,12410973,T,C,unambiguous:T/C:BOT-design,T/C,
BARC_1.01_Gm11_18730941_A_G,ss715609581,Gm11,12624857,A,G,unambiguous:A/G:TOP,A/G,
BARC_1.01_Gm11_18829342_A_G,ss715609585,Gm11,12723115,A,G,unambiguous:A/G:TOP,A/G,
BARC_1.01_Gm11_24186948_A_C,ss715609723,Gm11,13718964,A,C,unambiguous:A/C:TOP,A/C,
BARC_1.01_Gm11_24299777_A_G,ss715609728,Gm11,13831823,A,G,unambiguous:A/G:TOP,A/G,
BARC_1.01_Gm11_24722904_G_A,ss715609740,Gm11,14254934,A,G,unambiguous:A/G:TOP,G/A,
BARC_1.01_Gm11_24911566_T_C,ss715609746,Gm11,14433832,T,C,unambiguous:T/C:BOT-design,T/C,
BARC_1.01_Gm11_24994374_C_T,ss715609748,Gm11,14516640,T,C,unambiguous:T/C:BOT-design,C/T,
BARC_1.01_Gm11_30902153_T_C,ss715609910,Gm11,14909065,T,C,unambiguous:T/C:BOT-design,T/C,
BARC_1.01_Gm11_30588492_T_G,ss715609899,Gm11,15221133,T,G,unambiguous:T/G:BOT-design,T/G,
BARC_1.01_Gm11_30488045_T_G,ss715609896,Gm11,15321583,T,G,unambiguous:T/G:BOT-design,T/G,
BARC_1.01_Gm11_30227104_A_G,ss715609888,Gm11,15581781,A,G,unambiguous:A/G:TOP,A/G,
BARC_1.01_Gm11_30114058_A_G,ss715609881,Gm11,15694871,A,G,unambiguous:A/G:TOP,A/G,
BARC_1.01_Gm11_29678792_C_A,ss715609873,Gm11,16146461,A,C,unambiguous:A/C:TOP,C/A,
BARC_1.01_Gm11_29581544_A_G,ss715609869,Gm11,16246421,A,G,unambiguous:A/G:TOP,A/G,
BARC_1.01_Gm11_27896148_A_G,ss715609848,Gm11,17919875,A,G,unambiguous:A/G:TOP,A/G,
BARC_1.01_Gm11_27494790_T_C,ss715609832,Gm11,18321103,T,C,unambiguous:T/C:BOT-design,T/C,
BARC_1.01_Gm11_27347098_C_T,ss715609826,Gm11,18461899,T,C,unambiguous:T/C:BOT-design,C/T,
BARC_1.01_Gm11_27214735_A_G,ss715609822,Gm11,18603264,A,G,unambiguous:A/G:TOP,A/G,
BARC_1.01_Gm11_26836112_A_G,ss715609809,Gm11,18981899,A,G,unambiguous:A/G:TOP,A/G,
BARC_1.01_Gm11_26755843_A_G,ss715609800,Gm11,19062168,A,G,unambiguous:A/G:TOP,A/G,
BARC_1.01_Gm11_25781458_A_G,ss715609768,Gm11,20045476,A,G,unambiguous:A/G:TOP,A/G,
BARC_1.01_Gm11_21023332_G_A,ss715609629,Gm11,21933518,A,G,unambiguous:A/G:TOP,G/A,
BARC_1.01_Gm11_21974545_T_C,ss715609659,Gm11,22869322,T,C,unambiguous:T/C:BOT-design,T/C,
BARC_1.01_Gm11_23209753_T_C,ss715609695,Gm11,24088624,T,C,unambiguous:T/C:BOT-design,T/C,
BARC_1.01_Gm11_23277961_T_C,ss715609697,Gm11,24156840,T,C,unambiguous:T/C:BOT-design,T/C,
BARC_1.01_Gm11_14896456_G_A,ss715609103,Gm11,24398311,A,G,unambiguous:A/G:TOP,G/A,
BARC_1.01_Gm11_14951565_C_T,ss715609106,Gm11,24456157,T,C,unambiguous:T/C:BOT-design,C/T,
BARC_1.01_Gm11_15000789_T_C,ss715609111,Gm11,24505381,T,C,unambiguous:T/C:BOT-design,T/C,
BARC_1.01_Gm11_15220858_T_C,ss715609164,Gm11,24725389,T,C,unambiguous:T/C:BOT-design,T/C,
BARC_1.01_Gm11_15558504_T_C,ss715609233,Gm11,25067208,T,C,unambiguous:T/C:BOT-design,T/C,
BARC_1.01_Gm11_15603945_A_G,ss715609238,Gm11,25112193,A,G,unambiguous:A/G:TOP,A/G,
BARC_1.01_Gm11_15739122_G_A,ss715609262,Gm11,25247264,A,G,unambiguous:A/G:TOP,G/A,
BARC_1.01_Gm11_15788688_A_G,ss715609267,Gm11,25296830,A,G,unambiguous:A/G:TOP,A/G,
BARC_1.01_Gm11_15924043_T_G,ss715609289,Gm11,25433314,T,G,unambiguous:T/G:BOT-design,T/G,
BARC_1.01_Gm11_31989879_A_G,ss715609929,Gm11,25906288,A,G,unambiguous:A/G:TOP,A/G,
BARC_1.01_Gm11_15970311_C_T,ss715609296,Gm11,25936693,T,C,unambiguous:T/C:BOT-design,C/T,
BARC_1.01_Gm11_16109471_T_C,ss715609308,Gm11,26075475,T,C,unambiguous:T/C:BOT-design,T/C,
BARC_1.01_Gm11_16165070_T_G,ss715609309,Gm11,26131251,T,G,unambiguous:T/G:BOT-design,T/G,
BARC_1.01_Gm11_16202963_G_A,ss715609318,Gm11,26169302,A,G,unambiguous:A/G:TOP,G/A,
BARC_1.01_Gm11_16251053_G_T,ss715609325,Gm11,26217355,T,G,unambiguous:T/G:BOT-design,G/T,
BARC_1.01_Gm11_16277043_A_G,ss715609328,Gm11,26243402,A,G,unambiguous:A/G:TOP,A/G,
BARC_1.01_Gm11_16404733_T_C,ss715609337,Gm11,26371655,T,C,unambiguous:T/C:BOT-design,T/C,
BARC_1.01_Gm11_16492046_A_G,ss715609355,Gm11,26458968,A,G,unambiguous:A/G:TOP,A/G,
BARC_1.01_Gm11_16828050_A_G,ss715609383,Gm11,26799490,A,G,unambiguous:A/G:TOP,A/G,
BARC_1.01_Gm11_16996443_C_T,ss715609405,Gm11,26967573,T,C,unambiguous:T/C:BOT-design,C/T,
BARC_1.01_Gm11_17116826_T_C,ss715609432,Gm11,27088134,T,C,unambiguous:T/C:BOT-design,T/C,
BARC_1.01_Gm11_17144707_A_G,ss715609437,Gm11,27119917,A,G,unambiguous:A/G:TOP,A/G,
BARC_1.01_Gm11_32208125_T_C,ss715609936,Gm11,27370758,T,C,unambiguous:T/C:BOT-design,T/C,
BARC_1.01_Gm11_32673853_C_T,ss715609954,Gm11,27837870,T,C,unambiguous:T/C:BOT-design,C/T,
BARC_1.01_Gm11_32778115_T_C,ss715609961,Gm11,27942099,T,C,unambiguous:T/C:BOT-design,T/C,
BARC_1.01_Gm11_32839864_A_C,ss715609975,Gm11,28002720,A,C,unambiguous:A/C:TOP,A/C,
BARC_1.01_Gm11_32910236_A_G,ss715609981,Gm11,28082094,A,G,unambiguous:A/G:TOP,A/G,
BARC_1.01_Gm11_33034954_T_C,ss715609985,Gm11,28206933,T,C,unambiguous:T/C:BOT-design,T/C,
BARC_1.01_Gm11_33120512_A_G,ss715609991,Gm11,28292491,A,G,unambiguous:A/G:TOP,A/G,
BARC_1.01_Gm11_33170465_G_T,ss715609997,Gm11,28342444,T,G,unambiguous:T/G:BOT-design,G/T,
BARC_1.01_Gm11_33303552_T_G,ss715610004,Gm11,28478555,T,G,unambiguous:T/G:BOT-design,T/G,
BARC_1.01_Gm11_33511924_C_T,ss715610029,Gm11,28686199,T,C,unambiguous:T/C:BOT-design,C/T,
BARC_1.01_Gm11_33555216_T_C,ss715610038,Gm11,28729491,T,C,unambiguous:T/C:BOT-design,T/C,
BARC_1.01_Gm11_34570537_C_T,ss715610105,Gm11,29694633,T,C,unambiguous:T/C:BOT-design,C/T,
BARC_1.01_Gm13_25224091_C_T,ss715614288,Gm13,30020447,T,C,unambiguous:T/C:BOT-design,C/T,
BARC_1.01_Gm13_25271849_T_G,ss715614293,Gm13,30454098,T,G,unambiguous:T/G:BOT-design,T/G,
BARC_1.01_Gm11_34984665_A_C,ss715610128,Gm11,30507856,A,C,unambiguous:A/C:TOP,A/C,
BARC_1.01_Gm11_35084928_T_C,ss715610131,Gm11,30608156,T,C,unambiguous:T/C:BOT-design,T/C,
BARC_1.01_Gm11_35181327_A_G,ss715610136,Gm11,30705122,A,G,unambiguous:A/G:TOP,A/G,
BARC_1.01_Gm11_35225855_A_C,ss715610149,Gm11,30749642,A,C,unambiguous:A/C:TOP,A/C,
BARC_1.01_Gm11_35342683_C_T,ss715610166,Gm11,30866809,T,C,unambiguous:T/C:BOT-design,C/T,
BARC_1.01_Gm11_35438579_A_G,ss715610169,Gm11,30962704,A,G,unambiguous:A/G:TOP,A/G,
BARC_1.01_Gm11_35525449_G_A,ss715610177,Gm11,31049576,A,G,unambiguous:A/G:TOP,G/A,
BARC_1.01_Gm11_35710195_A_G,ss715610190,Gm11,31234965,A,G,unambiguous:A/G:TOP,A/G,
BARC_1.01_Gm11_35886927_T_C,ss715610208,Gm11,31411659,T,C,unambiguous:T/C:BOT-design,T/C,
BARC_1.01_Gm11_35925243_G_A,ss715610215,Gm11,31449975,A,G,unambiguous:A/G:TOP,G/A,
BARC_1.01_Gm11_35981024_A_C,ss715610219,Gm11,31505757,A,C,unambiguous:A/C:TOP,A/C,
BARC_1.01_Gm11_36124908_T_G,ss715610230,Gm11,31649628,T,G,unambiguous:T/G:BOT-design,T/G,
BARC_1.01_Gm11_36174968_T_C,ss715610231,Gm11,31699831,T,C,unambiguous:T/C:BOT-design,T/C,
BARC_1.01_Gm11_36246851_A_G,ss715610234,Gm11,31771722,A,G,unambiguous:A/G:TOP,A/G,
BARC_1.01_Gm11_36293058_A_G,ss715610241,Gm11,31817929,A,G,unambiguous:A/G:TOP,A/G,
BARC_1.01_Gm11_36404950_G_A,ss715610250,Gm11,31929823,A,G,unambiguous:A/G:TOP,G/A,
BARC_1.01_Gm11_36469908_T_C,ss715610262,Gm11,31994782,T,C,unambiguous:T/C:BOT-design,T/C,
BARC_1.01_Gm11_36518427_A_C,ss715610270,Gm11,32043302,A,C,unambiguous:A/C:TOP,A/C,
BARC_1.01_Gm11_36581897_A_G,ss715610289,Gm11,32115772,A,G,unambiguous:A/G:TOP,A/G,
BARC_1.01_Gm11_36733260_C_A,ss715610298,Gm11,32276359,A,C,unambiguous:A/C:TOP,C/A,
BARC_1.01_Gm11_36778892_C_A,ss715610315,Gm11,32321992,A,C,unambiguous:A/C:TOP,C/A,
BARC_1.01_Gm11_36837469_A_G,ss715610325,Gm11,32380552,A,G,unambiguous:A/G:TOP,A/G,
BARC_1.01_Gm11_36890484_A_G,ss715610337,Gm11,32433567,A,G,unambiguous:A/G:TOP,A/G,
BARC_1.01_Gm11_36931482_C_T,ss715610347,Gm11,32474474,T,C,unambiguous:T/C:BOT-design,C/T,
BARC_1.01_Gm11_36976384_G_A,ss715610355,Gm11,32519376,A,G,unambiguous:A/G:TOP,G/A,
BARC_1.01_Gm11_37038886_C_T,ss715610369,Gm11,32586847,T,C,unambiguous:T/C:BOT-design,C/T,
BARC_1.01_Gm11_37106045_C_T,ss715610375,Gm11,32654006,T,C,unambiguous:T/C:BOT-design,C/T,
BARC_1.01_Gm11_37179389_G_T,ss715610380,Gm11,32727353,T,G,unambiguous:T/G:BOT-design,G/T,
BARC_1.01_Gm11_37237023_G_T,ss715610387,Gm11,32784991,T,G,unambiguous:T/G:BOT-design,G/T,
BARC_1.01_Gm11_37291736_G_A,ss715610394,Gm11,32843223,A,G,unambiguous:A/G:TOP,G/A,
BARC_1.01_Gm11_37338181_G_T,ss715610409,Gm11,32889668,T,G,unambiguous:T/G:BOT-design,G/T,
BARC_1.01_Gm11_37408299_G_A,ss715610417,Gm11,32959788,A,G,unambiguous:A/G:TOP,G/A,
BARC_1.01_Gm11_37462158_C_T,ss715610424,Gm11,33013647,T,C,unambiguous:T/C:BOT-design,C/T,
BARC_1.01_Gm11_37626857_A_G,ss715610433,Gm11,33177546,A,G,unambiguous:A/G:TOP,A/G,
BARC_1.01_Gm11_37710966_A_G,ss715610440,Gm11,33261655,A,G,unambiguous:A/G:TOP,A/G,
BARC_1.01_Gm11_37749863_G_T,ss715610444,Gm11,33309696,T,G,unambiguous:T/G:BOT-design,G/T,
BARC_1.01_Gm11_39108822_A_G,ss715610647,Gm11,33424559,A,G,unambiguous:A/G:TOP,A/G,
BARC_1.01_Gm11_39031139_T_C,ss715610643,Gm11,33502187,T,C,unambiguous:T/C:BOT-design,T/C,
BARC_1.01_Gm11_38983074_T_C,ss715610635,Gm11,33550252,T,C,unambiguous:T/C:BOT-design,T/C,
BARC_1.01_Gm11_38942197_T_C,ss715610626,Gm11,33591129,T,C,unambiguous:T/C:BOT-design,T/C,
BARC_1.01_Gm11_38892011_G_A,ss715610617,Gm11,33641304,A,G,unambiguous:A/G:TOP,G/A,
BARC_1.01_Gm11_38767240_A_G,ss715610595,Gm11,33766846,A,G,unambiguous:A/G:TOP,A/G,
BARC_1.01_Gm11_38648336_A_G,ss715610584,Gm11,33885696,A,G,unambiguous:A/G:TOP,A/G,
BARC_1.01_Gm11_38597700_C_A,ss715610574,Gm11,33936244,A,C,unambiguous:A/C:TOP,C/A,
BARC_1.01_Gm11_38496557_T_C,ss715610569,Gm11,34037387,T,C,unambiguous:T/C:BOT-design,T/C,
BARC_1.01_Gm11_38424068_C_T,ss715610556,Gm11,34109876,T,C,unambiguous:T/C:BOT-design,C/T,
BARC_1.01_Gm11_38376458_T_C,ss715610554,Gm11,34157418,T,C,unambiguous:T/C:BOT-design,T/C,
BARC_1.01_Gm11_38299330_T_G,ss715610541,Gm11,34234546,T,G,unambiguous:T/G:BOT-design,T/G,
BARC_1.01_Gm11_38261784_G_A,ss715610530,Gm11,34272092,A,G,unambiguous:A/G:TOP,G/A,
BARC_1.01_Gm11_38183607_G_A,ss715610520,Gm11,34350149,A,G,unambiguous:A/G:TOP,G/A,
BARC_1.01_Gm11_38136659_T_C,ss715610515,Gm11,34397097,T,C,unambiguous:T/C:BOT-design,T/C,
BARC_1.01_Gm11_38056078_C_T,ss715610505,Gm11,34477652,T,C,unambiguous:T/C:BOT-design,C/T,
BARC_1.01_Gm11_37978746_G_T,ss715610496,Gm11,34554985,T,G,unambiguous:T/G:BOT-design,G/T,
BARC_1.01_Gm11_37877507_G_A,ss715610473,Gm11,34656421,A,G,unambiguous:A/G:TOP,G/A,
BARC_1.01_Gm11_37808033_A_G,ss715610449,Gm11,34725337,A,G,unambiguous:A/G:TOP,A/G,
BARC_1.01_Gm12_13624_T_C,ss715611496,Gm12,18463,T,C,unambiguous:T/C:BOT-design,T/C,
BARC_1.01_Gm12_82828_T_C,ss715613559,Gm12,87780,T,C,unambiguous:T/C:BOT-design,T/C,
BARC_1.01_Gm12_128224_C_T,ss715611459,Gm12,133176,T,C,unambiguous:T/C:BOT-design,C/T,
BARC_1.01_Gm12_277889_G_A,ss715611980,Gm12,282859,A,G,unambiguous:A/G:TOP,G/A,
BARC_1.01_Gm12_352935_G_A,ss715612554,Gm12,357905,A,G,unambiguous:A/G:TOP,G/A,
BARC_1.01_Gm12_30527017_T_C,ss715612070,Gm12,368417,T,C,unambiguous:T/C:BOT-design,T/C,
BARC_1.01_Gm12_405621_A_C,ss715613063,Gm12,410590,A,C,unambiguous:A/C:TOP,A/C,
BARC_1.01_Gm12_425751_C_A,ss715613077,Gm12,430719,A,C,unambiguous:A/C:TOP,C/A,
BARC_1.01_Gm12_506863_G_A,ss715613142,Gm12,511831,A,G,unambiguous:A/G:TOP,G/A,
BARC_1.01_Gm12_553862_G_T,ss715613184,Gm12,558830,T,G,unambiguous:T/G:BOT-design,G/T,
BARC_1.01_Gm12_632910_C_T,ss715613283,Gm12,637878,T,C,unambiguous:T/C:BOT-design,C/T,
BARC_1.01_Gm12_688182_T_G,ss715613339,Gm12,693151,T,G,unambiguous:T/G:BOT-design,T/G,
BARC_1.01_Gm12_780666_A_G,ss715613488,Gm12,785635,A,G,unambiguous:A/G:TOP,A/G,
BARC_1.01_Gm12_849243_A_G,ss715613587,Gm12,854212,A,G,unambiguous:A/G:TOP,A/G,
BARC_1.01_Gm12_915327_T_C,ss715613668,Gm12,920290,T,C,unambiguous:T/C:BOT-design,T/C,
BARC_1.01_Gm12_975837_G_A,ss715613700,Gm12,980800,A,G,unambiguous:A/G:TOP,G/A,
BARC_1.01_Gm12_1064727_T_C,ss715611360,Gm12,1069688,T,C,unambiguous:T/C:BOT-design,T/C,
BARC_1.01_Gm12_1070930_T_C,ss715611364,Gm12,1075891,T,C,unambiguous:T/C:BOT-design,T/C,
BARC_1.01_Gm12_1161576_T_C,ss715611407,Gm12,1166537,T,C,unambiguous:T/C:BOT-design,T/C,
BARC_1.01_Gm12_1229101_T_C,ss715611435,Gm12,1234005,T,C,unambiguous:T/C:BOT-design,T/C,
BARC_1.01_Gm12_1336284_A_G,ss715611484,Gm12,1341187,A,G,unambiguous:A/G:TOP,A/G,
BARC_1.01_Gm12_1374970_T_C,ss715611499,Gm12,1379873,T,C,unambiguous:T/C:BOT-design,T/C,
BARC_1.01_Gm12_1433336_C_A,ss715611525,Gm12,1438251,A,C,unambiguous:A/C:TOP,C/A,
BARC_1.01_Gm12_1460019_T_C,ss715611537,Gm12,1464938,T,C,unambiguous:T/C:BOT-design,T/C,
BARC_1.01_Gm12_1531850_T_C,ss715611564,Gm12,1536763,T,C,unambiguous:T/C:BOT-design,T/C,
BARC_1.01_Gm12_1632399_G_A,ss715611613,Gm12,1637312,A,G,unambiguous:A/G:TOP,G/A,
BARC_1.01_Gm12_1701288_A_G,ss715611643,Gm12,1706202,A,G,unambiguous:A/G:TOP,A/G,
BARC_1.01_Gm12_1761905_G_T,ss715611672,Gm12,1766819,T,G,unambiguous:T/G:BOT-design,G/T,
BARC_1.01_Gm12_1839277_A_G,ss715611710,Gm12,1844191,A,G,unambiguous:A/G:TOP,A/G,
BARC_1.01_Gm12_1883937_G_A,ss715611720,Gm12,1888851,A,G,unambiguous:A/G:TOP,G/A,
BARC_1.01_Gm12_2049842_G_A,ss715611757,Gm12,2054699,A,G,unambiguous:A/G:TOP,G/A,
BARC_1.01_Gm12_2140417_A_G,ss715611781,Gm12,2145273,A,G,unambiguous:A/G:TOP,A/G,
BARC_1.01_Gm12_2184391_A_G,ss715611786,Gm12,2189248,A,G,unambiguous:A/G:TOP,A/G,
BARC_1.01_Gm12_2331255_T_C,ss715611833,Gm12,2335685,T,C,unambiguous:T/C:BOT-design,T/C,
BARC_1.01_Gm12_2379195_C_A,ss715611845,Gm12,2383625,A,C,unambiguous:A/C:TOP,C/A,
BARC_1.01_Gm12_2552317_G_A,ss715611912,Gm12,2556204,A,G,unambiguous:A/G:TOP,G/A,
BARC_1.01_Gm12_2675412_T_C,ss715611940,Gm12,2671785,T,C,unambiguous:T/C:BOT-design,T/C,
BARC_1.01_Gm12_2681036_G_A,ss715611942,Gm12,2677409,A,G,unambiguous:A/G:TOP,G/A,
BARC_1.01_Gm12_2847459_G_A,ss715612006,Gm12,2843851,A,G,unambiguous:A/G:TOP,G/A,
BARC_1.01_Gm12_2975576_T_C,ss715612043,Gm12,2980968,T,C,unambiguous:T/C:BOT-design,T/C,
BARC_1.01_Gm12_3133148_T_C,ss715612092,Gm12,3138546,T,C,unambiguous:T/C:BOT-design,T/C,
BARC_1.01_Gm12_3175818_A_G,ss715612118,Gm12,3181216,A,G,unambiguous:A/G:TOP,A/G,
BARC_1.01_Gm12_3225421_A_G,ss715612154,Gm12,3230818,A,G,unambiguous:A/G:TOP,A/G,
BARC_1.01_Gm12_3296301_T_G,ss715612235,Gm12,3301952,T,G,unambiguous:T/G:BOT-design,T/G,
BARC_1.01_Gm12_3309895_G_A,ss715612248,Gm12,3315546,A,G,unambiguous:A/G:TOP,G/A,
BARC_1.01_Gm12_3416958_G_A,ss715612375,Gm12,3422450,A,G,unambiguous:A/G:TOP,G/A,
BARC_1.01_Gm12_3459699_C_T,ss715612445,Gm12,3465190,T,C,unambiguous:T/C:BOT-design,C/T,
BARC_1.01_Gm12_3500305_A_G,ss715612513,Gm12,3505796,A,G,unambiguous:A/G:TOP,A/G,
BARC_1.01_Gm12_3544881_T_C,ss715612564,Gm12,3550371,T,C,unambiguous:T/C:BOT-design,T/C,
BARC_1.01_Gm12_3587852_T_C,ss715612609,Gm12,3593342,T,C,unambiguous:T/C:BOT-design,T/C,
BARC_1.01_Gm12_3663850_A_G,ss715612692,Gm12,3669384,A,G,unambiguous:A/G:TOP,A/G,
BARC_1.01_Gm12_3722877_T_C,ss715612733,Gm12,3728411,T,C,unambiguous:T/C:BOT-design,T/C,
BARC_1.01_Gm12_3843573_G_A,ss715612865,Gm12,3849110,A,G,unambiguous:A/G:TOP,G/A,
BARC_1.01_Gm12_3974021_G_A,ss715613005,Gm12,3979185,A,G,unambiguous:A/G:TOP,G/A,
BARC_1.01_Gm12_4025840_T_G,ss715613058,Gm12,4031021,T,G,unambiguous:T/G:BOT-design,T/G,
BARC_1.01_Gm12_4154550_C_T,ss715613071,Gm12,4154504,T,C,unambiguous:T/C:BOT-design,C/T,
BARC_1.01_Gm12_4268262_G_A,ss715613081,Gm12,4268882,A,G,unambiguous:A/G:TOP,G/A,
BARC_1.01_Gm12_4363882_T_C,ss715613088,Gm12,4364475,T,C,unambiguous:T/C:BOT-design,T/C,
BARC_1.01_Gm12_4592200_C_T,ss715613101,Gm12,4592714,T,C,unambiguous:T/C:BOT-design,C/T,
BARC_1.01_Gm12_4599425_G_A,ss715613103,Gm12,4599923,A,G,unambiguous:A/G:TOP,G/A,
BARC_1.01_Gm12_4670638_A_C,ss715613104,Gm12,4671136,A,C,unambiguous:A/C:TOP,A/C,
BARC_1.01_Gm12_4712660_C_T,ss715613107,Gm12,4713158,T,C,unambiguous:T/C:BOT-design,C/T,
BARC_1.01_Gm12_4780837_A_G,ss715613110,Gm12,4781283,A,G,unambiguous:A/G:TOP,A/G,
BARC_1.01_Gm12_4829922_C_T,ss715613114,Gm12,4830371,T,C,unambiguous:T/C:BOT-design,C/T,
BARC_1.01_Gm12_4883456_A_C,ss715613121,Gm12,4883898,A,C,unambiguous:A/C:TOP,A/C,
BARC_1.01_Gm12_4925203_T_C,ss715613125,Gm12,4927568,T,C,unambiguous:T/C:BOT-design,T/C,
BARC_1.01_Gm12_5230528_G_A,ss715613156,Gm12,5238806,A,G,unambiguous:A/G:TOP,G/A,
BARC_1.01_Gm12_5309573_G_A,ss715613162,Gm12,5317874,A,G,unambiguous:A/G:TOP,G/A,
BARC_1.01_Gm12_5392662_C_T,ss715613171,Gm12,5400963,T,C,unambiguous:T/C:BOT-design,C/T,
BARC_1.01_Gm12_5475411_T_C,ss715613179,Gm12,5486355,T,C,unambiguous:T/C:BOT-design,T/C,
BARC_1.01_Gm12_5610878_T_C,ss715613192,Gm12,5622210,T,C,unambiguous:T/C:BOT-design,T/C,
BARC_1.01_Gm12_5706745_G_A,ss715613203,Gm12,5718212,A,G,unambiguous:A/G:TOP,G/A,
BARC_1.01_Gm12_5786241_A_G,ss715613207,Gm12,5797709,A,G,unambiguous:A/G:TOP,A/G,
BARC_1.01_Gm12_6023395_T_C,ss715613219,Gm12,6052289,T,C,unambiguous:T/C:BOT-design,T/C,
BARC_1.01_Gm12_6150215_A_G,ss715613242,Gm12,6179109,A,G,unambiguous:A/G:TOP,A/G,
BARC_1.01_Gm12_6195964_C_T,ss715613250,Gm12,6224858,T,C,unambiguous:T/C:BOT-design,C/T,
BARC_1.01_Gm12_6295017_A_C,ss715613271,Gm12,6324308,A,C,unambiguous:A/C:TOP,A/C,
BARC_1.01_Gm12_6352144_C_A,ss715613286,Gm12,6381435,A,C,unambiguous:A/C:TOP,C/A,
BARC_1.01_Gm12_6407458_T_C,ss715613294,Gm12,6436749,T,C,unambiguous:T/C:BOT-design,T/C,
BARC_1.01_Gm12_6420304_C_T,ss715613298,Gm12,6449595,T,C,unambiguous:T/C:BOT-design,C/T,
BARC_1.01_Gm12_6621471_A_G,ss715613308,Gm12,6652775,A,G,unambiguous:A/G:TOP,A/G,
BARC_1.01_Gm12_6663270_C_T,ss715613311,Gm12,6694566,T,C,unambiguous:T/C:BOT-design,C/T,
BARC_1.01_Gm12_6733995_C_T,ss715613325,Gm12,6772514,T,C,unambiguous:T/C:BOT-design,C/T,
BARC_1.01_Gm12_6846625_G_T,ss715613333,Gm12,6885126,T,G,unambiguous:T/G:BOT-design,G/T,
BARC_1.01_Gm12_6892713_T_C,ss715613342,Gm12,6931210,T,C,unambiguous:T/C:BOT-design,T/C,
BARC_1.01_Gm12_6932978_G_A,ss715613349,Gm12,6971475,A,G,unambiguous:A/G:TOP,G/A,
BARC_1.01_Gm12_6943211_G_A,ss715613356,Gm12,6981708,A,G,unambiguous:A/G:TOP,G/A,
BARC_1.01_Gm12_7082885_C_A,ss715613380,Gm12,7121432,A,C,unambiguous:A/C:TOP,C/A,
BARC_1.01_Gm12_7162872_G_A,ss715613390,Gm12,7201537,A,G,unambiguous:A/G:TOP,G/A,
BARC_1.01_Gm12_7270512_G_A,ss715613407,Gm12,7309177,A,G,unambiguous:A/G:TOP,G/A,
BARC_1.01_Gm12_7316668_A_G,ss715613411,Gm12,7355333,A,G,unambiguous:A/G:TOP,A/G,
BARC_1.01_Gm12_7452550_G_A,ss715613429,Gm12,7491224,A,G,unambiguous:A/G:TOP,G/A,
BARC_1.01_Gm12_7494659_C_T,ss715613440,Gm12,7533331,T,C,unambiguous:T/C:BOT-design,C/T,
BARC_1.01_Gm12_7584843_C_T,ss715613460,Gm12,7623089,T,C,unambiguous:T/C:BOT-design,C/T,
BARC_1.01_Gm12_7753259_T_C,ss715613482,Gm12,7791511,T,C,unambiguous:T/C:BOT-design,T/C,
BARC_1.01_Gm12_7855367_G_A,ss715613495,Gm12,7893592,A,G,unambiguous:A/G:TOP,G/A,
BARC_1.01_Gm12_7949328_T_C,ss715613511,Gm12,7987575,T,C,unambiguous:T/C:BOT-design,T/C,
BARC_1.01_Gm12_8075838_G_A,ss715613528,Gm12,8113476,A,G,unambiguous:A/G:TOP,G/A,
BARC_1.01_Gm12_8188220_T_C,ss715613541,Gm12,8225116,T,C,unambiguous:T/C:BOT-design,T/C,
BARC_1.01_Gm12_8337984_A_G,ss715613568,Gm12,8373158,A,G,unambiguous:A/G:TOP,A/G,
BARC_1.01_Gm12_8435100_T_C,ss715613581,Gm12,8468710,T,C,unambiguous:T/C:BOT-design,T/C,
BARC_1.01_Gm12_8469462_T_C,ss715613586,Gm12,8505012,T,C,unambiguous:T/C:BOT-design,T/C,
BARC_1.01_Gm12_8642414_G_A,ss715613605,Gm12,8677962,A,G,unambiguous:A/G:TOP,G/A,
BARC_1.01_Gm12_8705382_C_T,ss715613610,Gm12,8740480,T,C,unambiguous:T/C:BOT-design,C/T,
BARC_1.01_Gm12_8844839_T_G,ss715613628,Gm12,8880389,T,G,unambiguous:T/G:BOT-design,T/G,
BARC_1.01_Gm12_8891405_A_G,ss715613641,Gm12,8925704,A,G,unambiguous:A/G:TOP,A/G,
BARC_1.01_Gm12_9023940_A_C,ss715613662,Gm12,9059057,A,C,unambiguous:A/C:TOP,A/C,
BARC_1.01_Gm12_9048376_T_C,ss715613664,Gm12,9083493,T,C,unambiguous:T/C:BOT-design,T/C,
BARC_1.01_Gm12_9114648_G_T,ss715613666,Gm12,9149774,T,G,unambiguous:T/G:BOT-design,G/T,
BARC_1.01_Gm12_9153986_G_A,ss715613669,Gm12,9189112,A,G,unambiguous:A/G:TOP,G/A,
BARC_1.01_Gm12_9174400_A_G,ss715613671,Gm12,9209526,A,G,unambiguous:A/G:TOP,A/G,
BARC_1.01_Gm12_9193994_C_T,ss715613672,Gm12,9229120,T,C,unambiguous:T/C:BOT-design,C/T,
BARC_1.01_Gm12_9515376_A_G,ss715613688,Gm12,9550774,A,G,unambiguous:A/G:TOP,A/G,
BARC_1.01_Gm12_9770096_T_C,ss715613702,Gm12,9804254,T,C,unambiguous:T/C:BOT-design,T/C,
BARC_1.01_Gm12_9840192_G_A,ss715613704,Gm12,9883350,A,G,unambiguous:A/G:TOP,G/A,
BARC_1.01_Gm12_9871018_G_T,ss715613705,Gm12,9914175,T,G,unambiguous:T/G:BOT-design,G/T,
BARC_1.01_Gm12_9929827_C_T,ss715613710,Gm12,9972984,T,C,unambiguous:T/C:BOT-design,C/T,
BARC_1.01_Gm12_10015000_T_C,ss715611336,Gm12,10072931,T,C,unambiguous:T/C:BOT-design,T/C,
BARC_1.01_Gm12_10380793_T_C,ss715611351,Gm12,10445762,T,C,unambiguous:T/C:BOT-design,T/C,
BARC_1.01_Gm12_10933346_T_G,ss715611375,Gm12,11006736,T,G,unambiguous:T/G:BOT-design,T/G,
BARC_1.01_Gm12_10990594_C_T,ss715611377,Gm12,11063984,T,C,unambiguous:T/C:BOT-design,C/T,
BARC_1.01_Gm12_11045583_T_C,ss715611379,Gm12,11119667,T,C,unambiguous:T/C:BOT-design,T/C,
BARC_1.01_Gm12_11083164_G_A,ss715611380,Gm12,11157215,A,G,unambiguous:A/G:TOP,G/A,
BARC_1.01_Gm12_11177435_T_C,ss715611383,Gm12,11252007,T,C,unambiguous:T/C:BOT-design,T/C,
BARC_1.01_Gm12_11276724_A_G,ss715611389,Gm12,11351830,A,G,unambiguous:A/G:TOP,A/G,
BARC_1.01_Gm12_11325625_T_C,ss715611391,Gm12,11400705,T,C,unambiguous:T/C:BOT-design,T/C,
BARC_1.01_Gm12_11373315_G_T,ss715611397,Gm12,11448388,T,G,unambiguous:T/G:BOT-design,G/T,
BARC_1.01_Gm12_11797472_T_C,ss715611415,Gm12,11867391,T,C,unambiguous:T/C:BOT-design,T/C,
BARC_1.01_Gm12_12224641_G_A,ss715611431,Gm12,12295387,A,G,unambiguous:A/G:TOP,G/A,
BARC_1.01_Gm12_12635492_A_G,ss715611451,Gm12,12706240,A,G,unambiguous:A/G:TOP,A/G,
BARC_1.01_Gm12_12686063_T_C,ss715611453,Gm12,12756876,T,C,unambiguous:T/C:BOT-design,T/C,
BARC_1.01_Gm12_13017486_C_T,ss715611467,Gm12,13084714,T,C,unambiguous:T/C:BOT-design,C/T,
BARC_1.01_Gm12_13354287_T_C,ss715611482,Gm12,13421597,T,C,unambiguous:T/C:BOT-design,T/C,
BARC_1.01_Gm12_14231203_C_T,ss715611521,Gm12,14306367,T,C,unambiguous:T/C:BOT-design,C/T,
BARC_1.01_Gm12_14288013_T_C,ss715611523,Gm12,14363182,T,C,unambiguous:T/C:BOT-design,T/C,
BARC_1.01_Gm12_14309506_T_C,ss715611524,Gm12,14384675,T,C,unambiguous:T/C:BOT-design,T/C,
BARC_1.01_Gm12_14352578_G_A,ss715611527,Gm12,14427748,A,G,unambiguous:A/G:TOP,G/A,
BARC_1.01_Gm12_14694597_G_T,ss715611542,Gm12,14775930,T,G,unambiguous:T/G:BOT-design,G/T,
BARC_1.01_Gm12_14736851_A_G,ss715611544,Gm12,14824668,A,G,unambiguous:A/G:TOP,A/G,
BARC_1.01_Gm12_14771254_T_C,ss715611545,Gm12,14859071,T,C,unambiguous:T/C:BOT-design,T/C,
BARC_1.01_Gm12_15394023_C_T,ss715611567,Gm12,15496511,T,C,unambiguous:T/C:BOT-design,C/T,
BARC_1.01_Gm12_15419273_T_G,ss715611569,Gm12,15521347,T,G,unambiguous:T/G:BOT-design,T/G,
BARC_1.01_Gm12_15451614_G_T,ss715611570,Gm12,15555227,T,G,unambiguous:T/G:BOT-design,G/T,
BARC_1.01_Gm12_15472392_A_C,ss715611572,Gm12,15576005,A,C,unambiguous:A/C:TOP,A/C,
BARC_1.01_Gm12_15514114_G_T,ss715611574,Gm12,15618816,T,G,unambiguous:T/G:BOT-design,G/T,
BARC_1.01_Gm12_15877490_A_G,ss715611590,Gm12,15983526,A,G,unambiguous:A/G:TOP,A/G,
BARC_1.01_Gm12_16787022_G_A,ss715611633,Gm12,16877513,A,G,unambiguous:A/G:TOP,G/A,
BARC_1.01_Gm12_17013260_T_C,ss715611644,Gm12,17122701,T,C,unambiguous:T/C:BOT-design,T/C,
BARC_1.01_Gm12_17926750_A_G,ss715611687,Gm12,18028431,A,G,unambiguous:A/G:TOP,A/G,
BARC_1.01_Gm12_22385235_A_G,ss715611801,Gm12,18582403,A,G,unambiguous:A/G:TOP,A/G,
BARC_1.01_Gm12_24271835_G_A,ss715611867,Gm12,20474981,A,G,unambiguous:A/G:TOP,G/A,
BARC_1.01_Gm12_24320821_T_C,ss715611870,Gm12,20523955,T,C,unambiguous:T/C:BOT-design,T/C,
BARC_1.01_Gm12_24555838_A_G,ss715611880,Gm12,20760088,A,G,unambiguous:A/G:TOP,A/G,
BARC_1.01_Gm12_24763413_T_C,ss715611887,Gm12,20967868,T,C,unambiguous:T/C:BOT-design,T/C,
BARC_1.01_Gm12_24899881_T_C,ss715611891,Gm12,21104336,T,C,unambiguous:T/C:BOT-design,T/C,
BARC_1.01_Gm12_24927256_T_C,ss715611892,Gm12,21131709,T,C,unambiguous:T/C:BOT-design,T/C,
BARC_1.01_Gm12_24973531_G_A,ss715611893,Gm12,21177984,A,G,unambiguous:A/G:TOP,G/A,
BARC_1.01_Gm12_24999500_A_G,ss715611894,Gm12,21203953,A,G,unambiguous:A/G:TOP,A/G,
BARC_1.01_Gm15_16880335_A_G,ss715621093,Gm15,21673448,A,G,unambiguous:A/G:TOP,A/G,
BARC_1.01_Gm12_25839577_G_A,ss715611920,Gm12,22040646,A,G,unambiguous:A/G:TOP,G/A,
BARC_1.01_Gm12_27424432_A_G,ss715611963,Gm12,23794124,A,G,unambiguous:A/G:TOP,A/G,
BARC_1.01_Gm12_19355742_C_T,ss715611733,Gm12,26563176,T,C,unambiguous:T/C:BOT-design,C/T,
BARC_1.01_Gm12_20971996_T_C,ss715611769,Gm12,27122287,T,C,unambiguous:T/C:BOT-design,T/C,
BARC_1.01_Gm12_19958851_A_G,ss715611744,Gm12,28136735,A,G,unambiguous:A/G:TOP,A/G,
BARC_1.01_Gm12_29517741_A_G,ss715612033,Gm12,30310366,A,G,unambiguous:A/G:TOP,A/G,
BARC_1.01_Gm12_32151568_C_T,ss715612142,Gm12,32109565,T,C,unambiguous:T/C:BOT-design,C/T,
BARC_1.01_Gm12_32389331_A_C,ss715612166,Gm12,32347348,A,C,unambiguous:A/C:TOP,A/C,
BARC_1.01_Gm12_32476394_C_T,ss715612173,Gm12,32434240,T,C,unambiguous:T/C:BOT-design,C/T,
BARC_1.01_Gm12_32537979_A_G,ss715612179,Gm12,32495160,A,G,unambiguous:A/G:TOP,A/G,
BARC_1.01_Gm12_32582310_T_G,ss715612183,Gm12,32539490,T,G,unambiguous:T/G:BOT-design,T/G,
BARC_1.01_Gm12_32734395_T_C,ss715612206,Gm12,32690982,T,C,unambiguous:T/C:BOT-design,T/C,
BARC_1.01_Gm12_32771353_A_G,ss715612209,Gm12,32727465,A,G,unambiguous:A/G:TOP,A/G,
BARC_1.01_Gm12_33049270_C_A,ss715612244,Gm12,33006718,A,C,unambiguous:A/C:TOP,C/A,
BARC_1.01_Gm12_33110081_G_T,ss715612250,Gm12,33067511,T,G,unambiguous:T/G:BOT-design,G/T,
BARC_1.01_Gm12_33218465_T_C,ss715612259,Gm12,33175894,T,C,unambiguous:T/C:BOT-design,T/C,
BARC_1.01_Gm12_33258930_A_C,ss715612263,Gm12,33216359,A,C,unambiguous:A/C:TOP,A/C,
BARC_1.01_Gm12_33536846_T_G,ss715612301,Gm12,33493819,T,G,unambiguous:T/G:BOT-design,T/G,
BARC_1.01_Gm12_33539324_G_A,ss715612302,Gm12,33496297,A,G,unambiguous:A/G:TOP,G/A,
BARC_1.01_Gm12_33680937_A_G,ss715612321,Gm12,33637803,A,G,unambiguous:A/G:TOP,A/G,
BARC_1.01_Gm12_33815566_A_G,ss715612333,Gm12,33776738,A,G,unambiguous:A/G:TOP,A/G,
BARC_1.01_Gm12_33892140_G_A,ss715612344,Gm12,33853312,A,G,unambiguous:A/G:TOP,G/A,
BARC_1.01_Gm12_34102452_G_A,ss715612366,Gm12,34063256,A,G,unambiguous:A/G:TOP,G/A,
BARC_1.01_Gm12_34217043_C_T,ss715612380,Gm12,34178221,T,C,unambiguous:T/C:BOT-design,C/T,
BARC_1.01_Gm12_34289684_C_T,ss715612395,Gm12,34250868,T,C,unambiguous:T/C:BOT-design,C/T,
BARC_1.01_Gm12_34380492_G_A,ss715612408,Gm12,34341718,A,G,unambiguous:A/G:TOP,G/A,
BARC_1.01_Gm12_34421239_A_G,ss715612415,Gm12,34382741,A,G,unambiguous:A/G:TOP,A/G,
BARC_1.01_Gm12_34518537_T_C,ss715612432,Gm12,34480040,T,C,unambiguous:T/C:BOT-design,T/C,
BARC_1.01_Gm12_34591501_C_T,ss715612443,Gm12,34552951,T,C,unambiguous:T/C:BOT-design,C/T,
BARC_1.01_Gm12_34619316_T_C,ss715612451,Gm12,34580948,T,C,unambiguous:T/C:BOT-design,T/C,
BARC_1.01_Gm12_34661871_A_C,ss715612456,Gm12,34623277,A,C,unambiguous:A/C:TOP,A/C,
BARC_1.01_Gm12_34729290_T_C,ss715612465,Gm12,34690322,T,C,unambiguous:T/C:BOT-design,T/C,
BARC_1.01_Gm12_34776200_C_T,ss715612473,Gm12,34737210,T,C,unambiguous:T/C:BOT-design,C/T,
BARC_1.01_Gm12_34892779_T_G,ss715612493,Gm12,34866915,T,G,unambiguous:T/G:BOT-design,T/G,
BARC_1.01_Gm12_34979415_C_T,ss715612511,Gm12,34953570,T,C,unambiguous:T/C:BOT-design,C/T,
BARC_1.01_Gm12_36315965_C_A,ss715612652,Gm12,34980227,A,C,unambiguous:A/C:TOP,C/A,
BARC_1.01_Gm12_35111865_A_G,ss715612544,Gm12,35086789,A,G,unambiguous:A/G:TOP,A/G,
BARC_1.01_Gm12_35192993_C_T,ss715612549,Gm12,35167918,T,C,unambiguous:T/C:BOT-design,C/T,
BARC_1.01_Gm12_35246877_C_T,ss715612552,Gm12,35221802,T,C,unambiguous:T/C:BOT-design,C/T,
BARC_1.01_Gm12_35311208_C_T,ss715612556,Gm12,35286134,T,C,unambiguous:T/C:BOT-design,C/T,
BARC_1.01_Gm12_35454411_G_A,ss715612567,Gm12,35429338,A,G,unambiguous:A/G:TOP,G/A,
BARC_1.01_Gm12_35525603_A_G,ss715612575,Gm12,35499606,A,G,unambiguous:A/G:TOP,A/G,
BARC_1.01_Gm12_35586020_G_A,ss715612585,Gm12,35559975,A,G,unambiguous:A/G:TOP,G/A,
BARC_1.01_Gm12_35626081_G_A,ss715612589,Gm12,35600329,A,G,unambiguous:A/G:TOP,G/A,
BARC_1.01_Gm12_35718385_G_A,ss715612596,Gm12,35692649,A,G,unambiguous:A/G:TOP,G/A,
BARC_1.01_Gm12_35802600_A_G,ss715612602,Gm12,35785862,A,G,unambiguous:A/G:TOP,A/G,
BARC_1.01_Gm12_35876375_T_C,ss715612608,Gm12,35868638,T,C,unambiguous:T/C:BOT-design,T/C,
BARC_1.01_Gm12_35953814_A_G,ss715612621,Gm12,35946078,A,G,unambiguous:A/G:TOP,A/G,
BARC_1.01_Gm12_36002148_G_T,ss715612628,Gm12,35992900,T,G,unambiguous:T/G:BOT-design,G/T,
BARC_1.01_Gm12_36126098_A_G,ss715612637,Gm12,36116789,A,G,unambiguous:A/G:TOP,A/G,
BARC_1.01_Gm12_36222407_C_A,ss715612645,Gm12,36207711,A,C,unambiguous:A/C:TOP,C/A,
BARC_1.01_Gm12_36432404_T_G,ss715612666,Gm12,36388059,T,G,unambiguous:T/G:BOT-design,T/G,
BARC_1.01_Gm12_36496913_T_C,ss715612675,Gm12,36452567,T,C,unambiguous:T/C:BOT-design,T/C,
BARC_1.01_Gm12_36510299_T_C,ss715612679,Gm12,36465953,T,C,unambiguous:T/C:BOT-design,T/C,
BARC_1.01_Gm12_36660237_A_G,ss715612693,Gm12,36616414,A,G,unambiguous:A/G:TOP,A/G,
BARC_1.01_Gm12_36700187_G_A,ss715612696,Gm12,36656366,A,G,unambiguous:A/G:TOP,G/A,
BARC_1.01_Gm12_36780299_G_A,ss715612699,Gm12,36736475,A,G,unambiguous:A/G:TOP,G/A,
BARC_1.01_Gm12_36839430_C_T,ss715612708,Gm12,36795606,T,C,unambiguous:T/C:BOT-design,C/T,
BARC_1.01_Gm12_36898689_A_G,ss715612710,Gm12,36854675,A,G,unambiguous:A/G:TOP,A/G,
BARC_1.01_Gm12_36960931_T_C,ss715612711,Gm12,36916909,T,C,unambiguous:T/C:BOT-design,T/C,
BARC_1.01_Gm12_37036017_C_A,ss715612715,Gm12,36991996,A,C,unambiguous:A/C:TOP,C/A,
BARC_1.01_Gm12_37075152_C_T,ss715612722,Gm12,37031186,T,C,unambiguous:T/C:BOT-design,C/T,
BARC_1.01_Gm12_37136269_C_T,ss715612725,Gm12,37092076,T,C,unambiguous:T/C:BOT-design,C/T,
BARC_1.01_Gm12_37228707_T_C,ss715612732,Gm12,37183963,T,C,unambiguous:T/C:BOT-design,T/C,
BARC_1.01_Gm12_37315664_A_G,ss715612742,Gm12,37271684,A,G,unambiguous:A/G:TOP,A/G,
BARC_1.01_Gm12_37356120_C_T,ss715612746,Gm12,37312140,T,C,unambiguous:T/C:BOT-design,C/T,
BARC_1.01_Gm12_37455120_A_G,ss715612754,Gm12,37411161,A,G,unambiguous:A/G:TOP,A/G,
BARC_1.01_Gm12_37702572_C_A,ss715612772,Gm12,37673640,A,C,unambiguous:A/C:TOP,C/A,
BARC_1.01_Gm12_37761495_G_T,ss715612787,Gm12,37732563,T,G,unambiguous:T/G:BOT-design,G/T,
BARC_1.01_Gm12_37803362_G_A,ss715612794,Gm12,37774430,A,G,unambiguous:A/G:TOP,G/A,
BARC_1.01_Gm12_37971963_G_A,ss715612810,Gm12,37942902,A,G,unambiguous:A/G:TOP,G/A,
BARC_1.01_Gm12_38053931_C_T,ss715612824,Gm12,38033264,T,C,unambiguous:T/C:BOT-design,C/T,
BARC_1.01_Gm12_38105342_T_C,ss715612833,Gm12,38084675,T,C,unambiguous:T/C:BOT-design,T/C,
BARC_1.01_Gm12_38183927_C_T,ss715612847,Gm12,38161783,T,C,unambiguous:T/C:BOT-design,C/T,
BARC_1.01_Gm12_38202617_T_C,ss715612853,Gm12,38180473,T,C,unambiguous:T/C:BOT-design,T/C,
BARC_1.01_Gm12_38338813_T_C,ss715612859,Gm12,38314956,T,C,unambiguous:T/C:BOT-design,T/C,
BARC_1.01_Gm12_38424093_A_G,ss715612862,Gm12,38400236,A,G,unambiguous:A/G:TOP,A/G,
BARC_1.01_Gm12_38498541_C_T,ss715612869,Gm12,38473746,T,C,unambiguous:T/C:BOT-design,C/T,
BARC_1.01_Gm12_38597359_G_A,ss715612879,Gm12,38572473,A,G,unambiguous:A/G:TOP,G/A,
BARC_1.01_Gm12_38706055_A_C,ss715612888,Gm12,38680709,A,C,unambiguous:A/C:TOP,A/C,
BARC_1.01_Gm12_38807727_A_C,ss715612903,Gm12,38782388,A,C,unambiguous:A/C:TOP,A/C,
BARC_1.01_Gm12_38887939_A_G,ss715612912,Gm12,38863132,A,G,unambiguous:A/G:TOP,A/G,
BARC_1.01_Gm12_38932416_A_G,ss715612916,Gm12,38907553,A,G,unambiguous:A/G:TOP,A/G,
BARC_1.01_Gm12_38995703_T_G,ss715612922,Gm12,38970900,T,G,unambiguous:T/G:BOT-design,T/G,
BARC_1.01_Gm12_39042297_T_C,ss715612931,Gm12,39017494,T,C,unambiguous:T/C:BOT-design,T/C,
BARC_1.01_Gm12_39099458_A_G,ss715612935,Gm12,39074655,A,G,unambiguous:A/G:TOP,A/G,
BARC_1.01_Gm12_39156556_T_C,ss715612940,Gm12,39131542,T,C,unambiguous:T/C:BOT-design,T/C,
BARC_1.01_Gm12_39240113_C_T,ss715612948,Gm12,39215085,T,C,unambiguous:T/C:BOT-design,C/T,
BARC_1.01_Gm12_39289776_T_C,ss715612952,Gm12,39264743,T,C,unambiguous:T/C:BOT-design,T/C,
BARC_1.01_Gm12_39378464_A_G,ss715612959,Gm12,39353431,A,G,unambiguous:A/G:TOP,A/G,
BARC_1.01_Gm12_39420263_T_C,ss715612965,Gm12,39395983,T,C,unambiguous:T/C:BOT-design,T/C,
BARC_1.01_Gm12_39490812_G_A,ss715612972,Gm12,39466532,A,G,unambiguous:A/G:TOP,G/A,
BARC_1.01_Gm12_39554264_A_G,ss715612981,Gm12,39529984,A,G,unambiguous:A/G:TOP,A/G,
BARC_1.01_Gm12_39606543_T_C,ss715612985,Gm12,39582264,T,C,unambiguous:T/C:BOT-design,T/C,
BARC_1.01_Gm12_39632863_C_T,ss715612989,Gm12,39608584,T,C,unambiguous:T/C:BOT-design,C/T,
BARC_1.01_Gm12_39672572_T_C,ss715612994,Gm12,39648422,T,C,unambiguous:T/C:BOT-design,T/C,
BARC_1.01_Gm12_39705541_T_C,ss715613002,Gm12,39681547,T,C,unambiguous:T/C:BOT-design,T/C,
BARC_1.01_Gm12_39783985_A_G,ss715613014,Gm12,39760450,A,G,unambiguous:A/G:TOP,A/G,
BARC_1.01_Gm12_39886487_G_A,ss715613026,Gm12,39864634,A,G,unambiguous:A/G:TOP,G/A,
BARC_1.01_Gm12_39893147_C_T,ss715613028,Gm12,39871294,T,C,unambiguous:T/C:BOT-design,C/T,
BARC_1.01_Gm13_11787225_C_T,ss715613769,Gm13,66755,T,C,unambiguous:T/C:BOT-design,C/T,
BARC_1.01_Gm13_12045535_T_C,ss715613775,Gm13,324571,T,C,unambiguous:T/C:BOT-design,T/C,
BARC_1.01_Gm13_12158356_T_G,ss715613779,Gm13,437287,T,G,unambiguous:T/G:BOT-design,T/G,
BARC_1.01_Gm13_12461649_G_A,ss715613787,Gm13,740564,A,G,unambiguous:A/G:TOP,G/A,
BARC_1.01_Gm13_12724562_T_C,ss715613795,Gm13,1003477,T,C,unambiguous:T/C:BOT-design,T/C,
BARC_1.01_Gm13_13049201_G_T,ss715613803,Gm13,1322421,T,G,unambiguous:T/G:BOT-design,G/T,
BARC_1.01_Gm13_13159950_C_A,ss715613806,Gm13,1438856,A,C,unambiguous:A/C:TOP,C/A,
BARC_1.01_Gm13_13613605_C_T,ss715613823,Gm13,1900612,T,C,unambiguous:T/C:BOT-design,C/T,
BARC_1.01_Gm13_13756682_A_G,ss715613827,Gm13,2055850,A,G,unambiguous:A/G:TOP,A/G,
BARC_1.01_Gm13_13892231_T_C,ss715613830,Gm13,2191814,T,C,unambiguous:T/C:BOT-design,T/C,
BARC_1.01_Gm13_14588417_G_A,ss715613854,Gm13,2878578,A,G,unambiguous:A/G:TOP,G/A,
BARC_1.01_Gm13_15583636_A_G,ss715613873,Gm13,4157086,A,G,unambiguous:A/G:TOP,A/G,
BARC_1.01_Gm13_16096547_C_T,ss715613882,Gm13,4619580,T,C,unambiguous:T/C:BOT-design,C/T,
BARC_1.01_Gm13_16365275_C_T,ss715613889,Gm13,4891646,T,C,unambiguous:T/C:BOT-design,C/T,
BARC_1.01_Gm13_16721293_A_G,ss715613900,Gm13,5255911,A,G,unambiguous:A/G:TOP,A/G,
BARC_1.01_Gm13_17191857_G_A,ss715613926,Gm13,5724230,A,G,unambiguous:A/G:TOP,G/A,
BARC_1.01_Gm13_17652991_A_G,ss715613952,Gm13,6185319,A,G,unambiguous:A/G:TOP,A/G,
BARC_1.01_Gm13_19452973_G_A,ss715613997,Gm13,7353724,A,G,unambiguous:A/G:TOP,G/A,
BARC_1.01_Gm13_19040172_G_A,ss715613987,Gm13,7767773,A,G,unambiguous:A/G:TOP,G/A,
BARC_1.01_Gm13_18597519_C_T,ss715613978,Gm13,8092634,T,C,unambiguous:T/C:BOT-design,C/T,
BARC_1.01_Gm02_26182810_A_G,ss715581637,Gm02,8942044,A,G,unambiguous:A/G:TOP,A/G,
BARC_1.01_Gm02_26699210_A_G,ss715581650,Gm02,9465834,A,G,unambiguous:A/G:TOP,A/G,
BARC_1.01_Gm02_27295513_G_A,ss715581674,Gm02,10071637,A,G,unambiguous:A/G:TOP,G/A,
BARC_1.01_Gm13_11463853_T_C,ss715613757,Gm13,10423581,T,C,unambiguous:T/C:BOT-design,T/C,
BARC_1.01_Gm13_11185388_A_G,ss715613749,Gm13,10706972,A,G,unambiguous:A/G:TOP,A/G,
BARC_1.01_Gm13_10759545_A_C,ss715613737,Gm13,11130398,A,C,unambiguous:A/C:TOP,A/C,
BARC_1.01_Gm13_10630165_T_C,ss715613733,Gm13,11259402,T,C,unambiguous:T/C:BOT-design,T/C,
BARC_1.01_Gm13_10330320_T_G,ss715613721,Gm13,11559403,T,G,unambiguous:T/G:BOT-design,T/G,
BARC_1.01_Gm13_9993080_C_T,ss715617303,Gm13,11887842,T,C,unambiguous:T/C:BOT-design,C/T,
BARC_1.01_Gm13_8720423_A_G,ss715617268,Gm13,13136275,A,G,unambiguous:A/G:TOP,A/G,
BARC_1.01_Gm13_8587714_T_C,ss715617265,Gm13,13273026,T,C,unambiguous:T/C:BOT-design,T/C,
BARC_1.01_Gm13_8529479_G_T,ss715617260,Gm13,13331067,T,G,unambiguous:T/G:BOT-design,G/T,
BARC_1.01_Gm13_8308962_C_A,ss715617250,Gm13,13550863,A,C,unambiguous:A/C:TOP,C/A,
BARC_1.01_Gm13_8264628_A_C,ss715617248,Gm13,13595196,A,C,unambiguous:A/C:TOP,A/C,
BARC_1.01_Gm13_8232824_G_T,ss715617244,Gm13,13626971,T,G,unambiguous:T/G:BOT-design,G/T,
BARC_1.01_Gm13_8168052_C_T,ss715617240,Gm13,13691537,T,C,unambiguous:T/C:BOT-design,C/T,
BARC_1.01_Gm13_8106523_C_T,ss715617230,Gm13,13748577,T,C,unambiguous:T/C:BOT-design,C/T,
BARC_1.01_Gm13_8046044_G_A,ss715617224,Gm13,13809055,A,G,unambiguous:A/G:TOP,G/A,
BARC_1.01_Gm13_7935638_T_C,ss715617205,Gm13,13917007,T,C,unambiguous:T/C:BOT-design,T/C,
BARC_1.01_Gm13_7859315_T_C,ss715617194,Gm13,13992520,T,C,unambiguous:T/C:BOT-design,T/C,
BARC_1.01_Gm13_7810247_C_T,ss715617188,Gm13,14041704,T,C,unambiguous:T/C:BOT-design,C/T,
BARC_1.01_Gm13_7733811_C_T,ss715617177,Gm13,14118184,T,C,unambiguous:T/C:BOT-design,C/T,
BARC_1.01_Gm13_7559523_G_A,ss715617149,Gm13,14292294,A,G,unambiguous:A/G:TOP,G/A,
BARC_1.01_Gm13_7532164_A_G,ss715617146,Gm13,14319652,A,G,unambiguous:A/G:TOP,A/G,
BARC_1.01_Gm13_7381714_A_G,ss715617129,Gm13,14470669,A,G,unambiguous:A/G:TOP,A/G,
BARC_1.01_Gm13_7285098_T_C,ss715617113,Gm13,14567149,T,C,unambiguous:T/C:BOT-design,T/C,
BARC_1.01_Gm13_7234018_A_G,ss715617105,Gm13,14617424,A,G,unambiguous:A/G:TOP,A/G,
BARC_1.01_Gm13_7102873_G_A,ss715617063,Gm13,14748561,A,G,unambiguous:A/G:TOP,G/A,
BARC_1.01_Gm13_6962601_A_G,ss715617032,Gm13,14924865,A,G,unambiguous:A/G:TOP,A/G,
BARC_1.01_Gm13_6925859_A_G,ss715617027,Gm13,14961696,A,G,unambiguous:A/G:TOP,A/G,
BARC_1.01_Gm13_6873160_T_C,ss715617006,Gm13,15014395,T,C,unambiguous:T/C:BOT-design,T/C,
BARC_1.01_Gm13_6811934_T_G,ss715616997,Gm13,15075811,T,G,unambiguous:T/G:BOT-design,T/G,
BARC_1.01_Gm13_6761450_T_G,ss715616986,Gm13,15126101,T,G,unambiguous:T/G:BOT-design,T/G,
BARC_1.01_Gm13_6687503_A_C,ss715616970,Gm13,15198737,A,C,unambiguous:A/C:TOP,A/C,
BARC_1.01_Gm13_6626930_G_A,ss715616945,Gm13,15259977,A,G,unambiguous:A/G:TOP,G/A,
BARC_1.01_Gm13_6509852_C_T,ss715616919,Gm13,15377081,T,C,unambiguous:T/C:BOT-design,C/T,
BARC_1.01_Gm13_6393530_A_G,ss715616911,Gm13,15492987,A,G,unambiguous:A/G:TOP,A/G,
BARC_1.01_Gm13_6342969_T_C,ss715616898,Gm13,15543548,T,C,unambiguous:T/C:BOT-design,T/C,
BARC_1.01_Gm13_6207590_G_A,ss715616887,Gm13,15624186,A,G,unambiguous:A/G:TOP,G/A,
BARC_1.01_Gm13_6151892_T_C,ss715616878,Gm13,15679762,T,C,unambiguous:T/C:BOT-design,T/C,
BARC_1.01_Gm13_6072061_C_A,ss715616872,Gm13,15759606,A,C,unambiguous:A/C:TOP,C/A,
BARC_1.01_Gm13_5993892_T_C,ss715616860,Gm13,15834409,T,C,unambiguous:T/C:BOT-design,T/C,
BARC_1.01_Gm13_5872811_G_A,ss715616840,Gm13,15948186,A,G,unambiguous:A/G:TOP,G/A,
BARC_1.01_Gm13_5789153_A_G,ss715616828,Gm13,16031844,A,G,unambiguous:A/G:TOP,A/G,
BARC_1.01_Gm13_5769177_G_A,ss715616825,Gm13,16051820,A,G,unambiguous:A/G:TOP,G/A,
BARC_1.01_Gm13_5674534_C_T,ss715616807,Gm13,16146461,T,C,unambiguous:T/C:BOT-design,C/T,
BARC_1.01_Gm13_5566028_T_C,ss715616797,Gm13,16254965,T,C,unambiguous:T/C:BOT-design,T/C,
BARC_1.01_Gm13_5480962_C_T,ss715616779,Gm13,16350701,T,C,unambiguous:T/C:BOT-design,C/T,
BARC_1.01_Gm13_5376431_T_C,ss715616765,Gm13,16455228,T,C,unambiguous:T/C:BOT-design,T/C,
BARC_1.01_Gm13_5259517_G_A,ss715616754,Gm13,16572167,A,G,unambiguous:A/G:TOP,G/A,
BARC_1.01_Gm13_5211326_T_C,ss715616752,Gm13,16620358,T,C,unambiguous:T/C:BOT-design,T/C,
BARC_1.01_Gm13_5075945_G_A,ss715616745,Gm13,16756004,A,G,unambiguous:A/G:TOP,G/A,
BARC_1.01_Gm13_5020064_C_T,ss715616733,Gm13,16811968,T,C,unambiguous:T/C:BOT-design,C/T,
BARC_1.01_Gm13_4905331_T_C,ss715616710,Gm13,16926707,T,C,unambiguous:T/C:BOT-design,T/C,
BARC_1.01_Gm11_31013111_C_T,ss715609913,Gm11,16958495,T,C,unambiguous:T/C:BOT-design,C/T,
BARC_1.01_Gm13_4817327_C_T,ss715616698,Gm13,17047053,T,C,unambiguous:T/C:BOT-design,C/T,
BARC_1.01_Gm13_4739271_T_C,ss715616692,Gm13,17125100,T,C,unambiguous:T/C:BOT-design,T/C,
BARC_1.01_Gm13_4674747_T_C,ss715616676,Gm13,17189623,T,C,unambiguous:T/C:BOT-design,T/C,
BARC_1.01_Gm13_4595544_C_A,ss715616669,Gm13,17268926,A,C,unambiguous:A/C:TOP,C/A,
BARC_1.01_Gm13_4520811_T_C,ss715616643,Gm13,17349086,T,C,unambiguous:T/C:BOT-design,T/C,
BARC_1.01_Gm13_4319851_T_G,ss715616557,Gm13,17550011,T,G,unambiguous:T/G:BOT-design,T/G,
BARC_1.01_Gm13_4204489_C_T,ss715616455,Gm13,17664606,T,C,unambiguous:T/C:BOT-design,C/T,
BARC_1.01_Gm13_4187551_A_G,ss715616433,Gm13,17681538,A,G,unambiguous:A/G:TOP,A/G,
BARC_1.01_Gm13_3822639_T_G,ss715616090,Gm13,18046553,T,G,unambiguous:T/G:BOT-design,T/G,
BARC_1.01_Gm13_3719806_T_G,ss715616027,Gm13,18149386,T,G,unambiguous:T/G:BOT-design,T/G,
BARC_1.01_Gm13_3620512_G_A,ss715615894,Gm13,18248678,A,G,unambiguous:A/G:TOP,G/A,
BARC_1.01_Gm13_3541218_C_T,ss715615785,Gm13,18327972,T,C,unambiguous:T/C:BOT-design,C/T,
BARC_1.01_Gm13_3489099_C_T,ss715615716,Gm13,18379941,T,C,unambiguous:T/C:BOT-design,C/T,
BARC_1.01_Gm13_3479183_T_C,ss715615682,Gm13,18389859,T,C,unambiguous:T/C:BOT-design,T/C,
BARC_1.01_Gm13_3380078_T_C,ss715615592,Gm13,18488953,T,C,unambiguous:T/C:BOT-design,T/C,
BARC_1.01_Gm13_3316463_A_G,ss715615514,Gm13,18552568,A,G,unambiguous:A/G:TOP,A/G,
BARC_1.01_Gm13_3224370_T_C,ss715615422,Gm13,18644670,T,C,unambiguous:T/C:BOT-design,T/C,
BARC_1.01_Gm13_3175654_A_G,ss715615362,Gm13,18693392,A,G,unambiguous:A/G:TOP,A/G,
BARC_1.01_Gm13_3010849_A_G,ss715615126,Gm13,18857463,A,G,unambiguous:A/G:TOP,A/G,
BARC_1.01_Gm13_2993802_T_C,ss715615091,Gm13,18873313,T,C,unambiguous:T/C:BOT-design,T/C,
BARC_1.01_Gm13_2911344_A_G,ss715614958,Gm13,18955770,A,G,unambiguous:A/G:TOP,A/G,
BARC_1.01_Gm13_2833623_T_C,ss715614818,Gm13,19033491,T,C,unambiguous:T/C:BOT-design,T/C,
BARC_1.01_Gm13_2758183_T_C,ss715614696,Gm13,19108931,T,C,unambiguous:T/C:BOT-design,T/C,
BARC_1.01_Gm13_2685315_A_C,ss715614552,Gm13,19181899,A,C,unambiguous:A/C:TOP,A/C,
BARC_1.01_Gm13_2558742_C_T,ss715614336,Gm13,19308479,T,C,unambiguous:T/C:BOT-design,C/T,
BARC_1.01_Gm13_2493212_A_G,ss715614269,Gm13,19374036,A,G,unambiguous:A/G:TOP,A/G,
BARC_1.01_Gm13_2444492_T_C,ss715614232,Gm13,19423198,T,C,unambiguous:T/C:BOT-design,T/C,
BARC_1.01_Gm13_2397510_G_A,ss715614185,Gm13,19470199,A,G,unambiguous:A/G:TOP,G/A,
BARC_1.01_Gm13_2336776_G_A,ss715614139,Gm13,19530933,A,G,unambiguous:A/G:TOP,G/A,
BARC_1.01_Gm13_2270752_T_C,ss715614105,Gm13,19596957,T,C,unambiguous:T/C:BOT-design,T/C,
BARC_1.01_Gm13_1766981_T_C,ss715613953,Gm13,20101231,T,C,unambiguous:T/C:BOT-design,T/C,
BARC_1.01_Gm13_1739314_G_A,ss715613941,Gm13,20128890,A,G,unambiguous:A/G:TOP,G/A,
BARC_1.01_Gm13_1624949_C_A,ss715613885,Gm13,20242637,A,C,unambiguous:A/C:TOP,C/A,
BARC_1.01_Gm13_1528565_A_G,ss715613867,Gm13,20339017,A,G,unambiguous:A/G:TOP,A/G,
BARC_1.01_Gm13_1467585_G_A,ss715613860,Gm13,20400034,A,G,unambiguous:A/G:TOP,G/A,
BARC_1.01_Gm13_1435626_C_T,ss715613845,Gm13,20431993,T,C,unambiguous:T/C:BOT-design,C/T,
BARC_1.01_Gm13_1338620_T_G,ss715613813,Gm13,20528713,T,G,unambiguous:T/G:BOT-design,T/G,
BARC_1.01_Gm13_1267672_T_C,ss715613794,Gm13,20597010,T,C,unambiguous:T/C:BOT-design,T/C,
BARC_1.01_Gm13_1163621_T_C,ss715613764,Gm13,20701079,T,C,unambiguous:T/C:BOT-design,T/C,
BARC_1.01_Gm13_1025031_G_A,ss715613719,Gm13,20839640,A,G,unambiguous:A/G:TOP,G/A,
BARC_1.01_Gm13_968163_C_T,ss715617296,Gm13,20896502,T,C,unambiguous:T/C:BOT-design,C/T,
BARC_1.01_Gm13_898111_T_G,ss715617278,Gm13,20966554,T,G,unambiguous:T/G:BOT-design,T/G,
BARC_1.01_Gm13_850370_T_C,ss715617259,Gm13,21014295,T,C,unambiguous:T/C:BOT-design,T/C,
BARC_1.01_Gm13_790808_A_G,ss715617200,Gm13,21073871,A,G,unambiguous:A/G:TOP,A/G,
BARC_1.01_Gm13_717318_C_T,ss715617090,Gm13,21147361,T,C,unambiguous:T/C:BOT-design,C/T,
BARC_1.01_Gm13_674370_G_A,ss715616981,Gm13,21190309,A,G,unambiguous:A/G:TOP,G/A,
BARC_1.01_Gm13_579178_A_G,ss715616829,Gm13,21285502,A,G,unambiguous:A/G:TOP,A/G,
BARC_1.01_Gm13_344320_G_A,ss715615641,Gm13,21516609,A,G,unambiguous:A/G:TOP,G/A,
BARC_1.01_Gm13_297095_A_G,ss715615057,Gm13,21563834,A,G,unambiguous:A/G:TOP,A/G,
BARC_1.01_Gm13_239895_T_C,ss715614188,Gm13,21621035,T,C,unambiguous:T/C:BOT-design,T/C,
BARC_1.01_Gm13_177356_T_C,ss715613955,Gm13,21683574,T,C,unambiguous:T/C:BOT-design,T/C,
BARC_1.01_Gm13_105760_T_G,ss715613730,Gm13,21755210,T,G,unambiguous:T/G:BOT-design,T/G,
BARC_1.01_Gm13_50706_A_G,ss715616743,Gm13,21810264,A,G,unambiguous:A/G:TOP,A/G,
BARC_1.01_Gm13_20484995_T_G,ss715614037,Gm13,22038516,T,G,unambiguous:T/G:BOT-design,T/G,
BARC_1.01_Gm13_20995641_G_A,ss715614050,Gm13,22551254,A,G,unambiguous:A/G:TOP,G/A,
BARC_1.01_Gm13_21507487_C_T,ss715614069,Gm13,23063311,T,C,unambiguous:T/C:BOT-design,C/T,
BARC_1.01_Gm13_21773778_A_G,ss715614077,Gm13,23329861,A,G,unambiguous:A/G:TOP,A/G,
BARC_1.01_Gm13_22047323_C_T,ss715614089,Gm13,23602844,T,C,unambiguous:T/C:BOT-design,C/T,
BARC_1.01_Gm13_22446130_C_T,ss715614097,Gm13,23931630,T,C,unambiguous:T/C:BOT-design,C/T,
BARC_1.01_Gm13_22764767_T_C,ss715614109,Gm13,24251979,T,C,unambiguous:T/C:BOT-design,T/C,
BARC_1.01_Gm13_23131251_C_T,ss715614123,Gm13,24618809,T,C,unambiguous:T/C:BOT-design,C/T,
BARC_1.01_Gm13_23157341_G_A,ss715614125,Gm13,24645670,A,G,unambiguous:A/G:TOP,G/A,
BARC_1.01_Gm13_23209914_T_C,ss715614129,Gm13,24696373,T,C,unambiguous:T/C:BOT-design,T/C,
BARC_1.01_Gm13_23261690_T_C,ss715614136,Gm13,24748152,T,C,unambiguous:T/C:BOT-design,T/C,
BARC_1.01_Gm13_23362995_A_G,ss715614138,Gm13,24850013,A,G,unambiguous:A/G:TOP,A/G,
BARC_1.01_Gm13_23403102_A_G,ss715614142,Gm13,24890120,A,G,unambiguous:A/G:TOP,A/G,
BARC_1.01_Gm13_23509779_C_T,ss715614149,Gm13,24996808,T,C,unambiguous:T/C:BOT-design,C/T,
BARC_1.01_Gm13_23553775_T_C,ss715614152,Gm13,25040804,T,C,unambiguous:T/C:BOT-design,T/C,
BARC_1.01_Gm13_23606874_G_A,ss715614157,Gm13,25092455,A,G,unambiguous:A/G:TOP,G/A,
BARC_1.01_Gm13_23686614_T_C,ss715614161,Gm13,25172194,T,C,unambiguous:T/C:BOT-design,T/C,
BARC_1.01_Gm13_23783264_A_G,ss715614172,Gm13,25268844,A,G,unambiguous:A/G:TOP,A/G,
BARC_1.01_Gm13_23981077_T_C,ss715614186,Gm13,25467010,T,C,unambiguous:T/C:BOT-design,T/C,
BARC_1.01_Gm13_24036579_G_A,ss715614196,Gm13,25522295,A,G,unambiguous:A/G:TOP,G/A,
BARC_1.01_Gm13_24119443_C_T,ss715614205,Gm13,25604909,T,C,unambiguous:T/C:BOT-design,C/T,
BARC_1.01_Gm13_24141069_T_G,ss715614208,Gm13,25626535,T,G,unambiguous:T/G:BOT-design,T/G,
BARC_1.01_Gm13_24293637_T_C,ss715614224,Gm13,25779102,T,C,unambiguous:T/C:BOT-design,T/C,
BARC_1.01_Gm13_24382781_T_C,ss715614228,Gm13,25868186,T,C,unambiguous:T/C:BOT-design,T/C,
BARC_1.01_Gm13_24441863_C_T,ss715614231,Gm13,25927261,T,C,unambiguous:T/C:BOT-design,C/T,
BARC_1.01_Gm13_24562842_G_A,ss715614246,Gm13,26048763,A,G,unambiguous:A/G:TOP,G/A,
BARC_1.01_Gm13_24708738_A_G,ss715614254,Gm13,26194440,A,G,unambiguous:A/G:TOP,A/G,
BARC_1.01_Gm13_24847753_A_C,ss715614262,Gm13,26333455,A,C,unambiguous:A/C:TOP,A/C,
BARC_1.01_Gm13_25174854_G_A,ss715614285,Gm13,26661006,A,G,unambiguous:A/G:TOP,G/A,
BARC_1.01_Gm11_34928092_A_G,ss715610124,Gm11,26717771,A,G,unambiguous:A/G:TOP,A/G,
BARC_1.01_Gm13_25678355_G_A,ss715614347,Gm13,26864383,A,G,unambiguous:A/G:TOP,G/A,
BARC_1.01_Gm13_25707705_G_A,ss715614352,Gm13,26893749,A,G,unambiguous:A/G:TOP,G/A,
BARC_1.01_Gm13_25871969_C_A,ss715614391,Gm13,27058759,A,C,unambiguous:A/C:TOP,C/A,
BARC_1.01_Gm13_25916287_G_A,ss715614400,Gm13,27103077,A,G,unambiguous:A/G:TOP,G/A,
BARC_1.01_Gm13_25925316_C_T,ss715614403,Gm13,27112106,T,C,unambiguous:T/C:BOT-design,C/T,
BARC_1.01_Gm13_26052291_A_G,ss715614424,Gm13,27239081,A,G,unambiguous:A/G:TOP,A/G,
BARC_1.01_Gm13_26096564_T_C,ss715614438,Gm13,27283354,T,C,unambiguous:T/C:BOT-design,T/C,
BARC_1.01_Gm13_26198265_C_T,ss715614448,Gm13,27385055,T,C,unambiguous:T/C:BOT-design,C/T,
BARC_1.01_Gm13_26291720_T_G,ss715614459,Gm13,27478816,T,G,unambiguous:T/G:BOT-design,T/G,
BARC_1.01_Gm13_26447438_T_C,ss715614474,Gm13,27643859,T,C,unambiguous:T/C:BOT-design,T/C,
BARC_1.01_Gm13_26504428_C_T,ss715614477,Gm13,27700711,T,C,unambiguous:T/C:BOT-design,C/T,
BARC_1.01_Gm13_26573887_G_T,ss715614489,Gm13,27770170,T,G,unambiguous:T/G:BOT-design,G/T,
BARC_1.01_Gm13_26668562_C_T,ss715614506,Gm13,27862307,T,C,unambiguous:T/C:BOT-design,C/T,
BARC_1.01_Gm13_26684102_C_A,ss715614511,Gm13,27877847,A,C,unambiguous:A/C:TOP,C/A,
BARC_1.01_Gm13_26749514_T_C,ss715614527,Gm13,27943258,T,C,unambiguous:T/C:BOT-design,T/C,
BARC_1.01_Gm13_26874636_G_A,ss715614558,Gm13,28068421,A,G,unambiguous:A/G:TOP,G/A,
BARC_1.01_Gm13_26949366_C_T,ss715614567,Gm13,28143152,T,C,unambiguous:T/C:BOT-design,C/T,
BARC_1.01_Gm13_27013838_A_G,ss715614578,Gm13,28207736,A,G,unambiguous:A/G:TOP,A/G,
BARC_1.01_Gm13_27132590_C_T,ss715614602,Gm13,28324765,T,C,unambiguous:T/C:BOT-design,C/T,
BARC_1.01_Gm13_27212330_G_A,ss715614619,Gm13,28404551,A,G,unambiguous:A/G:TOP,G/A,
BARC_1.01_Gm13_27257076_C_T,ss715614633,Gm13,28449297,T,C,unambiguous:T/C:BOT-design,C/T,
BARC_1.01_Gm13_27302662_C_T,ss715614642,Gm13,28496350,T,C,unambiguous:T/C:BOT-design,C/T,
BARC_1.01_Gm13_27373181_G_A,ss715614663,Gm13,28566713,A,G,unambiguous:A/G:TOP,G/A,
BARC_1.01_Gm13_27418207_G_A,ss715614669,Gm13,28611737,A,G,unambiguous:A/G:TOP,G/A,
BARC_1.01_Gm13_27485765_T_C,ss715614687,Gm13,28679294,T,C,unambiguous:T/C:BOT-design,T/C,
BARC_1.01_Gm13_27527083_G_T,ss715614690,Gm13,28720904,T,G,unambiguous:T/G:BOT-design,G/T,
BARC_1.01_Gm13_27601319_C_T,ss715614700,Gm13,28795604,T,C,unambiguous:T/C:BOT-design,C/T,
BARC_1.01_Gm13_27659281_A_G,ss715614707,Gm13,28853572,A,G,unambiguous:A/G:TOP,A/G,
BARC_1.01_Gm13_27665585_A_G,ss715614710,Gm13,28859734,A,G,unambiguous:A/G:TOP,A/G,
BARC_1.01_Gm13_27746684_T_C,ss715614724,Gm13,28940787,T,C,unambiguous:T/C:BOT-design,T/C,
BARC_1.01_Gm13_27796524_G_T,ss715614731,Gm13,28990627,T,G,unambiguous:T/G:BOT-design,G/T,
BARC_1.01_Gm13_27846120_C_T,ss715614742,Gm13,29040223,T,C,unambiguous:T/C:BOT-design,C/T,
BARC_1.01_Gm13_27935177_A_G,ss715614755,Gm13,29128801,A,G,unambiguous:A/G:TOP,A/G,
BARC_1.01_Gm13_27987641_C_T,ss715614764,Gm13,29181004,T,C,unambiguous:T/C:BOT-design,C/T,
BARC_1.01_Gm13_28041039_G_A,ss715614770,Gm13,29234402,A,G,unambiguous:A/G:TOP,G/A,
BARC_1.01_Gm13_28141969_T_G,ss715614780,Gm13,29335356,T,G,unambiguous:T/G:BOT-design,T/G,
BARC_1.01_Gm13_28206014_A_C,ss715614794,Gm13,29399384,A,C,unambiguous:A/C:TOP,A/C,
BARC_1.01_Gm13_28252435_A_G,ss715614802,Gm13,29445805,A,G,unambiguous:A/G:TOP,A/G,
BARC_1.01_Gm13_28323043_C_T,ss715614813,Gm13,29516674,T,C,unambiguous:T/C:BOT-design,C/T,
BARC_1.01_Gm13_28339993_G_A,ss715614820,Gm13,29533624,A,G,unambiguous:A/G:TOP,G/A,
BARC_1.01_Gm13_28437643_G_A,ss715614830,Gm13,29630754,A,G,unambiguous:A/G:TOP,G/A,
BARC_1.01_Gm13_28478384_T_G,ss715614834,Gm13,29671496,T,G,unambiguous:T/G:BOT-design,T/G,
BARC_1.01_Gm13_28544194_T_C,ss715614844,Gm13,29741893,T,C,unambiguous:T/C:BOT-design,T/C,
BARC_1.01_Gm13_28637128_G_T,ss715614864,Gm13,29839120,T,G,unambiguous:T/G:BOT-design,G/T,
BARC_1.01_Gm13_28770208_C_T,ss715614893,Gm13,29970218,T,C,unambiguous:T/C:BOT-design,C/T,
BARC_1.01_Gm13_28826405_A_C,ss715614907,Gm13,30026216,A,C,unambiguous:A/C:TOP,A/C,
BARC_1.01_Gm13_28868130_A_C,ss715614910,Gm13,30067943,A,C,unambiguous:A/C:TOP,A/C,
BARC_1.01_Gm13_28918187_A_C,ss715614914,Gm13,30117998,A,C,unambiguous:A/C:TOP,A/C,
BARC_1.01_Gm13_28957669_T_C,ss715614920,Gm13,30157326,T,C,unambiguous:T/C:BOT-design,T/C,
BARC_1.01_Gm13_29042122_C_A,ss715614943,Gm13,30241779,A,C,unambiguous:A/C:TOP,C/A,
BARC_1.01_Gm13_29123830_C_A,ss715614960,Gm13,30323488,A,C,unambiguous:A/C:TOP,C/A,
BARC_1.01_Gm13_29265240_A_G,ss715614983,Gm13,30465386,A,G,unambiguous:A/G:TOP,A/G,
BARC_1.01_Gm13_29375136_A_G,ss715614993,Gm13,30575285,A,G,unambiguous:A/G:TOP,A/G,
BARC_1.01_Gm13_29418256_C_T,ss715615002,Gm13,30618405,T,C,unambiguous:T/C:BOT-design,C/T,
BARC_1.01_Gm13_29481243_C_A,ss715615017,Gm13,30681387,A,C,unambiguous:A/C:TOP,C/A,
BARC_1.01_Gm13_29524129_A_C,ss715615024,Gm13,30724301,A,C,unambiguous:A/C:TOP,A/C,
BARC_1.01_Gm13_29565413_G_A,ss715615030,Gm13,30765585,A,G,unambiguous:A/G:TOP,G/A,
BARC_1.01_Gm13_29677928_G_T,ss715615049,Gm13,30875555,T,G,unambiguous:T/G:BOT-design,G/T,
BARC_1.01_Gm13_29739984_C_A,ss715615064,Gm13,30937609,A,C,unambiguous:A/C:TOP,C/A,
BARC_1.01_Gm13_29808335_C_T,ss715615073,Gm13,31005956,T,C,unambiguous:T/C:BOT-design,C/T,
BARC_1.01_Gm13_29858691_C_A,ss715615086,Gm13,31040358,A,C,unambiguous:A/C:TOP,C/A,
BARC_1.01_Gm13_29941083_T_C,ss715615093,Gm13,31122750,T,C,unambiguous:T/C:BOT-design,T/C,
BARC_1.01_Gm13_30078140_A_G,ss715615118,Gm13,31259181,A,G,unambiguous:A/G:TOP,A/G,
BARC_1.01_Gm13_30183643_G_T,ss715615142,Gm13,31364823,T,G,unambiguous:T/G:BOT-design,G/T,
BARC_1.01_Gm13_30268845_G_A,ss715615158,Gm13,31449060,A,G,unambiguous:A/G:TOP,G/A,
BARC_1.01_Gm13_30310888_T_C,ss715615164,Gm13,31514695,T,C,unambiguous:T/C:BOT-design,T/C,
BARC_1.01_Gm13_30351547_A_G,ss715615170,Gm13,31555228,A,G,unambiguous:A/G:TOP,A/G,
BARC_1.01_Gm13_30479725_C_T,ss715615185,Gm13,31691971,T,C,unambiguous:T/C:BOT-design,C/T,
BARC_1.01_Gm13_30578807_C_A,ss715615195,Gm13,31791054,A,C,unambiguous:A/C:TOP,C/A,
BARC_1.01_Gm13_30620784_G_T,ss715615208,Gm13,31833050,T,G,unambiguous:T/G:BOT-design,G/T,
BARC_1.01_Gm13_30684298_C_T,ss715615217,Gm13,31896687,T,C,unambiguous:T/C:BOT-design,C/T,
BARC_1.01_Gm13_30744043_A_G,ss715615228,Gm13,31956416,A,G,unambiguous:A/G:TOP,A/G,
BARC_1.01_Gm13_30792419_T_C,ss715615235,Gm13,32004792,T,C,unambiguous:T/C:BOT-design,T/C,
BARC_1.01_Gm13_30896864_A_G,ss715615249,Gm13,32109291,A,G,unambiguous:A/G:TOP,A/G,
BARC_1.01_Gm13_30942034_A_G,ss715615257,Gm13,32154461,A,G,unambiguous:A/G:TOP,A/G,
BARC_1.01_Gm13_31013252_A_G,ss715615266,Gm13,32225680,A,G,unambiguous:A/G:TOP,A/G,
BARC_1.01_Gm13_31079210_G_A,ss715615278,Gm13,32291638,A,G,unambiguous:A/G:TOP,G/A,
BARC_1.01_Gm13_31135256_T_C,ss715615281,Gm13,32347696,T,C,unambiguous:T/C:BOT-design,T/C,
BARC_1.01_Gm13_31262161_G_A,ss715615301,Gm13,32474603,A,G,unambiguous:A/G:TOP,G/A,
BARC_1.01_Gm13_31313202_T_C,ss715615305,Gm13,32525645,T,C,unambiguous:T/C:BOT-design,T/C,
BARC_1.01_Gm13_31358398_C_A,ss715615310,Gm13,32570888,A,C,unambiguous:A/C:TOP,C/A,
BARC_1.01_Gm13_31424193_T_G,ss715615320,Gm13,32636682,T,G,unambiguous:T/G:BOT-design,T/G,
BARC_1.01_Gm13_31491632_C_T,ss715615328,Gm13,32704120,T,C,unambiguous:T/C:BOT-design,C/T,
BARC_1.01_Gm13_31602992_A_G,ss715615344,Gm13,32814804,A,G,unambiguous:A/G:TOP,A/G,
BARC_1.01_Gm13_31736878_G_A,ss715615361,Gm13,32948671,A,G,unambiguous:A/G:TOP,G/A,
BARC_1.01_Gm13_31766939_T_G,ss715615363,Gm13,32978732,T,G,unambiguous:T/G:BOT-design,T/G,
BARC_1.01_Gm13_31860090_G_A,ss715615381,Gm13,33071883,A,G,unambiguous:A/G:TOP,G/A,
BARC_1.01_Gm13_31934756_G_A,ss715615392,Gm13,33146571,A,G,unambiguous:A/G:TOP,G/A,
BARC_1.01_Gm13_32011502_T_C,ss715615399,Gm13,33223317,T,C,unambiguous:T/C:BOT-design,T/C,
BARC_1.01_Gm13_32100739_A_G,ss715615409,Gm13,33312556,A,G,unambiguous:A/G:TOP,A/G,
BARC_1.01_Gm13_32171109_G_A,ss715615414,Gm13,33382909,A,G,unambiguous:A/G:TOP,G/A,
BARC_1.01_Gm13_32210915_T_C,ss715615420,Gm13,33422715,T,C,unambiguous:T/C:BOT-design,T/C,
BARC_1.01_Gm13_32254260_T_C,ss715615423,Gm13,33466062,T,C,unambiguous:T/C:BOT-design,T/C,
BARC_1.01_Gm13_32368683_G_A,ss715615438,Gm13,33580485,A,G,unambiguous:A/G:TOP,G/A,
BARC_1.01_Gm13_32435575_G_A,ss715615442,Gm13,33647377,A,G,unambiguous:A/G:TOP,G/A,
BARC_1.01_Gm13_32480713_G_A,ss715615444,Gm13,33694087,A,G,unambiguous:A/G:TOP,G/A,
BARC_1.01_Gm13_32603971_C_A,ss715615453,Gm13,33815541,A,C,unambiguous:A/C:TOP,C/A,
BARC_1.01_Gm13_32712123_C_A,ss715615458,Gm13,33923772,A,C,unambiguous:A/C:TOP,C/A,
BARC_1.01_Gm13_32795953_T_G,ss715615465,Gm13,34008029,T,G,unambiguous:T/G:BOT-design,T/G,
BARC_1.01_Gm13_32875289_C_A,ss715615474,Gm13,34087365,A,C,unambiguous:A/C:TOP,C/A,
BARC_1.01_Gm13_33004100_T_G,ss715615486,Gm13,34216199,T,G,unambiguous:T/G:BOT-design,T/G,
BARC_1.01_Gm13_33027247_T_C,ss715615492,Gm13,34239346,T,C,unambiguous:T/C:BOT-design,T/C,
BARC_1.01_Gm13_33113825_A_G,ss715615505,Gm13,34325919,A,G,unambiguous:A/G:TOP,A/G,
BARC_1.01_Gm13_33124381_A_G,ss715615506,Gm13,34336475,A,G,unambiguous:A/G:TOP,A/G,
BARC_1.01_Gm13_33302559_G_A,ss715615532,Gm13,34514620,A,G,unambiguous:A/G:TOP,G/A,
BARC_1.01_Gm13_33306556_A_G,ss715615534,Gm13,34518617,A,G,unambiguous:A/G:TOP,A/G,
BARC_1.01_Gm13_33471044_G_A,ss715615562,Gm13,34683105,A,G,unambiguous:A/G:TOP,G/A,
BARC_1.01_Gm13_33597361_T_G,ss715615583,Gm13,34809421,T,G,unambiguous:T/G:BOT-design,T/G,
BARC_1.01_Gm13_33637077_T_C,ss715615588,Gm13,34849137,T,C,unambiguous:T/C:BOT-design,T/C,
BARC_1.01_Gm13_33688582_C_T,ss715615590,Gm13,34900662,T,C,unambiguous:T/C:BOT-design,C/T,
BARC_1.01_Gm13_33821100_A_G,ss715615594,Gm13,35033187,A,G,unambiguous:A/G:TOP,A/G,
BARC_1.01_Gm13_34248212_T_G,ss715615623,Gm13,35460371,T,G,unambiguous:T/G:BOT-design,T/G,
BARC_1.01_Gm13_34293335_T_C,ss715615627,Gm13,35505494,T,C,unambiguous:T/C:BOT-design,T/C,
BARC_1.01_Gm13_34360573_G_A,ss715615637,Gm13,35572732,A,G,unambiguous:A/G:TOP,G/A,
BARC_1.01_Gm13_34465720_C_T,ss715615649,Gm13,35677879,T,C,unambiguous:T/C:BOT-design,C/T,
BARC_1.01_Gm13_34518383_G_A,ss715615655,Gm13,35730518,A,G,unambiguous:A/G:TOP,G/A,
BARC_1.01_Gm13_34602307_A_G,ss715615659,Gm13,35814032,A,G,unambiguous:A/G:TOP,A/G,
BARC_1.01_Gm13_34645498_A_G,ss715615664,Gm13,35857223,A,G,unambiguous:A/G:TOP,A/G,
BARC_1.01_Gm13_34703693_G_A,ss715615673,Gm13,35912369,A,G,unambiguous:A/G:TOP,G/A,
BARC_1.01_Gm13_34748233_G_A,ss715615678,Gm13,35956909,A,G,unambiguous:A/G:TOP,G/A,
BARC_1.01_Gm13_34818193_C_T,ss715615689,Gm13,36026888,T,C,unambiguous:T/C:BOT-design,C/T,
BARC_1.01_Gm13_34861415_G_A,ss715615704,Gm13,36070110,A,G,unambiguous:A/G:TOP,G/A,
BARC_1.01_Gm13_34946643_T_C,ss715615720,Gm13,36155338,T,C,unambiguous:T/C:BOT-design,T/C,
BARC_1.01_Gm13_35032818_G_A,ss715615734,Gm13,36241512,A,G,unambiguous:A/G:TOP,G/A,
BARC_1.01_Gm13_35117096_C_T,ss715615744,Gm13,36325666,T,C,unambiguous:T/C:BOT-design,C/T,
BARC_1.01_Gm13_35132593_G_T,ss715615746,Gm13,36341134,T,G,unambiguous:T/G:BOT-design,G/T,
BARC_1.01_Gm13_35171829_A_G,ss715615756,Gm13,36380370,A,G,unambiguous:A/G:TOP,A/G,
BARC_1.01_Gm13_35370448_C_T,ss715615780,Gm13,36512047,T,C,unambiguous:T/C:BOT-design,C/T,
BARC_1.01_Gm13_35515983_A_G,ss715615796,Gm13,36657588,A,G,unambiguous:A/G:TOP,A/G,
BARC_1.01_Gm13_35545045_T_G,ss715615803,Gm13,36686541,T,G,unambiguous:T/G:BOT-design,T/G,
BARC_1.01_Gm13_35592560_T_C,ss715615807,Gm13,36733804,T,C,unambiguous:T/C:BOT-design,T/C,
BARC_1.01_Gm13_35688167_G_T,ss715615814,Gm13,36829408,T,G,unambiguous:T/G:BOT-design,G/T,
BARC_1.01_Gm13_35745175_T_G,ss715615820,Gm13,36886416,T,G,unambiguous:T/G:BOT-design,T/G,
BARC_1.01_Gm13_35823484_A_G,ss715615827,Gm13,36964799,A,G,unambiguous:A/G:TOP,A/G,
BARC_1.01_Gm13_35854636_G_A,ss715615837,Gm13,36995772,A,G,unambiguous:A/G:TOP,G/A,
BARC_1.01_Gm13_35909612_G_A,ss715615853,Gm13,37050736,A,G,unambiguous:A/G:TOP,G/A,
BARC_1.01_Gm13_36031702_T_C,ss715615867,Gm13,37172826,T,C,unambiguous:T/C:BOT-design,T/C,
BARC_1.01_Gm13_36073020_C_A,ss715615876,Gm13,37214144,A,C,unambiguous:A/C:TOP,C/A,
BARC_1.01_Gm13_36224364_G_A,ss715615896,Gm13,37365297,A,G,unambiguous:A/G:TOP,G/A,
BARC_1.01_Gm13_36261107_T_G,ss715615906,Gm13,37402035,T,G,unambiguous:T/G:BOT-design,T/G,
BARC_1.01_Gm13_36316916_C_T,ss715615915,Gm13,37457852,T,C,unambiguous:T/C:BOT-design,C/T,
BARC_1.01_Gm13_36411761_A_G,ss715615941,Gm13,37553062,A,G,unambiguous:A/G:TOP,A/G,
BARC_1.01_Gm13_36499791_T_C,ss715615958,Gm13,37640701,T,C,unambiguous:T/C:BOT-design,T/C,
BARC_1.01_Gm13_36551803_C_T,ss715615965,Gm13,37692711,T,C,unambiguous:T/C:BOT-design,C/T,
BARC_1.01_Gm13_36633721_C_T,ss715615980,Gm13,37774478,T,C,unambiguous:T/C:BOT-design,C/T,
BARC_1.01_Gm13_36716562_G_T,ss715615992,Gm13,37857762,T,G,unambiguous:T/G:BOT-design,G/T,
BARC_1.01_Gm13_36822760_A_C,ss715616001,Gm13,37963961,A,C,unambiguous:A/C:TOP,A/C,
BARC_1.01_Gm13_36886485_G_A,ss715616007,Gm13,38027686,A,G,unambiguous:A/G:TOP,G/A,
BARC_1.01_Gm13_37018225_C_T,ss715616015,Gm13,38159424,T,C,unambiguous:T/C:BOT-design,C/T,
BARC_1.01_Gm13_37144714_T_C,ss715616026,Gm13,38306661,T,C,unambiguous:T/C:BOT-design,T/C,
BARC_1.01_Gm13_37204738_A_G,ss715616029,Gm13,38366685,A,G,unambiguous:A/G:TOP,A/G,
BARC_1.01_Gm13_37254339_T_C,ss715616034,Gm13,38416282,T,C,unambiguous:T/C:BOT-design,T/C,
BARC_1.01_Gm13_37339900_C_T,ss715616040,Gm13,38501835,T,C,unambiguous:T/C:BOT-design,C/T,
BARC_1.01_Gm13_37463730_C_A,ss715616047,Gm13,38634656,A,C,unambiguous:A/C:TOP,C/A,
BARC_1.01_Gm13_37988956_C_T,ss715616068,Gm13,39166425,T,C,unambiguous:T/C:BOT-design,C/T,
BARC_1.01_Gm13_38032737_G_A,ss715616074,Gm13,39210206,A,G,unambiguous:A/G:TOP,G/A,
BARC_1.01_Gm13_38133840_A_C,ss715616085,Gm13,39311323,A,C,unambiguous:A/C:TOP,A/C,
BARC_1.01_Gm13_38249824_T_C,ss715616094,Gm13,39427301,T,C,unambiguous:T/C:BOT-design,T/C,
BARC_1.01_Gm13_38412903_T_G,ss715616114,Gm13,39590255,T,G,unambiguous:T/G:BOT-design,T/G,
BARC_1.01_Gm13_38442998_C_T,ss715616116,Gm13,39620391,T,C,unambiguous:T/C:BOT-design,C/T,
BARC_1.01_Gm13_38492652_C_A,ss715616124,Gm13,39670045,A,C,unambiguous:A/C:TOP,C/A,
BARC_1.01_Gm13_38554316_C_T,ss715616131,Gm13,39731709,T,C,unambiguous:T/C:BOT-design,C/T,
BARC_1.01_Gm13_38620130_A_G,ss715616134,Gm13,39797053,A,G,unambiguous:A/G:TOP,A/G,
BARC_1.01_Gm13_38734719_A_G,ss715616142,Gm13,39911642,A,G,unambiguous:A/G:TOP,A/G,
BARC_1.01_Gm13_38813781_T_C,ss715616146,Gm13,39990704,T,C,unambiguous:T/C:BOT-design,T/C,
BARC_1.01_Gm13_38840706_A_G,ss715616149,Gm13,40017050,A,G,unambiguous:A/G:TOP,A/G,
BARC_1.01_Gm13_38917236_G_A,ss715616158,Gm13,40093680,A,G,unambiguous:A/G:TOP,G/A,
BARC_1.01_Gm13_38988256_T_C,ss715616164,Gm13,40167119,T,C,unambiguous:T/C:BOT-design,T/C,
BARC_1.01_Gm13_39054715_T_C,ss715616173,Gm13,40233656,T,C,unambiguous:T/C:BOT-design,T/C,
BARC_1.01_Gm13_39065528_G_A,ss715616176,Gm13,40244469,A,G,unambiguous:A/G:TOP,G/A,
BARC_1.01_Gm13_39243428_G_T,ss715616191,Gm13,40422362,T,G,unambiguous:T/G:BOT-design,G/T,
BARC_1.01_Gm13_39307253_G_A,ss715616199,Gm13,40486199,A,G,unambiguous:A/G:TOP,G/A,
BARC_1.01_Gm13_39378998_G_A,ss715616205,Gm13,40557947,A,G,unambiguous:A/G:TOP,G/A,
BARC_1.01_Gm13_39417983_T_C,ss715616213,Gm13,40596929,T,C,unambiguous:T/C:BOT-design,T/C,
BARC_1.01_Gm13_39567369_T_C,ss715616227,Gm13,40746317,T,C,unambiguous:T/C:BOT-design,T/C,
BARC_1.01_Gm13_39721684_C_A,ss715616246,Gm13,40900709,A,C,unambiguous:A/C:TOP,C/A,
BARC_1.01_Gm13_39801689_C_T,ss715616262,Gm13,40980791,T,C,unambiguous:T/C:BOT-design,C/T,
BARC_1.01_Gm13_39978113_C_A,ss715616289,Gm13,41157215,A,C,unambiguous:A/C:TOP,C/A,
BARC_1.01_Gm13_40069069_A_G,ss715616294,Gm13,41247800,A,G,unambiguous:A/G:TOP,A/G,
BARC_1.01_Gm13_40114029_C_T,ss715616298,Gm13,41292816,T,C,unambiguous:T/C:BOT-design,C/T,
BARC_1.01_Gm17_3627810_G_A,ss715626909,Gm17,41330682,A,G,unambiguous:A/G:TOP,G/A,
BARC_1.01_Gm17_3709542_G_A,ss715627144,Gm17,41412436,A,G,unambiguous:A/G:TOP,G/A,
BARC_1.01_Gm17_3775685_C_A,ss715627240,Gm17,41478579,A,C,unambiguous:A/C:TOP,C/A,
BARC_1.01_Gm13_40185451_G_A,ss715616302,Gm13,41630848,A,G,unambiguous:A/G:TOP,G/A,
BARC_1.01_Gm13_40244844_T_C,ss715616312,Gm13,41690241,T,C,unambiguous:T/C:BOT-design,T/C,
BARC_1.01_Gm13_40310510_T_C,ss715616316,Gm13,41755907,T,C,unambiguous:T/C:BOT-design,T/C,
BARC_1.01_Gm13_40434294_C_A,ss715616319,Gm13,41879883,A,C,unambiguous:A/C:TOP,C/A,
BARC_1.01_Gm13_40531608_G_A,ss715616324,Gm13,41977201,A,G,unambiguous:A/G:TOP,G/A,
BARC_1.01_Gm13_40582006_A_G,ss715616325,Gm13,42027599,A,G,unambiguous:A/G:TOP,A/G,
BARC_1.01_Gm13_40623113_T_C,ss715616332,Gm13,42068706,T,C,unambiguous:T/C:BOT-design,T/C,
BARC_1.01_Gm13_40665132_A_G,ss715616337,Gm13,42110725,A,G,unambiguous:A/G:TOP,A/G,
BARC_1.01_Gm13_40715679_A_G,ss715616341,Gm13,42161272,A,G,unambiguous:A/G:TOP,A/G,
BARC_1.01_Gm13_40977421_G_A,ss715616358,Gm13,42416671,A,G,unambiguous:A/G:TOP,G/A,
BARC_1.01_Gm13_41057913_C_T,ss715616360,Gm13,42497612,T,C,unambiguous:T/C:BOT-design,C/T,
BARC_1.01_Gm13_41136742_G_A,ss715616365,Gm13,42576441,A,G,unambiguous:A/G:TOP,G/A,
BARC_1.01_Gm13_41210917_T_G,ss715616369,Gm13,42650588,T,G,unambiguous:T/G:BOT-design,T/G,
BARC_1.01_Gm13_41312689_T_C,ss715616380,Gm13,42752378,T,C,unambiguous:T/C:BOT-design,T/C,
BARC_1.01_Gm13_41365742_T_C,ss715616387,Gm13,42805498,T,C,unambiguous:T/C:BOT-design,T/C,
BARC_1.01_Gm13_41424200_T_C,ss715616391,Gm13,42863727,T,C,unambiguous:T/C:BOT-design,T/C,
BARC_1.01_Gm13_41464063_A_C,ss715616396,Gm13,42903598,A,C,unambiguous:A/C:TOP,A/C,
BARC_1.01_Gm13_41662822_A_C,ss715616411,Gm13,43102597,A,C,unambiguous:A/C:TOP,A/C,
BARC_1.01_Gm13_41781095_A_G,ss715616422,Gm13,43220826,A,G,unambiguous:A/G:TOP,A/G,
BARC_1.01_Gm13_41818065_T_C,ss715616425,Gm13,43257796,T,C,unambiguous:T/C:BOT-design,T/C,
BARC_1.01_Gm13_41886328_C_T,ss715616436,Gm13,43326059,T,C,unambiguous:T/C:BOT-design,C/T,
BARC_1.01_Gm13_41931811_T_C,ss715616443,Gm13,43371542,T,C,unambiguous:T/C:BOT-design,T/C,
BARC_1.01_Gm13_42027425_G_T,ss715616452,Gm13,43467121,T,G,unambiguous:T/G:BOT-design,G/T,
BARC_1.01_Gm13_42104768_A_G,ss715616460,Gm13,43544806,A,G,unambiguous:A/G:TOP,A/G,
BARC_1.01_Gm13_42150006_A_G,ss715616465,Gm13,43590044,A,G,unambiguous:A/G:TOP,A/G,
BARC_1.01_Gm13_42192487_T_C,ss715616474,Gm13,43632525,T,C,unambiguous:T/C:BOT-design,T/C,
BARC_1.01_Gm13_42263255_C_T,ss715616480,Gm13,43703293,T,C,unambiguous:T/C:BOT-design,C/T,
BARC_1.01_Gm13_42337548_A_C,ss715616488,Gm13,43777586,A,C,unambiguous:A/C:TOP,A/C,
BARC_1.01_Gm13_42452681_G_A,ss715616493,Gm13,43873457,A,G,unambiguous:A/G:TOP,G/A,
BARC_1.01_Gm13_42537117_G_A,ss715616504,Gm13,43958068,A,G,unambiguous:A/G:TOP,G/A,
BARC_1.01_Gm13_42637507_G_A,ss715616511,Gm13,44058539,A,G,unambiguous:A/G:TOP,G/A,
BARC_1.01_Gm13_42868706_C_T,ss715616530,Gm13,44289742,T,C,unambiguous:T/C:BOT-design,C/T,
BARC_1.01_Gm13_42920565_A_G,ss715616533,Gm13,44344336,A,G,unambiguous:A/G:TOP,A/G,
BARC_1.01_Gm13_42988030_G_A,ss715616541,Gm13,44411801,A,G,unambiguous:A/G:TOP,G/A,
BARC_1.01_Gm13_43105523_G_A,ss715616554,Gm13,44529296,A,G,unambiguous:A/G:TOP,G/A,
BARC_1.01_Gm13_43259421_T_C,ss715616562,Gm13,44683118,T,C,unambiguous:T/C:BOT-design,T/C,
BARC_1.01_Gm13_43349947_T_C,ss715616569,Gm13,44776012,T,C,unambiguous:T/C:BOT-design,T/C,
BARC_1.01_Gm13_43496306_A_G,ss715616574,Gm13,44922405,A,G,unambiguous:A/G:TOP,A/G,
BARC_1.01_Gm13_43641774_C_T,ss715616579,Gm13,45076128,T,C,unambiguous:T/C:BOT-design,C/T,
BARC_1.01_Gm13_43901091_A_G,ss715616593,Gm13,45335445,A,G,unambiguous:A/G:TOP,A/G,
BARC_1.01_Gm13_43988715_T_C,ss715616599,Gm13,45433282,T,C,unambiguous:T/C:BOT-design,T/C,
BARC_1.01_Gm13_44029688_C_T,ss715616603,Gm13,45474276,T,C,unambiguous:T/C:BOT-design,C/T,
BARC_1.01_Gm13_44133085_T_G,ss715616613,Gm13,45577695,T,G,unambiguous:T/G:BOT-design,T/G,
BARC_1.01_Gm13_44227675_G_A,ss715616620,Gm13,45672287,A,G,unambiguous:A/G:TOP,G/A,
BARC_1.01_Gm14_86112_G_A,ss715620021,Gm14,92589,A,G,unambiguous:A/G:TOP,G/A,
BARC_1.01_Gm14_226921_G_A,ss715618049,Gm14,233424,A,G,unambiguous:A/G:TOP,G/A,
BARC_1.01_Gm14_303453_A_C,ss715618252,Gm14,309966,A,C,unambiguous:A/C:TOP,A/C,
BARC_1.01_Gm14_344009_T_C,ss715618431,Gm14,350497,T,C,unambiguous:T/C:BOT-design,T/C,
BARC_1.01_Gm14_387906_T_C,ss715618608,Gm14,394402,T,C,unambiguous:T/C:BOT-design,T/C,
BARC_1.01_Gm14_425198_A_G,ss715618779,Gm14,431691,A,G,unambiguous:A/G:TOP,A/G,
BARC_1.01_Gm14_587754_T_C,ss715619712,Gm14,594215,T,C,unambiguous:T/C:BOT-design,T/C,
BARC_1.01_Gm14_656104_A_G,ss715619784,Gm14,662549,A,G,unambiguous:A/G:TOP,A/G,
BARC_1.01_Gm14_701101_A_C,ss715619832,Gm14,707505,A,C,unambiguous:A/C:TOP,A/C,
BARC_1.01_Gm14_766413_G_A,ss715619908,Gm14,772817,A,G,unambiguous:A/G:TOP,G/A,
BARC_1.01_Gm14_837938_T_C,ss715620008,Gm14,839702,T,C,unambiguous:T/C:BOT-design,T/C,
BARC_1.01_Gm14_879705_C_A,ss715620030,Gm14,881466,A,C,unambiguous:A/C:TOP,C/A,
BARC_1.01_Gm14_923444_G_A,ss715620077,Gm14,925196,A,G,unambiguous:A/G:TOP,G/A,
BARC_1.01_Gm14_992446_C_A,ss715620151,Gm14,994267,A,C,unambiguous:A/C:TOP,C/A,
BARC_1.01_Gm14_1050827_G_A,ss715617408,Gm14,1052631,A,G,unambiguous:A/G:TOP,G/A,
BARC_1.01_Gm14_1167509_A_G,ss715617539,Gm14,1169042,A,G,unambiguous:A/G:TOP,A/G,
BARC_1.01_Gm14_1253814_C_T,ss715617579,Gm14,1255379,T,C,unambiguous:T/C:BOT-design,C/T,
BARC_1.01_Gm14_1340473_G_T,ss715617676,Gm14,1342110,T,G,unambiguous:T/G:BOT-design,G/T,
BARC_1.01_Gm14_1436509_G_A,ss715617776,Gm14,1438206,A,G,unambiguous:A/G:TOP,G/A,
BARC_1.01_Gm14_1495353_T_C,ss715617793,Gm14,1496980,T,C,unambiguous:T/C:BOT-design,T/C,
BARC_1.01_Gm14_1564632_C_T,ss715617814,Gm14,1566268,T,C,unambiguous:T/C:BOT-design,C/T,
BARC_1.01_Gm14_1613564_T_G,ss715617826,Gm14,1615206,T,G,unambiguous:T/G:BOT-design,T/G,
BARC_1.01_Gm14_1657815_T_G,ss715617843,Gm14,1658941,T,G,unambiguous:T/G:BOT-design,T/G,
BARC_1.01_Gm14_1723025_T_C,ss715617863,Gm14,1724237,T,C,unambiguous:T/C:BOT-design,T/C,
BARC_1.01_Gm14_1804116_C_T,ss715617897,Gm14,1805327,T,C,unambiguous:T/C:BOT-design,C/T,
BARC_1.01_Gm14_1879468_A_C,ss715617925,Gm14,1874810,A,C,unambiguous:A/C:TOP,A/C,
BARC_1.01_Gm14_2018487_G_T,ss715617975,Gm14,2013931,T,G,unambiguous:T/G:BOT-design,G/T,
BARC_1.01_Gm14_2061896_T_C,ss715617985,Gm14,2057323,T,C,unambiguous:T/C:BOT-design,T/C,
BARC_1.01_Gm14_2131407_C_T,ss715618003,Gm14,2131853,T,C,unambiguous:T/C:BOT-design,C/T,
BARC_1.01_Gm14_2201279_A_G,ss715618025,Gm14,2201645,A,G,unambiguous:A/G:TOP,A/G,
BARC_1.01_Gm14_2266236_A_G,ss715618048,Gm14,2266551,A,G,unambiguous:A/G:TOP,A/G,
BARC_1.01_Gm14_2311158_G_A,ss715618057,Gm14,2311478,A,G,unambiguous:A/G:TOP,G/A,
BARC_1.01_Gm14_2404878_A_G,ss715618082,Gm14,2405177,A,G,unambiguous:A/G:TOP,A/G,
BARC_1.01_Gm14_2480875_A_C,ss715618096,Gm14,2481174,A,C,unambiguous:A/C:TOP,A/C,
BARC_1.01_Gm14_2523580_A_G,ss715618110,Gm14,2523881,A,G,unambiguous:A/G:TOP,A/G,
BARC_1.01_Gm14_2597934_A_G,ss715618125,Gm14,2598265,A,G,unambiguous:A/G:TOP,A/G,
BARC_1.01_Gm14_2650425_C_T,ss715618130,Gm14,2650759,T,C,unambiguous:T/C:BOT-design,C/T,
BARC_1.01_Gm14_2712470_G_A,ss715618147,Gm14,2712804,A,G,unambiguous:A/G:TOP,G/A,
BARC_1.01_Gm14_2762103_T_C,ss715618161,Gm14,2762413,T,C,unambiguous:T/C:BOT-design,T/C,
BARC_1.01_Gm14_2854797_C_A,ss715618194,Gm14,2854417,A,C,unambiguous:A/C:TOP,C/A,
BARC_1.01_Gm14_2918117_C_T,ss715618211,Gm14,2919862,T,C,unambiguous:T/C:BOT-design,C/T,
BARC_1.01_Gm14_3042771_T_C,ss715618256,Gm14,3044904,T,C,unambiguous:T/C:BOT-design,T/C,
BARC_1.01_Gm14_3092838_C_T,ss715618279,Gm14,3094960,T,C,unambiguous:T/C:BOT-design,C/T,
BARC_1.01_Gm14_3157865_C_A,ss715618305,Gm14,3159986,A,C,unambiguous:A/C:TOP,C/A,
BARC_1.01_Gm14_3328915_A_C,ss715618374,Gm14,3339991,A,C,unambiguous:A/C:TOP,A/C,
BARC_1.01_Gm14_3346328_C_T,ss715618384,Gm14,3357602,T,C,unambiguous:T/C:BOT-design,C/T,
BARC_1.01_Gm14_3420502_A_G,ss715618420,Gm14,3431743,A,G,unambiguous:A/G:TOP,A/G,
BARC_1.01_Gm14_3470438_G_A,ss715618446,Gm14,3481682,A,G,unambiguous:A/G:TOP,G/A,
BARC_1.01_Gm14_3547361_G_A,ss715618480,Gm14,3558566,A,G,unambiguous:A/G:TOP,G/A,
BARC_1.01_Gm14_3648283_C_T,ss715618524,Gm14,3659474,T,C,unambiguous:T/C:BOT-design,C/T,
BARC_1.01_Gm14_3750971_G_A,ss715618556,Gm14,3763434,A,G,unambiguous:A/G:TOP,G/A,
BARC_1.01_Gm14_3779194_T_C,ss715618567,Gm14,3791659,T,C,unambiguous:T/C:BOT-design,T/C,
BARC_1.01_Gm14_3858365_G_T,ss715618597,Gm14,3870912,T,G,unambiguous:T/G:BOT-design,G/T,
BARC_1.01_Gm14_3932543_G_A,ss715618631,Gm14,3945360,A,G,unambiguous:A/G:TOP,G/A,
BARC_1.01_Gm14_4056741_C_T,ss715618685,Gm14,4069652,T,C,unambiguous:T/C:BOT-design,C/T,
BARC_1.01_Gm14_4087624_G_A,ss715618699,Gm14,4100480,A,G,unambiguous:A/G:TOP,G/A,
BARC_1.01_Gm14_4184275_A_G,ss715618747,Gm14,4198004,A,G,unambiguous:A/G:TOP,A/G,
BARC_1.01_Gm14_4264490_T_G,ss715618785,Gm14,4281996,T,G,unambiguous:T/G:BOT-design,T/G,
BARC_1.01_Gm14_4430386_G_T,ss715618907,Gm14,4514257,T,G,unambiguous:T/G:BOT-design,G/T,
BARC_1.01_Gm14_4517748_G_A,ss715619016,Gm14,4602230,A,G,unambiguous:A/G:TOP,G/A,
BARC_1.01_Gm14_4571618_G_A,ss715619054,Gm14,4655885,A,G,unambiguous:A/G:TOP,G/A,
BARC_1.01_Gm14_4644043_T_C,ss715619144,Gm14,4728306,T,C,unambiguous:T/C:BOT-design,T/C,
BARC_1.01_Gm14_4706907_T_C,ss715619242,Gm14,4790688,T,C,unambiguous:T/C:BOT-design,T/C,
BARC_1.01_Gm14_4770786_C_T,ss715619352,Gm14,4856342,T,C,unambiguous:T/C:BOT-design,C/T,
BARC_1.01_Gm14_4811528_C_A,ss715619394,Gm14,4897088,A,C,unambiguous:A/C:TOP,C/A,
BARC_1.01_Gm14_4889916_T_C,ss715619495,Gm14,4974018,T,C,unambiguous:T/C:BOT-design,T/C,
BARC_1.01_Gm14_4956317_G_A,ss715619590,Gm14,5040727,A,G,unambiguous:A/G:TOP,G/A,
BARC_1.01_Gm14_5031070_G_A,ss715619621,Gm14,5115479,A,G,unambiguous:A/G:TOP,G/A,
BARC_1.01_Gm14_5105291_C_T,ss715619634,Gm14,5189720,T,C,unambiguous:T/C:BOT-design,C/T,
BARC_1.01_Gm14_5201549_G_A,ss715619646,Gm14,5312233,A,G,unambiguous:A/G:TOP,G/A,
BARC_1.01_Gm14_5347242_G_A,ss715619662,Gm14,5457926,A,G,unambiguous:A/G:TOP,G/A,
BARC_1.01_Gm14_5418596_A_G,ss715619674,Gm14,5529217,A,G,unambiguous:A/G:TOP,A/G,
BARC_1.01_Gm14_5500948_A_G,ss715619685,Gm14,5611378,A,G,unambiguous:A/G:TOP,A/G,
BARC_1.01_Gm14_5603904_A_G,ss715619693,Gm14,5714996,A,G,unambiguous:A/G:TOP,A/G,
BARC_1.01_Gm14_5655487_G_A,ss715619697,Gm14,5766579,A,G,unambiguous:A/G:TOP,G/A,
BARC_1.01_Gm14_5784050_G_A,ss715619708,Gm14,5895058,A,G,unambiguous:A/G:TOP,G/A,
BARC_1.01_Gm14_5861292_A_C,ss715619711,Gm14,5972322,A,C,unambiguous:A/C:TOP,A/C,
BARC_1.01_Gm14_5908034_T_C,ss715619714,Gm14,6019064,T,C,unambiguous:T/C:BOT-design,T/C,
BARC_1.01_Gm14_6024101_T_C,ss715619721,Gm14,6135158,T,C,unambiguous:T/C:BOT-design,T/C,
BARC_1.01_Gm14_6203160_A_G,ss715619748,Gm14,6314219,A,G,unambiguous:A/G:TOP,A/G,
BARC_1.01_Gm14_6324126_G_A,ss715619755,Gm14,6430577,A,G,unambiguous:A/G:TOP,G/A,
BARC_1.01_Gm14_6448182_T_G,ss715619774,Gm14,6551353,T,G,unambiguous:T/G:BOT-design,T/G,
BARC_1.01_Gm14_6458854_A_G,ss715619776,Gm14,6561966,A,G,unambiguous:A/G:TOP,A/G,
BARC_1.01_Gm14_6514301_C_T,ss715619781,Gm14,6617410,T,C,unambiguous:T/C:BOT-design,C/T,
BARC_1.01_Gm14_6554406_T_C,ss715619783,Gm14,6660199,T,C,unambiguous:T/C:BOT-design,T/C,
BARC_1.01_Gm14_6659109_T_C,ss715619801,Gm14,6769526,T,C,unambiguous:T/C:BOT-design,T/C,
BARC_1.01_Gm14_6770667_T_C,ss715619811,Gm14,6877470,T,C,unambiguous:T/C:BOT-design,T/C,
BARC_1.01_Gm14_6829154_T_C,ss715619813,Gm14,6935957,T,C,unambiguous:T/C:BOT-design,T/C,
BARC_1.01_Gm14_6912739_G_A,ss715619819,Gm14,7019688,A,G,unambiguous:A/G:TOP,G/A,
BARC_1.01_Gm14_6969042_T_C,ss715619829,Gm14,7075973,T,C,unambiguous:T/C:BOT-design,T/C,
BARC_1.01_Gm14_7064274_A_G,ss715619836,Gm14,7172169,A,G,unambiguous:A/G:TOP,A/G,
BARC_1.01_Gm14_7151265_G_A,ss715619849,Gm14,7259161,A,G,unambiguous:A/G:TOP,G/A,
BARC_1.01_Gm14_7195140_G_A,ss715619855,Gm14,7302532,A,G,unambiguous:A/G:TOP,G/A,
BARC_1.01_Gm14_7302299_A_C,ss715619864,Gm14,7409636,A,C,unambiguous:A/C:TOP,A/C,
BARC_1.01_Gm14_7387315_T_G,ss715619875,Gm14,7486458,T,G,unambiguous:T/G:BOT-design,T/G,
BARC_1.01_Gm14_7567627_A_G,ss715619895,Gm14,7672433,A,G,unambiguous:A/G:TOP,A/G,
BARC_1.01_Gm14_7637964_G_A,ss715619905,Gm14,7742573,A,G,unambiguous:A/G:TOP,G/A,
BARC_1.01_Gm14_7690766_A_G,ss715619909,Gm14,7795374,A,G,unambiguous:A/G:TOP,A/G,
BARC_1.01_Gm14_7733148_T_C,ss715619913,Gm14,7837756,T,C,unambiguous:T/C:BOT-design,T/C,
BARC_1.01_Gm14_7778233_G_A,ss715619915,Gm14,7882805,A,G,unambiguous:A/G:TOP,G/A,
BARC_1.01_Gm14_7853431_G_T,ss715619924,Gm14,7957821,T,G,unambiguous:T/G:BOT-design,G/T,
BARC_1.01_Gm14_8288373_T_G,ss715619991,Gm14,8080546,T,G,unambiguous:T/G:BOT-design,T/G,
BARC_1.01_Gm14_8294330_A_G,ss715619993,Gm14,8086503,A,G,unambiguous:A/G:TOP,A/G,
BARC_1.01_Gm14_8527621_A_G,ss715620016,Gm14,8319273,A,G,unambiguous:A/G:TOP,A/G,
BARC_1.01_Gm14_8755748_C_T,ss715620027,Gm14,8547223,T,C,unambiguous:T/C:BOT-design,C/T,
BARC_1.01_Gm14_8918021_T_G,ss715620039,Gm14,8709515,T,G,unambiguous:T/G:BOT-design,T/G,
BARC_1.01_Gm14_9087566_C_A,ss715620053,Gm14,8879534,A,C,unambiguous:A/C:TOP,C/A,
BARC_1.01_Gm14_9141870_T_C,ss715620070,Gm14,8933838,T,C,unambiguous:T/C:BOT-design,T/C,
BARC_1.01_Gm14_9214590_A_G,ss715620076,Gm14,9006836,A,G,unambiguous:A/G:TOP,A/G,
BARC_1.01_Gm14_9258533_G_A,ss715620082,Gm14,9050779,A,G,unambiguous:A/G:TOP,G/A,
BARC_1.01_Gm14_9307586_A_G,ss715620089,Gm14,9099832,A,G,unambiguous:A/G:TOP,A/G,
BARC_1.01_Gm14_9525103_T_C,ss715620109,Gm14,9317739,T,C,unambiguous:T/C:BOT-design,T/C,
BARC_1.01_Gm14_9628707_A_G,ss715620121,Gm14,9421343,A,G,unambiguous:A/G:TOP,A/G,
BARC_1.01_Gm14_9642828_T_C,ss715620123,Gm14,9435464,T,C,unambiguous:T/C:BOT-design,T/C,
BARC_1.01_Gm14_9718302_T_G,ss715620130,Gm14,9510938,T,G,unambiguous:T/G:BOT-design,T/G,
BARC_1.01_Gm14_9803364_T_G,ss715620138,Gm14,9595999,T,G,unambiguous:T/G:BOT-design,T/G,
BARC_1.01_Gm14_9907255_C_T,ss715620149,Gm14,9699675,T,C,unambiguous:T/C:BOT-design,C/T,
BARC_1.01_Gm14_10071491_C_T,ss715617324,Gm14,9863990,T,C,unambiguous:T/C:BOT-design,C/T,
BARC_1.01_Gm14_10197799_A_G,ss715617358,Gm14,9990544,A,G,unambiguous:A/G:TOP,A/G,
BARC_1.01_Gm14_10298490_C_T,ss715617369,Gm14,10091235,T,C,unambiguous:T/C:BOT-design,C/T,
BARC_1.01_Gm14_10360733_C_T,ss715617382,Gm14,10153478,T,C,unambiguous:T/C:BOT-design,C/T,
BARC_1.01_Gm14_10409229_T_G,ss715617388,Gm14,10201982,T,G,unambiguous:T/G:BOT-design,T/G,
BARC_1.01_Gm14_10477535_C_T,ss715617397,Gm14,10270279,T,C,unambiguous:T/C:BOT-design,C/T,
BARC_1.01_Gm14_10517826_C_T,ss715617409,Gm14,10310570,T,C,unambiguous:T/C:BOT-design,C/T,
BARC_1.01_Gm14_10575538_G_A,ss715617422,Gm14,10367765,A,G,unambiguous:A/G:TOP,G/A,
BARC_1.01_Gm14_10704639_A_G,ss715617463,Gm14,10496865,A,G,unambiguous:A/G:TOP,A/G,
BARC_1.01_Gm14_12224854_G_A,ss715617565,Gm14,12017581,A,G,unambiguous:A/G:TOP,G/A,
BARC_1.01_Gm14_12712102_T_C,ss715617605,Gm14,12515770,T,C,unambiguous:T/C:BOT-design,T/C,
BARC_1.01_Gm14_12850710_T_C,ss715617623,Gm14,12654401,T,C,unambiguous:T/C:BOT-design,T/C,
BARC_1.01_Gm14_12979262_C_T,ss715617635,Gm14,12783055,T,C,unambiguous:T/C:BOT-design,C/T,
BARC_1.01_Gm14_13067535_C_T,ss715617636,Gm14,12871325,T,C,unambiguous:T/C:BOT-design,C/T,
BARC_1.01_Gm14_13119138_G_A,ss715617641,Gm14,12922929,A,G,unambiguous:A/G:TOP,G/A,
BARC_1.01_Gm14_13290049_C_T,ss715617664,Gm14,13092389,T,C,unambiguous:T/C:BOT-design,C/T,
BARC_1.01_Gm14_13337916_T_C,ss715617671,Gm14,13139864,T,C,unambiguous:T/C:BOT-design,T/C,
BARC_1.01_Gm14_13510414_A_G,ss715617684,Gm14,13312001,A,G,unambiguous:A/G:TOP,A/G,
BARC_1.01_Gm14_13557173_C_A,ss715617697,Gm14,13358759,A,C,unambiguous:A/C:TOP,C/A,
BARC_1.01_Gm14_13602389_A_G,ss715617714,Gm14,13403975,A,G,unambiguous:A/G:TOP,A/G,
BARC_1.01_Gm14_13614066_T_G,ss715617718,Gm14,13415652,T,G,unambiguous:T/G:BOT-design,T/G,
BARC_1.01_Gm14_13789185_A_G,ss715617742,Gm14,13590759,A,G,unambiguous:A/G:TOP,A/G,
BARC_1.01_Gm14_13832688_T_C,ss715617744,Gm14,13634262,T,C,unambiguous:T/C:BOT-design,T/C,
BARC_1.01_Gm14_15024594_A_G,ss715617794,Gm14,14819009,A,G,unambiguous:A/G:TOP,A/G,
BARC_1.01_Gm14_32629667_A_C,ss715618348,Gm14,15779318,A,C,unambiguous:A/C:TOP,A/C,
BARC_1.01_Gm14_32943443_C_T,ss715618359,Gm14,16115896,T,C,unambiguous:T/C:BOT-design,C/T,
BARC_1.01_Gm14_33918871_C_T,ss715618410,Gm14,17099998,T,C,unambiguous:T/C:BOT-design,C/T,
BARC_1.01_Gm14_34265654_T_C,ss715618424,Gm14,17442487,T,C,unambiguous:T/C:BOT-design,T/C,
BARC_1.01_Gm14_35678375_G_A,ss715618489,Gm14,18849056,A,G,unambiguous:A/G:TOP,G/A,
BARC_1.01_Gm14_15964707_T_G,ss715617822,Gm14,20110020,T,G,unambiguous:T/G:BOT-design,T/G,
BARC_1.01_Gm14_16445005_T_C,ss715617840,Gm14,20582545,T,C,unambiguous:T/C:BOT-design,T/C,
BARC_1.01_Gm14_17569578_A_G,ss715617880,Gm14,21700497,A,G,unambiguous:A/G:TOP,A/G,
BARC_1.01_Gm14_18337519_T_C,ss715617908,Gm14,22468377,T,C,unambiguous:T/C:BOT-design,T/C,
BARC_1.01_Gm14_18515404_A_G,ss715617914,Gm14,22645728,A,G,unambiguous:A/G:TOP,A/G,
BARC_1.01_Gm14_18927676_T_C,ss715617929,Gm14,23057134,T,C,unambiguous:T/C:BOT-design,T/C,
BARC_1.01_Gm14_19030405_G_A,ss715617932,Gm14,23160034,A,G,unambiguous:A/G:TOP,G/A,
BARC_1.01_Gm14_19103544_T_C,ss715617935,Gm14,23233125,T,C,unambiguous:T/C:BOT-design,T/C,
BARC_1.01_Gm14_19164288_T_C,ss715617940,Gm14,23293973,T,C,unambiguous:T/C:BOT-design,T/C,
BARC_1.01_Gm14_19373649_A_G,ss715617948,Gm14,23503557,A,G,unambiguous:A/G:TOP,A/G,
BARC_1.01_Gm14_20045677_A_G,ss715617971,Gm14,24192109,A,G,unambiguous:A/G:TOP,A/G,
BARC_1.01_Gm14_20439583_C_A,ss715617978,Gm14,24590270,A,C,unambiguous:A/C:TOP,C/A,
BARC_1.01_Gm14_20914356_G_T,ss715617993,Gm14,25070555,T,G,unambiguous:T/G:BOT-design,G/T,
BARC_1.01_Gm14_21921074_T_C,ss715618023,Gm14,26059250,T,C,unambiguous:T/C:BOT-design,T/C,
BARC_1.01_Gm14_22224138_A_G,ss715618034,Gm14,26354793,A,G,unambiguous:A/G:TOP,A/G,
BARC_1.01_Gm14_23701369_G_A,ss715618074,Gm14,27817812,A,G,unambiguous:A/G:TOP,G/A,
BARC_1.01_Gm14_24016030_A_C,ss715618081,Gm14,28132962,A,C,unambiguous:A/C:TOP,A/C,
BARC_1.01_Gm14_26132219_T_C,ss715618127,Gm14,30261953,T,C,unambiguous:T/C:BOT-design,T/C,
BARC_1.01_Gm14_27173073_C_T,ss715618151,Gm14,31326567,T,C,unambiguous:T/C:BOT-design,C/T,
BARC_1.01_Gm14_27809405_T_G,ss715618168,Gm14,31978272,T,G,unambiguous:T/G:BOT-design,T/G,
BARC_1.01_Gm14_27937142_C_T,ss715618171,Gm14,32105943,T,C,unambiguous:T/C:BOT-design,C/T,
BARC_1.01_Gm14_28004374_T_C,ss715618174,Gm14,32173175,T,C,unambiguous:T/C:BOT-design,T/C,
BARC_1.01_Gm14_28158698_T_C,ss715618180,Gm14,32327489,T,C,unambiguous:T/C:BOT-design,T/C,
BARC_1.01_Gm14_28262597_T_C,ss715618183,Gm14,32431527,T,C,unambiguous:T/C:BOT-design,T/C,
BARC_1.01_Gm14_28361034_A_G,ss715618189,Gm14,32529543,A,G,unambiguous:A/G:TOP,A/G,
BARC_1.01_Gm14_28765706_T_C,ss715618200,Gm14,32941547,T,C,unambiguous:T/C:BOT-design,T/C,
BARC_1.01_Gm14_29010578_T_C,ss715618206,Gm14,33186558,T,C,unambiguous:T/C:BOT-design,T/C,
BARC_1.01_Gm14_29084638_T_C,ss715618209,Gm14,33260592,T,C,unambiguous:T/C:BOT-design,T/C,
BARC_1.01_Gm14_29299107_A_G,ss715618215,Gm14,33475314,A,G,unambiguous:A/G:TOP,A/G,
BARC_1.01_Gm14_29397454_A_C,ss715618217,Gm14,33571207,A,C,unambiguous:A/C:TOP,A/C,
BARC_1.01_Gm14_29499620_A_G,ss715618221,Gm14,33671032,A,G,unambiguous:A/G:TOP,A/G,
BARC_1.01_Gm14_29646611_T_C,ss715618229,Gm14,33818956,T,C,unambiguous:T/C:BOT-design,T/C,
BARC_1.01_Gm14_29946562_T_G,ss715618238,Gm14,34129436,T,G,unambiguous:T/G:BOT-design,T/G,
BARC_1.01_Gm14_30024382_T_C,ss715618240,Gm14,34212172,T,C,unambiguous:T/C:BOT-design,T/C,
BARC_1.01_Gm14_30760829_T_C,ss715618272,Gm14,34945350,T,C,unambiguous:T/C:BOT-design,T/C,
BARC_1.01_Gm14_31348204_T_C,ss715618295,Gm14,35546575,T,C,unambiguous:T/C:BOT-design,T/C,
BARC_1.01_Gm14_31829614_G_T,ss715618316,Gm14,36022086,T,G,unambiguous:T/G:BOT-design,G/T,
BARC_1.01_Gm14_37234273_G_A,ss715618545,Gm14,36485408,A,G,unambiguous:A/G:TOP,G/A,
BARC_1.01_Gm14_37444310_C_T,ss715618552,Gm14,36695550,T,C,unambiguous:T/C:BOT-design,C/T,
BARC_1.01_Gm14_37946546_G_T,ss715618574,Gm14,37236716,T,G,unambiguous:T/G:BOT-design,G/T,
BARC_1.01_Gm14_38660623_T_C,ss715618600,Gm14,37956056,T,C,unambiguous:T/C:BOT-design,T/C,
BARC_1.01_Gm14_39336505_C_T,ss715618633,Gm14,38633203,T,C,unambiguous:T/C:BOT-design,C/T,
BARC_1.01_Gm14_39838365_A_C,ss715618656,Gm14,39119904,A,C,unambiguous:A/C:TOP,A/C,
BARC_1.01_Gm14_40852336_C_T,ss715618698,Gm14,40114946,T,C,unambiguous:T/C:BOT-design,C/T,
BARC_1.01_Gm14_40986359_T_C,ss715618705,Gm14,40258704,T,C,unambiguous:T/C:BOT-design,T/C,
BARC_1.01_Gm14_41187024_T_C,ss715618716,Gm14,40459238,T,C,unambiguous:T/C:BOT-design,T/C,
BARC_1.01_Gm14_41251974_T_C,ss715618720,Gm14,40524189,T,C,unambiguous:T/C:BOT-design,T/C,
BARC_1.01_Gm14_41448441_G_A,ss715618728,Gm14,40721874,A,G,unambiguous:A/G:TOP,G/A,
BARC_1.01_Gm14_41890154_T_C,ss715618752,Gm14,41162037,T,C,unambiguous:T/C:BOT-design,T/C,
BARC_1.01_Gm14_42083933_T_C,ss715618762,Gm14,41355841,T,C,unambiguous:T/C:BOT-design,T/C,
BARC_1.01_Gm14_42703536_T_G,ss715618789,Gm14,41972229,T,G,unambiguous:T/G:BOT-design,T/G,
BARC_1.01_Gm14_42974017_G_A,ss715618795,Gm14,42248603,A,G,unambiguous:A/G:TOP,G/A,
BARC_1.01_Gm14_43053930_A_G,ss715618801,Gm14,42323834,A,G,unambiguous:A/G:TOP,A/G,
BARC_1.01_Gm14_43139188_A_G,ss715618807,Gm14,42409093,A,G,unambiguous:A/G:TOP,A/G,
BARC_1.01_Gm14_43270248_C_T,ss715618811,Gm14,42540527,T,C,unambiguous:T/C:BOT-design,C/T,
BARC_1.01_Gm14_43348217_C_T,ss715618815,Gm14,42618496,T,C,unambiguous:T/C:BOT-design,C/T,
BARC_1.01_Gm14_43417417_T_C,ss715618818,Gm14,42687702,T,C,unambiguous:T/C:BOT-design,T/C,
BARC_1.01_Gm14_43744309_A_G,ss715618837,Gm14,43013299,A,G,unambiguous:A/G:TOP,A/G,
BARC_1.01_Gm14_43888915_C_T,ss715618874,Gm14,43162328,T,C,unambiguous:T/C:BOT-design,C/T,
BARC_1.01_Gm14_44146640_T_C,ss715618886,Gm14,43412535,T,C,unambiguous:T/C:BOT-design,T/C,
BARC_1.01_Gm14_44193109_G_A,ss715618894,Gm14,43457807,A,G,unambiguous:A/G:TOP,G/A,
BARC_1.01_Gm14_44393026_T_C,ss715618926,Gm14,43657351,T,C,unambiguous:T/C:BOT-design,T/C,
BARC_1.01_Gm14_44410612_T_C,ss715618928,Gm14,43674922,T,C,unambiguous:T/C:BOT-design,T/C,
BARC_1.01_Gm14_44495960_G_A,ss715618936,Gm14,43763886,A,G,unambiguous:A/G:TOP,G/A,
BARC_1.01_Gm14_44545755_T_C,ss715618942,Gm14,43813726,T,C,unambiguous:T/C:BOT-design,T/C,
BARC_1.01_Gm14_44692351_T_C,ss715618956,Gm14,43967770,T,C,unambiguous:T/C:BOT-design,T/C,
BARC_1.01_Gm14_44697544_T_C,ss715618957,Gm14,43972963,T,C,unambiguous:T/C:BOT-design,T/C,
BARC_1.01_Gm14_44899572_G_T,ss715618987,Gm14,44184465,T,G,unambiguous:T/G:BOT-design,G/T,
BARC_1.01_Gm14_44977165_C_T,ss715618992,Gm14,44255136,T,C,unambiguous:T/C:BOT-design,C/T,
BARC_1.01_Gm14_45138908_T_G,ss715619006,Gm14,44417018,T,G,unambiguous:T/G:BOT-design,T/G,
BARC_1.01_Gm14_45186718_A_G,ss715619019,Gm14,44464828,A,G,unambiguous:A/G:TOP,A/G,
BARC_1.01_Gm14_45234122_T_C,ss715619022,Gm14,44512232,T,C,unambiguous:T/C:BOT-design,T/C,
BARC_1.01_Gm14_45457682_A_G,ss715619034,Gm14,44735794,A,G,unambiguous:A/G:TOP,A/G,
BARC_1.01_Gm14_45637666_A_G,ss715619045,Gm14,44916140,A,G,unambiguous:A/G:TOP,A/G,
BARC_1.01_Gm14_45901019_T_C,ss715619068,Gm14,45179507,T,C,unambiguous:T/C:BOT-design,T/C,
BARC_1.01_Gm14_45959459_G_A,ss715619078,Gm14,45237947,A,G,unambiguous:A/G:TOP,G/A,
BARC_1.01_Gm14_46106800_T_C,ss715619099,Gm14,45385315,T,C,unambiguous:T/C:BOT-design,T/C,
BARC_1.01_Gm14_46154177_G_T,ss715619104,Gm14,45432692,T,G,unambiguous:T/G:BOT-design,G/T,
BARC_1.01_Gm14_46205549_C_T,ss715619106,Gm14,45484095,T,C,unambiguous:T/C:BOT-design,C/T,
BARC_1.01_Gm14_46247903_A_G,ss715619116,Gm14,45526449,A,G,unambiguous:A/G:TOP,A/G,
BARC_1.01_Gm14_46289371_C_T,ss715619121,Gm14,45567917,T,C,unambiguous:T/C:BOT-design,C/T,
BARC_1.01_Gm14_46335410_A_G,ss715619126,Gm14,45613956,A,G,unambiguous:A/G:TOP,A/G,
BARC_1.01_Gm14_46392454_G_T,ss715619134,Gm14,45681453,T,G,unambiguous:T/G:BOT-design,G/T,
BARC_1.01_Gm14_46513248_G_A,ss715619151,Gm14,45801155,A,G,unambiguous:A/G:TOP,G/A,
BARC_1.01_Gm14_46557629_T_G,ss715619162,Gm14,45845534,T,G,unambiguous:T/G:BOT-design,T/G,
BARC_1.01_Gm14_46635262_T_C,ss715619175,Gm14,45923165,T,C,unambiguous:T/C:BOT-design,T/C,
BARC_1.01_Gm14_46703244_T_C,ss715619181,Gm14,45991145,T,C,unambiguous:T/C:BOT-design,T/C,
BARC_1.01_Gm14_46760676_C_T,ss715619188,Gm14,46049691,T,C,unambiguous:T/C:BOT-design,C/T,
BARC_1.01_Gm14_46845195_C_T,ss715619194,Gm14,46134214,T,C,unambiguous:T/C:BOT-design,C/T,
BARC_1.01_Gm14_46898740_A_C,ss715619203,Gm14,46187759,A,C,unambiguous:A/C:TOP,A/C,
BARC_1.01_Gm14_46968410_T_G,ss715619215,Gm14,46266427,T,G,unambiguous:T/G:BOT-design,T/G,
BARC_1.01_Gm14_47013062_G_A,ss715619224,Gm14,46306480,A,G,unambiguous:A/G:TOP,G/A,
BARC_1.01_Gm14_47081002_T_C,ss715619245,Gm14,46375456,T,C,unambiguous:T/C:BOT-design,T/C,
BARC_1.01_Gm14_47178286_A_G,ss715619261,Gm14,46469727,A,G,unambiguous:A/G:TOP,A/G,
BARC_1.01_Gm14_47299310_T_C,ss715619276,Gm14,46588335,T,C,unambiguous:T/C:BOT-design,T/C,
BARC_1.01_Gm14_47354923_T_C,ss715619288,Gm14,46675129,T,C,unambiguous:T/C:BOT-design,T/C,
BARC_1.01_Gm14_47418167_T_C,ss715619301,Gm14,46738490,T,C,unambiguous:T/C:BOT-design,T/C,
BARC_1.01_Gm14_47475993_G_A,ss715619313,Gm14,46796309,A,G,unambiguous:A/G:TOP,G/A,
BARC_1.01_Gm14_47565830_C_T,ss715619332,Gm14,46886467,T,C,unambiguous:T/C:BOT-design,C/T,
BARC_1.01_Gm14_47636308_T_G,ss715619342,Gm14,46956963,T,G,unambiguous:T/G:BOT-design,T/G,
BARC_1.01_Gm14_47643269_A_G,ss715619343,Gm14,46963924,A,G,unambiguous:A/G:TOP,A/G,
BARC_1.01_Gm14_47744620_G_A,ss715619356,Gm14,47065318,A,G,unambiguous:A/G:TOP,G/A,
BARC_1.01_Gm14_47895113_G_A,ss715619377,Gm14,47215997,A,G,unambiguous:A/G:TOP,G/A,
BARC_1.01_Gm14_47991114_C_A,ss715619379,Gm14,47308561,A,C,unambiguous:A/C:TOP,C/A,
BARC_1.01_Gm14_48026115_C_T,ss715619385,Gm14,47343562,T,C,unambiguous:T/C:BOT-design,C/T,
BARC_1.01_Gm14_48089424_A_G,ss715619392,Gm14,47407200,A,G,unambiguous:A/G:TOP,A/G,
BARC_1.01_Gm14_48129511_T_C,ss715619397,Gm14,47447267,T,C,unambiguous:T/C:BOT-design,T/C,
BARC_1.01_Gm14_48219705_C_T,ss715619409,Gm14,47538042,T,C,unambiguous:T/C:BOT-design,C/T,
BARC_1.01_Gm14_48312276_T_G,ss715619422,Gm14,47630622,T,G,unambiguous:T/G:BOT-design,T/G,
BARC_1.01_Gm14_48425707_A_G,ss715619435,Gm14,47744626,A,G,unambiguous:A/G:TOP,A/G,
BARC_1.01_Gm14_48467415_C_T,ss715619441,Gm14,47786334,T,C,unambiguous:T/C:BOT-design,C/T,
BARC_1.01_Gm14_48535790_T_C,ss715619453,Gm14,47854709,T,C,unambiguous:T/C:BOT-design,T/C,
BARC_1.01_Gm14_48656000_T_C,ss715619466,Gm14,47974934,T,C,unambiguous:T/C:BOT-design,T/C,
BARC_1.01_Gm14_48703687_T_G,ss715619471,Gm14,48022636,T,G,unambiguous:T/G:BOT-design,T/G,
BARC_1.01_Gm14_49680135_A_G,ss715619606,Gm14,48089122,A,G,unambiguous:A/G:TOP,A/G,
BARC_1.01_Gm14_49636532_G_A,ss715619600,Gm14,48132742,A,G,unambiguous:A/G:TOP,G/A,
BARC_1.01_Gm14_49564304_T_C,ss715619591,Gm14,48204970,T,C,unambiguous:T/C:BOT-design,T/C,
BARC_1.01_Gm14_49503348_C_A,ss715619586,Gm14,48265926,A,C,unambiguous:A/C:TOP,C/A,
BARC_1.01_Gm14_49357738_A_G,ss715619566,Gm14,48411573,A,G,unambiguous:A/G:TOP,A/G,
BARC_1.01_Gm14_49284936_G_A,ss715619553,Gm14,48484375,A,G,unambiguous:A/G:TOP,G/A,
BARC_1.01_Gm14_49199294_C_A,ss715619538,Gm14,48570017,A,C,unambiguous:A/C:TOP,C/A,
BARC_1.01_Gm14_49107190_G_A,ss715619529,Gm14,48662141,A,G,unambiguous:A/G:TOP,G/A,
BARC_1.01_Gm14_49007522_C_A,ss715619513,Gm14,48761814,A,C,unambiguous:A/C:TOP,C/A,
BARC_1.01_Gm14_48836596_G_A,ss715619486,Gm14,48932740,A,G,unambiguous:A/G:TOP,G/A,
BARC_1.01_Gm15_171456_A_G,ss715621112,Gm15,171892,A,G,unambiguous:A/G:TOP,A/G,
BARC_1.01_Gm15_193939_A_G,ss715621196,Gm15,194375,A,G,unambiguous:A/G:TOP,A/G,
BARC_1.01_Gm15_511387_T_C,ss715622818,Gm15,511864,T,C,unambiguous:T/C:BOT-design,T/C,
BARC_1.01_Gm15_630331_G_A,ss715622903,Gm15,629908,A,G,unambiguous:A/G:TOP,G/A,
BARC_1.01_Gm15_741627_C_A,ss715623019,Gm15,741109,A,C,unambiguous:A/C:TOP,C/A,
BARC_1.01_Gm15_756303_T_C,ss715623035,Gm15,755785,T,C,unambiguous:T/C:BOT-design,T/C,
BARC_1.01_Gm15_872867_T_G,ss715623163,Gm15,872351,T,G,unambiguous:T/G:BOT-design,T/G,
BARC_1.01_Gm15_948412_T_C,ss715623257,Gm15,947896,T,C,unambiguous:T/C:BOT-design,T/C,
BARC_1.01_Gm15_1007132_A_C,ss715620179,Gm15,1006618,A,C,unambiguous:A/C:TOP,A/C,
BARC_1.01_Gm15_1128092_G_A,ss715620312,Gm15,1127368,A,G,unambiguous:A/G:TOP,G/A,
BARC_1.01_Gm15_1209819_T_C,ss715620396,Gm15,1209090,T,C,unambiguous:T/C:BOT-design,T/C,
BARC_1.01_Gm15_1265753_C_T,ss715620467,Gm15,1265085,T,C,unambiguous:T/C:BOT-design,C/T,
BARC_1.01_Gm15_1349135_T_C,ss715620606,Gm15,1348467,T,C,unambiguous:T/C:BOT-design,T/C,
BARC_1.01_Gm15_1463586_T_C,ss715620812,Gm15,1463063,T,C,unambiguous:T/C:BOT-design,T/C,
BARC_1.01_Gm15_1491376_A_G,ss715620864,Gm15,1490854,A,G,unambiguous:A/G:TOP,A/G,
BARC_1.01_Gm15_1618820_C_T,ss715621069,Gm15,1619078,T,C,unambiguous:T/C:BOT-design,C/T,
BARC_1.01_Gm15_1842053_G_T,ss715621159,Gm15,1842060,T,G,unambiguous:T/G:BOT-design,G/T,
BARC_1.01_Gm15_1910769_G_A,ss715621183,Gm15,1910780,A,G,unambiguous:A/G:TOP,G/A,
BARC_1.01_Gm15_1940841_T_G,ss715621197,Gm15,1940853,T,G,unambiguous:T/G:BOT-design,T/G,
BARC_1.01_Gm15_1969687_A_G,ss715621208,Gm15,1969699,A,G,unambiguous:A/G:TOP,A/G,
BARC_1.01_Gm15_2021199_T_C,ss715621227,Gm15,2021213,T,C,unambiguous:T/C:BOT-design,T/C,
BARC_1.01_Gm15_2072075_A_G,ss715621242,Gm15,2072091,A,G,unambiguous:A/G:TOP,A/G,
BARC_1.01_Gm15_2198097_A_G,ss715621290,Gm15,2198120,A,G,unambiguous:A/G:TOP,A/G,
BARC_1.01_Gm15_2241545_A_G,ss715621301,Gm15,2241568,A,G,unambiguous:A/G:TOP,A/G,
BARC_1.01_Gm15_2331023_A_G,ss715621329,Gm15,2331047,A,G,unambiguous:A/G:TOP,A/G,
BARC_1.01_Gm15_2391075_G_A,ss715621354,Gm15,2391057,A,G,unambiguous:A/G:TOP,G/A,
BARC_1.01_Gm15_2436159_T_C,ss715621368,Gm15,2436274,T,C,unambiguous:T/C:BOT-design,T/C,
BARC_1.01_Gm15_2486485_A_G,ss715621383,Gm15,2486600,A,G,unambiguous:A/G:TOP,A/G,
BARC_1.01_Gm15_2565153_C_T,ss715621402,Gm15,2565284,T,C,unambiguous:T/C:BOT-design,C/T,
BARC_1.01_Gm15_2624165_G_T,ss715621420,Gm15,2624296,T,G,unambiguous:T/G:BOT-design,G/T,
BARC_1.01_Gm15_2729636_A_C,ss715621452,Gm15,2729517,A,C,unambiguous:A/C:TOP,A/C,
BARC_1.01_Gm15_2781077_T_C,ss715621466,Gm15,2780998,T,C,unambiguous:T/C:BOT-design,T/C,
BARC_1.01_Gm15_2877025_A_C,ss715621495,Gm15,2876946,A,C,unambiguous:A/C:TOP,A/C,
BARC_1.01_Gm15_2972064_T_G,ss715621515,Gm15,2973230,T,G,unambiguous:T/G:BOT-design,T/G,
BARC_1.01_Gm15_3050845_G_T,ss715621545,Gm15,3050698,T,G,unambiguous:T/G:BOT-design,G/T,
BARC_1.01_Gm15_3160423_T_G,ss715621582,Gm15,3169943,T,G,unambiguous:T/G:BOT-design,T/G,
BARC_1.01_Gm15_3281983_G_A,ss715621612,Gm15,3291460,A,G,unambiguous:A/G:TOP,G/A,
BARC_1.01_Gm15_3334810_G_T,ss715621633,Gm15,3344528,T,G,unambiguous:T/G:BOT-design,G/T,
BARC_1.01_Gm15_3468596_G_T,ss715621669,Gm15,3488148,T,G,unambiguous:T/G:BOT-design,G/T,
BARC_1.01_Gm15_3573558_A_G,ss715621698,Gm15,3591774,A,G,unambiguous:A/G:TOP,A/G,
BARC_1.01_Gm15_3621773_C_T,ss715621715,Gm15,3639988,T,C,unambiguous:T/C:BOT-design,C/T,
BARC_1.01_Gm15_3727108_G_A,ss715621748,Gm15,3745323,A,G,unambiguous:A/G:TOP,G/A,
BARC_1.01_Gm15_3845971_T_C,ss715621781,Gm15,3863922,T,C,unambiguous:T/C:BOT-design,T/C,
BARC_1.01_Gm15_3967324_A_G,ss715621816,Gm15,3985288,A,G,unambiguous:A/G:TOP,A/G,
BARC_1.01_Gm15_4114622_T_C,ss715621859,Gm15,4133547,T,C,unambiguous:T/C:BOT-design,T/C,
BARC_1.01_Gm15_4200936_A_G,ss715621884,Gm15,4219855,A,G,unambiguous:A/G:TOP,A/G,
BARC_1.01_Gm15_4264903_C_T,ss715621908,Gm15,4283809,T,C,unambiguous:T/C:BOT-design,C/T,
BARC_1.01_Gm15_4315169_T_C,ss715621926,Gm15,4334070,T,C,unambiguous:T/C:BOT-design,T/C,
BARC_1.01_Gm15_4406751_T_C,ss715621953,Gm15,4425676,T,C,unambiguous:T/C:BOT-design,T/C,
BARC_1.01_Gm15_4456903_G_A,ss715621969,Gm15,4475844,A,G,unambiguous:A/G:TOP,G/A,
BARC_1.01_Gm15_4522374_C_A,ss715622010,Gm15,4541338,A,C,unambiguous:A/C:TOP,C/A,
BARC_1.01_Gm15_4613500_G_A,ss715622091,Gm15,4632878,A,G,unambiguous:A/G:TOP,G/A,
BARC_1.01_Gm15_4751337_G_A,ss715622332,Gm15,4770814,A,G,unambiguous:A/G:TOP,G/A,
BARC_1.01_Gm15_4911708_G_T,ss715622572,Gm15,4931211,T,G,unambiguous:T/G:BOT-design,G/T,
BARC_1.01_Gm15_4973977_T_C,ss715622653,Gm15,4991877,T,C,unambiguous:T/C:BOT-design,T/C,
BARC_1.01_Gm15_5097389_T_C,ss715622817,Gm15,5116201,T,C,unambiguous:T/C:BOT-design,T/C,
BARC_1.01_Gm15_5203685_C_T,ss715622827,Gm15,5222329,T,C,unambiguous:T/C:BOT-design,C/T,
BARC_1.01_Gm15_5312718_C_T,ss715622832,Gm15,5331364,T,C,unambiguous:T/C:BOT-design,C/T,
BARC_1.01_Gm15_5363077_C_T,ss715622835,Gm15,5381724,T,C,unambiguous:T/C:BOT-design,C/T,
BARC_1.01_Gm15_5438610_G_A,ss715622838,Gm15,5457236,A,G,unambiguous:A/G:TOP,G/A,
BARC_1.01_Gm15_5522858_T_C,ss715622843,Gm15,5541487,T,C,unambiguous:T/C:BOT-design,T/C,
BARC_1.01_Gm15_5638918_T_G,ss715622847,Gm15,5657544,T,G,unambiguous:T/G:BOT-design,T/G,
BARC_1.01_Gm15_5725962_A_G,ss715622856,Gm15,5744619,A,G,unambiguous:A/G:TOP,A/G,
BARC_1.01_Gm15_5793738_A_G,ss715622861,Gm15,5812395,A,G,unambiguous:A/G:TOP,A/G,
BARC_1.01_Gm15_5897409_G_A,ss715622869,Gm15,5916445,A,G,unambiguous:A/G:TOP,G/A,
BARC_1.01_Gm15_5924951_A_G,ss715622873,Gm15,5943987,A,G,unambiguous:A/G:TOP,A/G,
BARC_1.01_Gm15_6047557_T_C,ss715622880,Gm15,6066642,T,C,unambiguous:T/C:BOT-design,T/C,
BARC_1.01_Gm15_6066709_C_A,ss715622885,Gm15,6085794,A,C,unambiguous:A/C:TOP,C/A,
BARC_1.01_Gm15_6272006_T_C,ss715622900,Gm15,6291081,T,C,unambiguous:T/C:BOT-design,T/C,
BARC_1.01_Gm15_6348054_G_T,ss715622907,Gm15,6367165,T,G,unambiguous:T/G:BOT-design,G/T,
BARC_1.01_Gm15_6415122_A_G,ss715622912,Gm15,6434233,A,G,unambiguous:A/G:TOP,A/G,
BARC_1.01_Gm15_6472674_C_T,ss715622920,Gm15,6491950,T,C,unambiguous:T/C:BOT-design,C/T,
BARC_1.01_Gm15_6550454_G_A,ss715622923,Gm15,6569730,A,G,unambiguous:A/G:TOP,G/A,
BARC_1.01_Gm15_6646246_C_T,ss715622929,Gm15,6665524,T,C,unambiguous:T/C:BOT-design,C/T,
BARC_1.01_Gm15_6674572_A_C,ss715622935,Gm15,6693850,A,C,unambiguous:A/C:TOP,A/C,
BARC_1.01_Gm15_6772445_G_A,ss715622944,Gm15,6790840,A,G,unambiguous:A/G:TOP,G/A,
BARC_1.01_Gm15_6823009_G_T,ss715622951,Gm15,6841404,T,G,unambiguous:T/G:BOT-design,G/T,
BARC_1.01_Gm15_6925513_T_C,ss715622965,Gm15,6939367,T,C,unambiguous:T/C:BOT-design,T/C,
BARC_1.01_Gm15_6987567_A_G,ss715622970,Gm15,7001422,A,G,unambiguous:A/G:TOP,A/G,
BARC_1.01_Gm15_7023081_G_A,ss715622973,Gm15,7036937,A,G,unambiguous:A/G:TOP,G/A,
BARC_1.01_Gm15_7080649_A_C,ss715622988,Gm15,7094505,A,C,unambiguous:A/C:TOP,A/C,
BARC_1.01_Gm15_7147226_G_A,ss715623000,Gm15,7161083,A,G,unambiguous:A/G:TOP,G/A,
BARC_1.01_Gm15_7217705_A_G,ss715623006,Gm15,7231561,A,G,unambiguous:A/G:TOP,A/G,
BARC_1.01_Gm15_7343866_C_T,ss715623012,Gm15,7358153,T,C,unambiguous:T/C:BOT-design,C/T,
BARC_1.01_Gm15_7513319_T_C,ss715623027,Gm15,7537533,T,C,unambiguous:T/C:BOT-design,T/C,
BARC_1.01_Gm15_7574118_T_C,ss715623039,Gm15,7598331,T,C,unambiguous:T/C:BOT-design,T/C,
BARC_1.01_Gm15_7637174_A_C,ss715623050,Gm15,7661406,A,C,unambiguous:A/C:TOP,A/C,
BARC_1.01_Gm15_7721702_G_A,ss715623064,Gm15,7745745,A,G,unambiguous:A/G:TOP,G/A,
BARC_1.01_Gm15_7829610_A_G,ss715623081,Gm15,7853665,A,G,unambiguous:A/G:TOP,A/G,
BARC_1.01_Gm15_7864348_G_T,ss715623085,Gm15,7888366,T,G,unambiguous:T/G:BOT-design,G/T,
BARC_1.01_Gm15_8134735_A_G,ss715623110,Gm15,8166820,A,G,unambiguous:A/G:TOP,A/G,
BARC_1.01_Gm15_8167223_T_C,ss715623114,Gm15,8199307,T,C,unambiguous:T/C:BOT-design,T/C,
BARC_1.01_Gm15_8263547_G_T,ss715623122,Gm15,8304621,T,G,unambiguous:T/G:BOT-design,G/T,
BARC_1.01_Gm15_8315627_A_C,ss715623124,Gm15,8356588,A,C,unambiguous:A/C:TOP,A/C,
BARC_1.01_Gm15_8412363_G_A,ss715623130,Gm15,8453325,A,G,unambiguous:A/G:TOP,G/A,
BARC_1.01_Gm15_8474378_G_T,ss715623133,Gm15,8515399,T,G,unambiguous:T/G:BOT-design,G/T,
BARC_1.01_Gm15_8579398_C_T,ss715623142,Gm15,8620771,T,C,unambiguous:T/C:BOT-design,C/T,
BARC_1.01_Gm15_8697425_C_A,ss715623159,Gm15,8740226,A,C,unambiguous:A/C:TOP,C/A,
BARC_1.01_Gm15_8715603_A_G,ss715623162,Gm15,8758404,A,G,unambiguous:A/G:TOP,A/G,
BARC_1.01_Gm15_8815027_T_C,ss715623170,Gm15,8857984,T,C,unambiguous:T/C:BOT-design,T/C,
BARC_1.01_Gm15_8934427_C_T,ss715623179,Gm15,8976489,T,C,unambiguous:T/C:BOT-design,C/T,
BARC_1.01_Gm15_9058303_T_C,ss715623195,Gm15,9100367,T,C,unambiguous:T/C:BOT-design,T/C,
BARC_1.01_Gm15_9164446_A_G,ss715623211,Gm15,9205168,A,G,unambiguous:A/G:TOP,A/G,
BARC_1.01_Gm15_10416352_C_T,ss715620221,Gm15,9383632,T,C,unambiguous:T/C:BOT-design,C/T,
BARC_1.01_Gm15_9413370_G_A,ss715623250,Gm15,9557248,A,G,unambiguous:A/G:TOP,G/A,
BARC_1.01_Gm15_9520804_G_A,ss715623260,Gm15,9665525,A,G,unambiguous:A/G:TOP,G/A,
BARC_1.01_Gm15_9594410_T_C,ss715623269,Gm15,9748128,T,C,unambiguous:T/C:BOT-design,T/C,
BARC_1.01_Gm15_9733870_T_C,ss715623288,Gm15,9887588,T,C,unambiguous:T/C:BOT-design,T/C,
BARC_1.01_Gm15_9829561_A_G,ss715623306,Gm15,9983279,A,G,unambiguous:A/G:TOP,A/G,
BARC_1.01_Gm15_9948537_G_A,ss715623324,Gm15,10102255,A,G,unambiguous:A/G:TOP,G/A,
BARC_1.01_Gm15_10008869_G_T,ss715620169,Gm15,10162587,T,G,unambiguous:T/G:BOT-design,G/T,
BARC_1.01_Gm15_10059948_T_C,ss715620177,Gm15,10213666,T,C,unambiguous:T/C:BOT-design,T/C,
BARC_1.01_Gm15_10129096_A_C,ss715620185,Gm15,10282830,A,C,unambiguous:A/C:TOP,A/C,
BARC_1.01_Gm15_10199062_C_T,ss715620192,Gm15,10352802,T,C,unambiguous:T/C:BOT-design,C/T,
BARC_1.01_Gm15_10261760_T_C,ss715620199,Gm15,10414071,T,C,unambiguous:T/C:BOT-design,T/C,
BARC_1.01_Gm15_10467095_G_A,ss715620227,Gm15,10545687,A,G,unambiguous:A/G:TOP,G/A,
BARC_1.01_Gm15_10580977_T_C,ss715620237,Gm15,10658031,T,C,unambiguous:T/C:BOT-design,T/C,
BARC_1.01_Gm15_10665966_A_C,ss715620242,Gm15,10743025,A,C,unambiguous:A/C:TOP,A/C,
BARC_1.01_Gm15_10802057_G_A,ss715620250,Gm15,10879131,A,G,unambiguous:A/G:TOP,G/A,
BARC_1.01_Gm15_10874410_A_C,ss715620263,Gm15,10951484,A,C,unambiguous:A/C:TOP,A/C,
BARC_1.01_Gm15_11172677_A_G,ss715620292,Gm15,11195784,A,G,unambiguous:A/G:TOP,A/G,
BARC_1.01_Gm15_11192460_G_A,ss715620295,Gm15,11215567,A,G,unambiguous:A/G:TOP,G/A,
BARC_1.01_Gm15_11257759_T_C,ss715620304,Gm15,11280882,T,C,unambiguous:T/C:BOT-design,T/C,
BARC_1.01_Gm15_11317994_C_T,ss715620316,Gm15,11338016,T,C,unambiguous:T/C:BOT-design,C/T,
BARC_1.01_Gm15_11421179_C_T,ss715620326,Gm15,11441207,T,C,unambiguous:T/C:BOT-design,C/T,
BARC_1.01_Gm15_11496274_T_C,ss715620330,Gm15,11517600,T,C,unambiguous:T/C:BOT-design,T/C,
BARC_1.01_Gm15_11551488_T_C,ss715620336,Gm15,11571783,T,C,unambiguous:T/C:BOT-design,T/C,
BARC_1.01_Gm15_11620426_C_A,ss715620343,Gm15,11640721,A,C,unambiguous:A/C:TOP,C/A,
BARC_1.01_Gm15_11712082_A_G,ss715620351,Gm15,11732152,A,G,unambiguous:A/G:TOP,A/G,
BARC_1.01_Gm15_11855585_C_T,ss715620363,Gm15,11875647,T,C,unambiguous:T/C:BOT-design,C/T,
BARC_1.01_Gm15_11927735_T_C,ss715620378,Gm15,11947860,T,C,unambiguous:T/C:BOT-design,T/C,
BARC_1.01_Gm15_12076819_C_T,ss715620392,Gm15,12096849,T,C,unambiguous:T/C:BOT-design,C/T,
BARC_1.01_Gm15_12140462_T_G,ss715620401,Gm15,12161036,T,G,unambiguous:T/G:BOT-design,T/G,
BARC_1.01_Gm15_12264838_A_G,ss715620424,Gm15,12285420,A,G,unambiguous:A/G:TOP,A/G,
BARC_1.01_Gm15_12317776_T_C,ss715620428,Gm15,12338897,T,C,unambiguous:T/C:BOT-design,T/C,
BARC_1.01_Gm15_12414192_C_T,ss715620441,Gm15,12435063,T,C,unambiguous:T/C:BOT-design,C/T,
BARC_1.01_Gm15_12475289_T_C,ss715620449,Gm15,12496431,T,C,unambiguous:T/C:BOT-design,T/C,
BARC_1.01_Gm15_12531884_A_G,ss715620454,Gm15,12553029,A,G,unambiguous:A/G:TOP,A/G,
BARC_1.01_Gm15_12611331_A_G,ss715620460,Gm15,12632475,A,G,unambiguous:A/G:TOP,A/G,
BARC_1.01_Gm15_12643435_T_C,ss715620463,Gm15,12664579,T,C,unambiguous:T/C:BOT-design,T/C,
BARC_1.01_Gm15_12906302_T_C,ss715620501,Gm15,12925527,T,C,unambiguous:T/C:BOT-design,T/C,
BARC_1.01_Gm15_13014539_T_C,ss715620529,Gm15,13033502,T,C,unambiguous:T/C:BOT-design,T/C,
BARC_1.01_Gm15_13098003_A_G,ss715620540,Gm15,13116982,A,G,unambiguous:A/G:TOP,A/G,
BARC_1.01_Gm15_13180039_C_T,ss715620550,Gm15,13198878,T,C,unambiguous:T/C:BOT-design,C/T,
BARC_1.01_Gm15_13257987_T_C,ss715620564,Gm15,13275373,T,C,unambiguous:T/C:BOT-design,T/C,
BARC_1.01_Gm15_13358960_C_T,ss715620587,Gm15,13376346,T,C,unambiguous:T/C:BOT-design,C/T,
BARC_1.01_Gm15_13427310_G_T,ss715620598,Gm15,13440994,T,G,unambiguous:T/G:BOT-design,G/T,
BARC_1.01_Gm15_13595237_C_T,ss715620618,Gm15,13610877,T,C,unambiguous:T/C:BOT-design,C/T,
BARC_1.01_Gm15_13651090_G_A,ss715620625,Gm15,13666730,A,G,unambiguous:A/G:TOP,G/A,
BARC_1.01_Gm15_13801080_T_C,ss715620651,Gm15,13816717,T,C,unambiguous:T/C:BOT-design,T/C,
BARC_1.01_Gm15_13828058_G_T,ss715620657,Gm15,13843695,T,G,unambiguous:T/G:BOT-design,G/T,
BARC_1.01_Gm15_13912259_A_G,ss715620674,Gm15,13927892,A,G,unambiguous:A/G:TOP,A/G,
BARC_1.01_Gm15_14146264_T_C,ss715620709,Gm15,14162257,T,C,unambiguous:T/C:BOT-design,T/C,
BARC_1.01_Gm15_14201752_T_C,ss715620724,Gm15,14217678,T,C,unambiguous:T/C:BOT-design,T/C,
BARC_1.01_Gm15_14243520_C_A,ss715620732,Gm15,14259458,A,C,unambiguous:A/C:TOP,C/A,
BARC_1.01_Gm15_14329774_G_A,ss715620749,Gm15,14345712,A,G,unambiguous:A/G:TOP,G/A,
BARC_1.01_Gm15_14361475_T_C,ss715620752,Gm15,14377413,T,C,unambiguous:T/C:BOT-design,T/C,
BARC_1.01_Gm15_14539028_A_C,ss715620795,Gm15,14555069,A,C,unambiguous:A/C:TOP,A/C,
BARC_1.01_Gm15_14548441_T_C,ss715620797,Gm15,14564511,T,C,unambiguous:T/C:BOT-design,T/C,
BARC_1.01_Gm15_14642145_G_A,ss715620813,Gm15,14667375,A,G,unambiguous:A/G:TOP,G/A,
BARC_1.01_Gm15_14712034_G_T,ss715620823,Gm15,14737273,T,G,unambiguous:T/G:BOT-design,G/T,
BARC_1.01_Gm15_14780339_A_G,ss715620841,Gm15,14805828,A,G,unambiguous:A/G:TOP,A/G,
BARC_1.01_Gm15_14850682_C_A,ss715620851,Gm15,14876073,A,C,unambiguous:A/C:TOP,C/A,
BARC_1.01_Gm15_14926607_G_A,ss715620868,Gm15,14951419,A,G,unambiguous:A/G:TOP,G/A,
BARC_1.01_Gm15_14975243_T_C,ss715620875,Gm15,15000053,T,C,unambiguous:T/C:BOT-design,T/C,
BARC_1.01_Gm15_15001782_A_G,ss715620881,Gm15,15026597,A,G,unambiguous:A/G:TOP,A/G,
BARC_1.01_Gm15_15178159_T_C,ss715620919,Gm15,15203972,T,C,unambiguous:T/C:BOT-design,T/C,
BARC_1.01_Gm15_15220762_A_G,ss715620923,Gm15,15246573,A,G,unambiguous:A/G:TOP,A/G,
BARC_1.01_Gm15_15261622_T_G,ss715620930,Gm15,15287000,T,G,unambiguous:T/G:BOT-design,T/G,
BARC_1.01_Gm15_15511644_A_G,ss715620977,Gm15,15537239,A,G,unambiguous:A/G:TOP,A/G,
BARC_1.01_Gm15_15638272_G_A,ss715621000,Gm15,15663774,A,G,unambiguous:A/G:TOP,G/A,
BARC_1.01_Gm15_15683212_G_T,ss715621008,Gm15,15708709,T,G,unambiguous:T/G:BOT-design,G/T,
BARC_1.01_Gm15_15746095_G_A,ss715621025,Gm15,15771590,A,G,unambiguous:A/G:TOP,G/A,
BARC_1.01_Gm15_15834696_T_C,ss715621034,Gm15,15860192,T,C,unambiguous:T/C:BOT-design,T/C,
BARC_1.01_Gm15_15896387_C_T,ss715621042,Gm15,15923817,T,C,unambiguous:T/C:BOT-design,C/T,
BARC_1.01_Gm15_15952535_C_A,ss715621054,Gm15,15979942,A,C,unambiguous:A/C:TOP,C/A,
BARC_1.01_Gm15_16780064_C_T,ss715621084,Gm15,16744648,T,C,unambiguous:T/C:BOT-design,C/T,
BARC_1.01_Gm15_16928891_A_G,ss715621100,Gm15,16893100,A,G,unambiguous:A/G:TOP,A/G,
BARC_1.01_Gm15_17003064_T_C,ss715621106,Gm15,16968235,T,C,unambiguous:T/C:BOT-design,T/C,
BARC_1.01_Gm15_17190467_T_C,ss715621114,Gm15,17157582,T,C,unambiguous:T/C:BOT-design,T/C,
BARC_1.01_Gm15_17653104_T_C,ss715621132,Gm15,17620718,T,C,unambiguous:T/C:BOT-design,T/C,
BARC_1.01_Gm15_18076830_G_A,ss715621146,Gm15,18049125,A,G,unambiguous:A/G:TOP,G/A,
BARC_1.01_Gm15_18422604_T_C,ss715621160,Gm15,18402614,T,C,unambiguous:T/C:BOT-design,T/C,
BARC_1.01_Gm15_19326210_T_C,ss715621192,Gm15,19290888,T,C,unambiguous:T/C:BOT-design,T/C,
BARC_1.01_Gm15_19784640_A_G,ss715621210,Gm15,19841923,A,G,unambiguous:A/G:TOP,A/G,
BARC_1.01_Gm15_20072273_A_C,ss715621221,Gm15,20129090,A,C,unambiguous:A/C:TOP,A/C,
BARC_1.01_Gm15_20452272_C_T,ss715621234,Gm15,20508473,T,C,unambiguous:T/C:BOT-design,C/T,
BARC_1.01_Gm15_20639275_T_C,ss715621239,Gm15,20695319,T,C,unambiguous:T/C:BOT-design,T/C,
BARC_1.01_Gm15_21151124_A_G,ss715621260,Gm15,21208519,A,G,unambiguous:A/G:TOP,A/G,
BARC_1.01_Gm15_21383300_C_T,ss715621269,Gm15,21440695,T,C,unambiguous:T/C:BOT-design,C/T,
BARC_1.01_Gm15_22112626_G_A,ss715621292,Gm15,22168510,A,G,unambiguous:A/G:TOP,G/A,
BARC_1.01_Gm15_22270685_G_T,ss715621296,Gm15,22334924,T,G,unambiguous:T/G:BOT-design,G/T,
BARC_1.01_Gm15_23117810_G_A,ss715621322,Gm15,23210523,A,G,unambiguous:A/G:TOP,G/A,
BARC_1.01_Gm15_23528911_C_T,ss715621341,Gm15,23633152,T,C,unambiguous:T/C:BOT-design,C/T,
BARC_1.01_Gm15_23567997_G_A,ss715621342,Gm15,23672238,A,G,unambiguous:A/G:TOP,G/A,
BARC_1.01_Gm15_24054601_A_G,ss715621359,Gm15,24160945,A,G,unambiguous:A/G:TOP,A/G,
BARC_1.01_Gm15_24502422_G_A,ss715621372,Gm15,24616350,A,G,unambiguous:A/G:TOP,G/A,
BARC_1.01_Gm15_25017497_G_A,ss715621388,Gm15,25127789,A,G,unambiguous:A/G:TOP,G/A,
BARC_1.01_Gm15_25122691_T_C,ss715621390,Gm15,25234404,T,C,unambiguous:T/C:BOT-design,T/C,
BARC_1.01_Gm15_25411335_G_A,ss715621397,Gm15,25503545,A,G,unambiguous:A/G:TOP,G/A,
BARC_1.01_Gm15_25514805_G_A,ss715621399,Gm15,25607247,A,G,unambiguous:A/G:TOP,G/A,
BARC_1.01_Gm15_36306421_C_T,ss715621718,Gm15,26292564,T,C,unambiguous:T/C:BOT-design,C/T,
BARC_1.01_Gm15_36727035_C_T,ss715621730,Gm15,26554795,T,C,unambiguous:T/C:BOT-design,C/T,
BARC_1.01_Gm15_36870472_C_T,ss715621736,Gm15,26699141,T,C,unambiguous:T/C:BOT-design,C/T,
BARC_1.01_Gm15_37128520_C_T,ss715621745,Gm15,26959702,T,C,unambiguous:T/C:BOT-design,C/T,
BARC_1.01_Gm15_37433934_A_G,ss715621751,Gm15,27262506,A,G,unambiguous:A/G:TOP,A/G,
BARC_1.01_Gm15_28616409_T_C,ss715621492,Gm15,28480017,T,C,unambiguous:T/C:BOT-design,T/C,
BARC_1.01_Gm15_28588212_T_C,ss715621491,Gm15,28507861,T,C,unambiguous:T/C:BOT-design,T/C,
BARC_1.01_Gm15_26275176_G_A,ss715621422,Gm15,29295248,A,G,unambiguous:A/G:TOP,G/A,
BARC_1.01_Gm15_27358877_G_A,ss715621453,Gm15,30372493,A,G,unambiguous:A/G:TOP,G/A,
BARC_1.01_Gm15_27571570_A_G,ss715621461,Gm15,30582930,A,G,unambiguous:A/G:TOP,A/G,
BARC_1.01_Gm15_27914877_T_C,ss715621469,Gm15,30932029,T,C,unambiguous:T/C:BOT-design,T/C,
BARC_1.01_Gm15_36090790_G_A,ss715621709,Gm15,31252842,A,G,unambiguous:A/G:TOP,G/A,
BARC_1.01_Gm15_28916718_C_A,ss715621497,Gm15,31460738,A,C,unambiguous:A/C:TOP,C/A,
BARC_1.01_Gm15_29706012_C_T,ss715621514,Gm15,32199509,T,C,unambiguous:T/C:BOT-design,C/T,
BARC_1.01_Gm15_29956672_C_T,ss715621525,Gm15,32450913,T,C,unambiguous:T/C:BOT-design,C/T,
BARC_1.01_Gm15_30269323_G_A,ss715621534,Gm15,32774296,A,G,unambiguous:A/G:TOP,G/A,
BARC_1.01_Gm15_30958503_T_C,ss715621562,Gm15,33488303,T,C,unambiguous:T/C:BOT-design,T/C,
BARC_1.01_Gm15_32298822_C_T,ss715621598,Gm15,34848274,T,C,unambiguous:T/C:BOT-design,C/T,
BARC_1.01_Gm15_32461857_T_C,ss715621601,Gm15,35019563,T,C,unambiguous:T/C:BOT-design,T/C,
BARC_1.01_Gm15_33001719_T_C,ss715621617,Gm15,35559345,T,C,unambiguous:T/C:BOT-design,T/C,
BARC_1.01_Gm15_33030559_A_G,ss715621618,Gm15,35588185,A,G,unambiguous:A/G:TOP,A/G,
BARC_1.01_Gm15_34248718_A_G,ss715621657,Gm15,36824503,A,G,unambiguous:A/G:TOP,A/G,
BARC_1.01_Gm15_34423980_G_A,ss715621662,Gm15,37007571,A,G,unambiguous:A/G:TOP,G/A,
BARC_1.01_Gm15_34798953_C_T,ss715621673,Gm15,37387010,T,C,unambiguous:T/C:BOT-design,C/T,
BARC_1.01_Gm15_35867161_C_A,ss715621702,Gm15,38447399,A,C,unambiguous:A/C:TOP,C/A,
BARC_1.01_Gm02_22829006_T_C,ss715581544,Gm02,38859393,T,C,unambiguous:T/C:BOT-design,T/C,
BARC_1.01_Gm15_38604104_G_A,ss715621786,Gm15,39376314,A,G,unambiguous:A/G:TOP,G/A,
BARC_1.01_Gm15_39331659_T_C,ss715621805,Gm15,40083805,T,C,unambiguous:T/C:BOT-design,T/C,
BARC_1.01_Gm15_39590380_C_T,ss715621812,Gm15,40336111,T,C,unambiguous:T/C:BOT-design,C/T,
BARC_1.01_Gm15_39888568_G_A,ss715621821,Gm15,40633726,A,G,unambiguous:A/G:TOP,G/A,
BARC_1.01_Gm15_40040705_C_T,ss715621827,Gm15,40785757,T,C,unambiguous:T/C:BOT-design,C/T,
BARC_1.01_Gm15_40461287_A_G,ss715621837,Gm15,41202590,A,G,unambiguous:A/G:TOP,A/G,
BARC_1.01_Gm15_40878937_G_A,ss715621846,Gm15,41622105,A,G,unambiguous:A/G:TOP,G/A,
BARC_1.01_Gm15_41081388_C_T,ss715621856,Gm15,41824556,T,C,unambiguous:T/C:BOT-design,C/T,
BARC_1.01_Gm15_41526092_G_A,ss715621872,Gm15,42284792,A,G,unambiguous:A/G:TOP,G/A,
BARC_1.01_Gm15_42221723_T_G,ss715621890,Gm15,42982853,T,G,unambiguous:T/G:BOT-design,T/G,
BARC_1.01_Gm15_42869969_C_T,ss715621917,Gm15,43631120,T,C,unambiguous:T/C:BOT-design,C/T,
BARC_1.01_Gm15_43374644_G_A,ss715621931,Gm15,44130923,A,G,unambiguous:A/G:TOP,G/A,
BARC_1.01_Gm15_43797502_G_T,ss715621943,Gm15,44556639,T,G,unambiguous:T/G:BOT-design,G/T,
BARC_1.01_Gm15_44059851_T_C,ss715621952,Gm15,44819032,T,C,unambiguous:T/C:BOT-design,T/C,
BARC_1.01_Gm15_44336916_G_A,ss715621966,Gm15,45111277,A,G,unambiguous:A/G:TOP,G/A,
BARC_1.01_Gm15_44835540_A_G,ss715621978,Gm15,45560807,A,G,unambiguous:A/G:TOP,A/G,
BARC_1.01_Gm15_44930418_C_T,ss715621987,Gm15,45655557,T,C,unambiguous:T/C:BOT-design,C/T,
BARC_1.01_Gm15_45004801_A_G,ss715621994,Gm15,45731853,A,G,unambiguous:A/G:TOP,A/G,
BARC_1.01_Gm15_45037800_T_C,ss715621997,Gm15,45764616,T,C,unambiguous:T/C:BOT-design,T/C,
BARC_1.01_Gm15_45518497_T_C,ss715622024,Gm15,46305222,T,C,unambiguous:T/C:BOT-design,T/C,
BARC_1.01_Gm15_45623334_A_G,ss715622036,Gm15,46410866,A,G,unambiguous:A/G:TOP,A/G,
BARC_1.01_Gm15_45725175_G_A,ss715622041,Gm15,46511859,A,G,unambiguous:A/G:TOP,G/A,
BARC_1.01_Gm15_46014592_T_C,ss715622072,Gm15,46801411,T,C,unambiguous:T/C:BOT-design,T/C,
BARC_1.01_Gm15_46443671_T_C,ss715622110,Gm15,47221063,T,C,unambiguous:T/C:BOT-design,T/C,
BARC_1.01_Gm15_46497713_T_C,ss715622128,Gm15,47275105,T,C,unambiguous:T/C:BOT-design,T/C,
BARC_1.01_Gm15_46549525_T_C,ss715622144,Gm15,47326917,T,C,unambiguous:T/C:BOT-design,T/C,
BARC_1.01_Gm15_46669029_G_T,ss715622173,Gm15,47449082,T,G,unambiguous:T/G:BOT-design,G/T,
BARC_1.01_Gm15_46698746_T_C,ss715622182,Gm15,47478799,T,C,unambiguous:T/C:BOT-design,T/C,
BARC_1.01_Gm15_46785794_G_A,ss715622203,Gm15,47565847,A,G,unambiguous:A/G:TOP,G/A,
BARC_1.01_Gm15_46835562_G_T,ss715622218,Gm15,47615615,T,G,unambiguous:T/G:BOT-design,G/T,
BARC_1.01_Gm15_46930166_A_G,ss715622239,Gm15,47711528,A,G,unambiguous:A/G:TOP,A/G,
BARC_1.01_Gm15_47072506_G_A,ss715622263,Gm15,47862876,A,G,unambiguous:A/G:TOP,G/A,
BARC_1.01_Gm15_47184927_T_G,ss715622285,Gm15,47975297,T,G,unambiguous:T/G:BOT-design,T/G,
BARC_1.01_Gm15_47255820_T_C,ss715622295,Gm15,48046189,T,C,unambiguous:T/C:BOT-design,T/C,
BARC_1.01_Gm15_47355084_C_T,ss715622308,Gm15,48144839,T,C,unambiguous:T/C:BOT-design,C/T,
BARC_1.01_Gm15_47421641_T_C,ss715622320,Gm15,48211214,T,C,unambiguous:T/C:BOT-design,T/C,
BARC_1.01_Gm15_47474634_A_G,ss715622328,Gm15,48264207,A,G,unambiguous:A/G:TOP,A/G,
BARC_1.01_Gm15_47571188_T_C,ss715622336,Gm15,48363862,T,C,unambiguous:T/C:BOT-design,T/C,
BARC_1.01_Gm15_47621393_G_A,ss715622340,Gm15,48414067,A,G,unambiguous:A/G:TOP,G/A,
BARC_1.01_Gm15_47679988_T_C,ss715622346,Gm15,48472662,T,C,unambiguous:T/C:BOT-design,T/C,
BARC_1.01_Gm15_47744421_G_A,ss715622359,Gm15,48537095,A,G,unambiguous:A/G:TOP,G/A,
BARC_1.01_Gm15_47871831_A_C,ss715622377,Gm15,48664536,A,C,unambiguous:A/C:TOP,A/C,
BARC_1.01_Gm15_47984642_G_A,ss715622389,Gm15,48778238,A,G,unambiguous:A/G:TOP,G/A,
BARC_1.01_Gm15_48061981_C_T,ss715622404,Gm15,48855521,T,C,unambiguous:T/C:BOT-design,C/T,
BARC_1.01_Gm15_48117938_G_A,ss715622415,Gm15,48911478,A,G,unambiguous:A/G:TOP,G/A,
BARC_1.01_Gm15_48156402_C_T,ss715622419,Gm15,48949942,T,C,unambiguous:T/C:BOT-design,C/T,
BARC_1.01_Gm15_48259512_T_C,ss715622433,Gm15,49053056,T,C,unambiguous:T/C:BOT-design,T/C,
BARC_1.01_Gm15_48313076_A_C,ss715622436,Gm15,49106585,A,C,unambiguous:A/C:TOP,A/C,
BARC_1.01_Gm15_48596343_G_A,ss715622463,Gm15,49389783,A,G,unambiguous:A/G:TOP,G/A,
BARC_1.01_Gm15_48604174_C_T,ss715622464,Gm15,49397614,T,C,unambiguous:T/C:BOT-design,C/T,
BARC_1.01_Gm15_48653554_A_C,ss715622476,Gm15,49446994,A,C,unambiguous:A/C:TOP,A/C,
BARC_1.01_Gm15_48727813_T_C,ss715622494,Gm15,49521249,T,C,unambiguous:T/C:BOT-design,T/C,
BARC_1.01_Gm15_48802538_C_A,ss715622509,Gm15,49595974,A,C,unambiguous:A/C:TOP,C/A,
BARC_1.01_Gm15_48971950_T_C,ss715622545,Gm15,49765244,T,C,unambiguous:T/C:BOT-design,T/C,
BARC_1.01_Gm15_49023306_T_G,ss715622555,Gm15,49816600,T,G,unambiguous:T/G:BOT-design,T/G,
BARC_1.01_Gm15_49088291_T_C,ss715622564,Gm15,49881585,T,C,unambiguous:T/C:BOT-design,T/C,
BARC_1.01_Gm15_49226394_G_A,ss715622584,Gm15,50019688,A,G,unambiguous:A/G:TOP,G/A,
BARC_1.01_Gm15_49318218_A_G,ss715622605,Gm15,50111513,A,G,unambiguous:A/G:TOP,A/G,
BARC_1.01_Gm15_49401353_T_G,ss715622616,Gm15,50194648,T,G,unambiguous:T/G:BOT-design,T/G,
BARC_1.01_Gm15_49458992_C_A,ss715622622,Gm15,50252306,A,C,unambiguous:A/C:TOP,C/A,
BARC_1.01_Gm15_49543373_C_T,ss715622629,Gm15,50342088,T,C,unambiguous:T/C:BOT-design,C/T,
BARC_1.01_Gm15_49560894_T_C,ss715622631,Gm15,50359609,T,C,unambiguous:T/C:BOT-design,T/C,
BARC_1.01_Gm15_49612939_A_G,ss715622637,Gm15,50411654,A,G,unambiguous:A/G:TOP,A/G,
BARC_1.01_Gm15_49704201_T_C,ss715622648,Gm15,50502875,T,C,unambiguous:T/C:BOT-design,T/C,
BARC_1.01_Gm15_49779326_T_C,ss715622657,Gm15,50577999,T,C,unambiguous:T/C:BOT-design,T/C,
BARC_1.01_Gm15_49890175_C_T,ss715622674,Gm15,50688920,T,C,unambiguous:T/C:BOT-design,C/T,
BARC_1.01_Gm15_49976772_A_G,ss715622685,Gm15,50775531,A,G,unambiguous:A/G:TOP,A/G,
BARC_1.01_Gm15_50059105_C_T,ss715622690,Gm15,50857871,T,C,unambiguous:T/C:BOT-design,C/T,
BARC_1.01_Gm15_50128503_G_A,ss715622698,Gm15,50927269,A,G,unambiguous:A/G:TOP,G/A,
BARC_1.01_Gm15_50195113_A_G,ss715622707,Gm15,50993879,A,G,unambiguous:A/G:TOP,A/G,
BARC_1.01_Gm15_50277228_T_C,ss715622725,Gm15,51075998,T,C,unambiguous:T/C:BOT-design,T/C,
BARC_1.01_Gm15_50430403_T_C,ss715622756,Gm15,51229254,T,C,unambiguous:T/C:BOT-design,T/C,
BARC_1.01_Gm15_50443107_T_G,ss715622759,Gm15,51241958,T,G,unambiguous:T/G:BOT-design,T/G,
BARC_1.01_Gm15_50536934_C_T,ss715622776,Gm15,51334171,T,C,unambiguous:T/C:BOT-design,C/T,
BARC_1.01_Gm15_50626980_T_C,ss715622789,Gm15,51424187,T,C,unambiguous:T/C:BOT-design,T/C,
BARC_1.01_Gm15_50752900_T_C,ss715622800,Gm15,51553804,T,C,unambiguous:T/C:BOT-design,T/C,
BARC_1.01_Gm15_50864537_A_G,ss715622812,Gm15,51665436,A,G,unambiguous:A/G:TOP,A/G,
BARC_1.01_Gm16_35846_A_G,ss715624837,Gm16,35655,A,G,unambiguous:A/G:TOP,A/G,
BARC_1.01_Gm16_103052_T_C,ss715623337,Gm16,102882,T,C,unambiguous:T/C:BOT-design,T/C,
BARC_1.01_Gm16_202054_A_C,ss715623670,Gm16,201886,A,C,unambiguous:A/C:TOP,A/C,
BARC_1.01_Gm16_298188_C_A,ss715624213,Gm16,298020,A,C,unambiguous:A/C:TOP,C/A,
BARC_1.01_Gm16_379576_C_T,ss715625028,Gm16,379408,T,C,unambiguous:T/C:BOT-design,C/T,
BARC_1.01_Gm16_390551_A_G,ss715625043,Gm16,390383,A,G,unambiguous:A/G:TOP,A/G,
BARC_1.01_Gm16_486857_G_A,ss715625156,Gm16,486741,A,G,unambiguous:A/G:TOP,G/A,
BARC_1.01_Gm16_761034_G_T,ss715625507,Gm16,759723,T,G,unambiguous:T/G:BOT-design,G/T,
BARC_1.01_Gm16_808425_C_T,ss715625603,Gm16,807114,T,C,unambiguous:T/C:BOT-design,C/T,
BARC_1.01_Gm16_901279_T_C,ss715625674,Gm16,899624,T,C,unambiguous:T/C:BOT-design,T/C,
BARC_1.01_Gm16_988233_C_A,ss715625698,Gm16,986578,A,C,unambiguous:A/C:TOP,C/A,
BARC_1.01_Gm16_1061834_G_T,ss715623346,Gm16,1061274,T,G,unambiguous:T/G:BOT-design,G/T,
BARC_1.01_Gm16_1101441_C_A,ss715623361,Gm16,1109881,A,C,unambiguous:A/C:TOP,C/A,
BARC_1.01_Gm16_1186400_A_G,ss715623382,Gm16,1194840,A,G,unambiguous:A/G:TOP,A/G,
BARC_1.01_Gm16_1251545_A_G,ss715623400,Gm16,1260003,A,G,unambiguous:A/G:TOP,A/G,
BARC_1.01_Gm16_1332815_C_T,ss715623425,Gm16,1341384,T,C,unambiguous:T/C:BOT-design,C/T,
BARC_1.01_Gm16_1434889_C_T,ss715623462,Gm16,1451244,T,C,unambiguous:T/C:BOT-design,C/T,
BARC_1.01_Gm16_1484224_C_T,ss715623476,Gm16,1500606,T,C,unambiguous:T/C:BOT-design,C/T,
BARC_1.01_Gm16_1556362_C_T,ss715623500,Gm16,1573213,T,C,unambiguous:T/C:BOT-design,C/T,
BARC_1.01_Gm16_1566778_T_C,ss715623506,Gm16,1583629,T,C,unambiguous:T/C:BOT-design,T/C,
BARC_1.01_Gm16_1708510_C_T,ss715623567,Gm16,1725360,T,C,unambiguous:T/C:BOT-design,C/T,
BARC_1.01_Gm16_1724337_A_C,ss715623576,Gm16,1741187,A,C,unambiguous:A/C:TOP,A/C,
BARC_1.01_Gm16_1755870_A_G,ss715623586,Gm16,1772720,A,G,unambiguous:A/G:TOP,A/G,
BARC_1.01_Gm16_1936692_C_A,ss715623645,Gm16,1959037,A,C,unambiguous:A/C:TOP,C/A,
BARC_1.01_Gm16_2250338_G_A,ss715623729,Gm16,2272480,A,G,unambiguous:A/G:TOP,G/A,
BARC_1.01_Gm16_2299577_C_T,ss715623741,Gm16,2321725,T,C,unambiguous:T/C:BOT-design,C/T,
BARC_1.01_Gm16_2405914_A_G,ss715623780,Gm16,2428113,A,G,unambiguous:A/G:TOP,A/G,
BARC_1.01_Gm16_2513346_C_T,ss715623821,Gm16,2537669,T,C,unambiguous:T/C:BOT-design,C/T,
BARC_1.01_Gm16_2619084_C_T,ss715623852,Gm16,2643391,T,C,unambiguous:T/C:BOT-design,C/T,
BARC_1.01_Gm16_2707467_G_A,ss715623881,Gm16,2732986,A,G,unambiguous:A/G:TOP,G/A,
BARC_1.01_Gm16_2800650_C_T,ss715623913,Gm16,2826158,T,C,unambiguous:T/C:BOT-design,C/T,
BARC_1.01_Gm16_2894157_A_G,ss715624079,Gm16,2919662,A,G,unambiguous:A/G:TOP,A/G,
BARC_1.01_Gm16_2950818_G_A,ss715624189,Gm16,2975872,A,G,unambiguous:A/G:TOP,G/A,
BARC_1.01_Gm16_3036177_T_C,ss715624325,Gm16,3061230,T,C,unambiguous:T/C:BOT-design,T/C,
BARC_1.01_Gm16_3099668_A_C,ss715624395,Gm16,3124736,A,C,unambiguous:A/C:TOP,A/C,
BARC_1.01_Gm16_3166745_A_C,ss715624477,Gm16,3191812,A,C,unambiguous:A/C:TOP,A/C,
BARC_1.01_Gm16_3246299_T_G,ss715624566,Gm16,3271365,T,G,unambiguous:T/G:BOT-design,T/G,
BARC_1.01_Gm16_3337301_A_G,ss715624634,Gm16,3362395,A,G,unambiguous:A/G:TOP,A/G,
BARC_1.01_Gm16_3541782_T_C,ss715624799,Gm16,3566872,T,C,unambiguous:T/C:BOT-design,T/C,
BARC_1.01_Gm16_3598173_C_T,ss715624857,Gm16,3623115,T,C,unambiguous:T/C:BOT-design,C/T,
BARC_1.01_Gm16_3775913_T_C,ss715625025,Gm16,3796947,T,C,unambiguous:T/C:BOT-design,T/C,
BARC_1.01_Gm16_3850224_T_C,ss715625036,Gm16,3871263,T,C,unambiguous:T/C:BOT-design,T/C,
BARC_1.01_Gm16_3917294_A_C,ss715625046,Gm16,3937698,A,C,unambiguous:A/C:TOP,A/C,
BARC_1.01_Gm16_3962328_C_A,ss715625053,Gm16,3982748,A,C,unambiguous:A/C:TOP,C/A,
BARC_1.01_Gm16_4034155_A_C,ss715625060,Gm16,4054598,A,C,unambiguous:A/C:TOP,A/C,
BARC_1.01_Gm16_4285389_A_G,ss715625087,Gm16,4306664,A,G,unambiguous:A/G:TOP,A/G,
BARC_1.01_Gm16_4351139_A_C,ss715625101,Gm16,4378162,A,C,unambiguous:A/C:TOP,A/C,
BARC_1.01_Gm16_4399162_A_G,ss715625103,Gm16,4426820,A,G,unambiguous:A/G:TOP,A/G,
BARC_1.01_Gm16_4436009_C_T,ss715625109,Gm16,4463667,T,C,unambiguous:T/C:BOT-design,C/T,
BARC_1.01_Gm16_4707461_C_T,ss715625139,Gm16,4735677,T,C,unambiguous:T/C:BOT-design,C/T,
BARC_1.01_Gm16_4848777_A_G,ss715625154,Gm16,4877018,A,G,unambiguous:A/G:TOP,A/G,
BARC_1.01_Gm16_4908430_C_T,ss715625161,Gm16,4936673,T,C,unambiguous:T/C:BOT-design,C/T,
BARC_1.01_Gm16_4950614_T_C,ss715625165,Gm16,4978857,T,C,unambiguous:T/C:BOT-design,T/C,
BARC_1.01_Gm16_5025452_A_C,ss715625169,Gm16,5053689,A,C,unambiguous:A/C:TOP,A/C,
BARC_1.01_Gm16_5105013_T_C,ss715625178,Gm16,5133250,T,C,unambiguous:T/C:BOT-design,T/C,
BARC_1.01_Gm16_5148649_A_G,ss715625190,Gm16,5176906,A,G,unambiguous:A/G:TOP,A/G,
BARC_1.01_Gm16_5195123_T_G,ss715625193,Gm16,5223380,T,G,unambiguous:T/G:BOT-design,T/G,
BARC_1.01_Gm16_5259121_A_G,ss715625195,Gm16,5287413,A,G,unambiguous:A/G:TOP,A/G,
BARC_1.01_Gm16_5340777_C_T,ss715625201,Gm16,5369094,T,C,unambiguous:T/C:BOT-design,C/T,
BARC_1.01_Gm16_5429551_T_C,ss715625208,Gm16,5457849,T,C,unambiguous:T/C:BOT-design,T/C,
BARC_1.01_Gm16_5477316_T_C,ss715625212,Gm16,5503867,T,C,unambiguous:T/C:BOT-design,T/C,
BARC_1.01_Gm16_5566956_T_C,ss715625224,Gm16,5593545,T,C,unambiguous:T/C:BOT-design,T/C,
BARC_1.01_Gm16_5614337_C_T,ss715625228,Gm16,5640875,T,C,unambiguous:T/C:BOT-design,C/T,
BARC_1.01_Gm16_5656680_T_C,ss715625231,Gm16,5683202,T,C,unambiguous:T/C:BOT-design,T/C,
BARC_1.01_Gm16_5773005_A_G,ss715625240,Gm16,5799540,A,G,unambiguous:A/G:TOP,A/G,
BARC_1.01_Gm16_5928303_A_G,ss715625250,Gm16,5887013,A,G,unambiguous:A/G:TOP,A/G,
BARC_1.01_Gm16_5871751_G_T,ss715625247,Gm16,5943543,T,G,unambiguous:T/G:BOT-design,G/T,
BARC_1.01_Gm16_5998589_A_G,ss715625254,Gm16,6042142,A,G,unambiguous:A/G:TOP,A/G,
BARC_1.01_Gm16_6061510_C_T,ss715625261,Gm16,6105250,T,C,unambiguous:T/C:BOT-design,C/T,
BARC_1.01_Gm16_6179363_T_G,ss715625278,Gm16,6222257,T,G,unambiguous:T/G:BOT-design,T/G,
BARC_1.01_Gm16_6294306_T_C,ss715625294,Gm16,6346200,T,C,unambiguous:T/C:BOT-design,T/C,
BARC_1.01_Gm16_6423098_G_A,ss715625307,Gm16,6570336,A,G,unambiguous:A/G:TOP,G/A,
BARC_1.01_Gm16_6496577_A_C,ss715625324,Gm16,6643454,A,C,unambiguous:A/C:TOP,A/C,
BARC_1.01_Gm16_6559259_C_A,ss715625333,Gm16,6706066,A,C,unambiguous:A/C:TOP,C/A,
BARC_1.01_Gm16_6702694_C_T,ss715625343,Gm16,6858504,T,C,unambiguous:T/C:BOT-design,C/T,
BARC_1.01_Gm16_6840143_G_A,ss715625369,Gm16,6965006,A,G,unambiguous:A/G:TOP,G/A,
BARC_1.01_Gm16_6868110_C_A,ss715625377,Gm16,7026287,A,C,unambiguous:A/C:TOP,C/A,
BARC_1.01_Gm16_7018526_T_C,ss715625394,Gm16,7176290,T,C,unambiguous:T/C:BOT-design,T/C,
BARC_1.01_Gm16_7070805_G_A,ss715625402,Gm16,7228568,A,G,unambiguous:A/G:TOP,G/A,
BARC_1.01_Gm16_7143783_A_G,ss715625414,Gm16,7302240,A,G,unambiguous:A/G:TOP,A/G,
BARC_1.01_Gm16_7237873_A_G,ss715625426,Gm16,7396328,A,G,unambiguous:A/G:TOP,A/G,
BARC_1.01_Gm16_7298497_C_T,ss715625439,Gm16,7456951,T,C,unambiguous:T/C:BOT-design,C/T,
BARC_1.01_Gm16_7364708_A_G,ss715625453,Gm16,7523163,A,G,unambiguous:A/G:TOP,A/G,
BARC_1.01_Gm16_7407374_G_A,ss715625464,Gm16,7565829,A,G,unambiguous:A/G:TOP,G/A,
BARC_1.01_Gm16_7460429_A_G,ss715625476,Gm16,7618884,A,G,unambiguous:A/G:TOP,A/G,
BARC_1.01_Gm16_7525351_G_A,ss715625488,Gm16,7683810,A,G,unambiguous:A/G:TOP,G/A,
BARC_1.01_Gm16_7583918_G_A,ss715625498,Gm16,7742477,A,G,unambiguous:A/G:TOP,G/A,
BARC_1.01_Gm16_7636967_C_T,ss715625514,Gm16,7795526,T,C,unambiguous:T/C:BOT-design,C/T,
BARC_1.01_Gm16_7691856_T_C,ss715625525,Gm16,7849774,T,C,unambiguous:T/C:BOT-design,T/C,
BARC_1.01_Gm16_7743486_G_T,ss715625534,Gm16,7901348,T,G,unambiguous:T/G:BOT-design,G/T,
BARC_1.01_Gm16_7851145_G_A,ss715625558,Gm16,8008387,A,G,unambiguous:A/G:TOP,G/A,
BARC_1.01_Gm16_7947809_A_C,ss715625581,Gm16,8103820,A,C,unambiguous:A/C:TOP,A/C,
BARC_1.01_Gm16_7990029_T_C,ss715625587,Gm16,8145827,T,C,unambiguous:T/C:BOT-design,T/C,
BARC_1.01_Gm16_8040403_C_T,ss715625596,Gm16,8197236,T,C,unambiguous:T/C:BOT-design,C/T,
BARC_1.01_Gm16_8120136_G_A,ss715625606,Gm16,8276643,A,G,unambiguous:A/G:TOP,G/A,
BARC_1.01_Gm16_8354720_G_A,ss715625646,Gm16,8511733,A,G,unambiguous:A/G:TOP,G/A,
BARC_1.01_Gm16_8415385_G_A,ss715625654,Gm16,8571819,A,G,unambiguous:A/G:TOP,G/A,
BARC_1.01_Gm16_8540188_T_C,ss715625658,Gm16,8704236,T,C,unambiguous:T/C:BOT-design,T/C,
BARC_1.01_Gm16_9014032_G_T,ss715625675,Gm16,9183887,T,G,unambiguous:T/G:BOT-design,G/T,
BARC_1.01_Gm16_9356529_T_C,ss715625684,Gm16,9526378,T,C,unambiguous:T/C:BOT-design,T/C,
BARC_1.01_Gm16_9593365_G_T,ss715625689,Gm16,9764601,T,G,unambiguous:T/G:BOT-design,G/T,
BARC_1.01_Gm16_10243181_A_G,ss715623336,Gm16,10412660,A,G,unambiguous:A/G:TOP,A/G,
BARC_1.01_Gm16_10793089_G_A,ss715623353,Gm16,10961849,A,G,unambiguous:A/G:TOP,G/A,
BARC_1.01_Gm16_11091505_C_T,ss715623363,Gm16,11254035,T,C,unambiguous:T/C:BOT-design,C/T,
BARC_1.01_Gm16_11889238_A_G,ss715623383,Gm16,12071821,A,G,unambiguous:A/G:TOP,A/G,
BARC_1.01_Gm16_13657908_C_T,ss715623441,Gm16,13053083,T,C,unambiguous:T/C:BOT-design,C/T,
BARC_1.01_Gm16_13280379_G_A,ss715623421,Gm16,13430196,A,G,unambiguous:A/G:TOP,G/A,
BARC_1.01_Gm16_14637765_T_G,ss715623471,Gm16,14773298,T,G,unambiguous:T/G:BOT-design,T/G,
BARC_1.01_Gm16_15145964_A_G,ss715623487,Gm16,15280985,A,G,unambiguous:A/G:TOP,A/G,
BARC_1.01_Gm16_16713042_T_C,ss715623549,Gm16,16883924,T,C,unambiguous:T/C:BOT-design,T/C,
BARC_1.01_Gm16_17089104_C_T,ss715623568,Gm16,17268611,T,C,unambiguous:T/C:BOT-design,C/T,
BARC_1.01_Gm16_22474964_T_C,ss715623728,Gm16,17825502,T,C,unambiguous:T/C:BOT-design,T/C,
BARC_1.01_Gm16_22148369_C_T,ss715623718,Gm16,18154067,T,C,unambiguous:T/C:BOT-design,C/T,
BARC_1.01_Gm16_21046764_C_T,ss715623692,Gm16,19256244,T,C,unambiguous:T/C:BOT-design,C/T,
BARC_1.01_Gm16_20753087_A_G,ss715623683,Gm16,19551904,A,G,unambiguous:A/G:TOP,A/G,
BARC_1.01_Gm16_20344286_G_A,ss715623673,Gm16,19969300,A,G,unambiguous:A/G:TOP,G/A,
BARC_1.01_Gm16_20054798_T_C,ss715623665,Gm16,20258606,T,C,unambiguous:T/C:BOT-design,T/C,
BARC_1.01_Gm16_19031157_T_C,ss715623633,Gm16,21281833,T,C,unambiguous:T/C:BOT-design,T/C,
BARC_1.01_Gm16_18732921_A_G,ss715623624,Gm16,21580377,A,G,unambiguous:A/G:TOP,A/G,
BARC_1.01_Gm16_17780867_A_G,ss715623593,Gm16,22526100,A,G,unambiguous:A/G:TOP,A/G,
BARC_1.01_Gm16_22937295_T_C,ss715623739,Gm16,23245621,T,C,unambiguous:T/C:BOT-design,T/C,
BARC_1.01_Gm16_23995972_G_A,ss715623778,Gm16,24346820,A,G,unambiguous:A/G:TOP,G/A,
BARC_1.01_Gm16_24329186_A_C,ss715623790,Gm16,24680039,A,C,unambiguous:A/C:TOP,A/C,
BARC_1.01_Gm16_24389823_A_C,ss715623791,Gm16,24739622,A,C,unambiguous:A/C:TOP,A/C,
BARC_1.01_Gm16_24612301_A_G,ss715623798,Gm16,24962131,A,G,unambiguous:A/G:TOP,A/G,
BARC_1.01_Gm16_24793404_C_T,ss715623807,Gm16,25143466,T,C,unambiguous:T/C:BOT-design,C/T,
BARC_1.01_Gm16_25127133_A_C,ss715623820,Gm16,25480628,A,C,unambiguous:A/C:TOP,A/C,
BARC_1.01_Gm16_25378270_A_G,ss715623834,Gm16,25731746,A,G,unambiguous:A/G:TOP,A/G,
BARC_1.01_Gm16_26324517_C_T,ss715623860,Gm16,26670344,T,C,unambiguous:T/C:BOT-design,C/T,
BARC_1.01_Gm16_26824305_C_T,ss715623874,Gm16,27169242,T,C,unambiguous:T/C:BOT-design,C/T,
BARC_1.01_Gm16_27092931_A_G,ss715623882,Gm16,27437538,A,G,unambiguous:A/G:TOP,A/G,
BARC_1.01_Gm16_27521057_G_T,ss715623895,Gm16,27864182,T,G,unambiguous:T/G:BOT-design,G/T,
BARC_1.01_Gm16_27750410_T_C,ss715623903,Gm16,28102771,T,C,unambiguous:T/C:BOT-design,T/C,
BARC_1.01_Gm16_27978857_A_C,ss715623912,Gm16,28330994,A,C,unambiguous:A/C:TOP,A/C,
BARC_1.01_Gm16_28154253_T_C,ss715623924,Gm16,28506525,T,C,unambiguous:T/C:BOT-design,T/C,
BARC_1.01_Gm16_28232079_A_G,ss715623936,Gm16,28593405,A,G,unambiguous:A/G:TOP,A/G,
BARC_1.01_Gm16_28266706_T_C,ss715623946,Gm16,28628441,T,C,unambiguous:T/C:BOT-design,T/C,
BARC_1.01_Gm16_28407237_A_C,ss715623971,Gm16,28762445,A,C,unambiguous:A/C:TOP,A/C,
BARC_1.01_Gm16_28443553_T_C,ss715623979,Gm16,28798761,T,C,unambiguous:T/C:BOT-design,T/C,
BARC_1.01_Gm16_28545429_C_A,ss715623996,Gm16,28900639,A,C,unambiguous:A/C:TOP,C/A,
BARC_1.01_Gm16_28613278_C_T,ss715624004,Gm16,28968482,T,C,unambiguous:T/C:BOT-design,C/T,
BARC_1.01_Gm16_28706800_A_G,ss715624021,Gm16,29061997,A,G,unambiguous:A/G:TOP,A/G,
BARC_1.01_Gm16_28753577_A_G,ss715624037,Gm16,29108774,A,G,unambiguous:A/G:TOP,A/G,
BARC_1.01_Gm16_28792833_T_C,ss715624042,Gm16,29159876,T,C,unambiguous:T/C:BOT-design,T/C,
BARC_1.01_Gm16_28845819_A_G,ss715624055,Gm16,29213667,A,G,unambiguous:A/G:TOP,A/G,
BARC_1.01_Gm16_28901653_G_A,ss715624073,Gm16,29269501,A,G,unambiguous:A/G:TOP,G/A,
BARC_1.01_Gm16_28961127_T_G,ss715624087,Gm16,29328591,T,G,unambiguous:T/G:BOT-design,T/G,
BARC_1.01_Gm16_29097420_T_C,ss715624113,Gm16,29464485,T,C,unambiguous:T/C:BOT-design,T/C,
BARC_1.01_Gm16_29135922_C_T,ss715624125,Gm16,29502854,T,C,unambiguous:T/C:BOT-design,C/T,
BARC_1.01_Gm16_29181015_G_T,ss715624140,Gm16,29547943,T,G,unambiguous:T/G:BOT-design,G/T,
BARC_1.01_Gm16_29261393_C_A,ss715624165,Gm16,29631736,A,C,unambiguous:A/C:TOP,C/A,
BARC_1.01_Gm16_29322493_T_C,ss715624177,Gm16,29673580,T,C,unambiguous:T/C:BOT-design,T/C,
BARC_1.01_Gm16_29340661_C_T,ss715624178,Gm16,29691748,T,C,unambiguous:T/C:BOT-design,C/T,
BARC_1.01_Gm16_29528259_T_C,ss715624192,Gm16,29870849,T,C,unambiguous:T/C:BOT-design,T/C,
BARC_1.01_Gm16_29681065_T_G,ss715624203,Gm16,30023580,T,G,unambiguous:T/G:BOT-design,T/G,
BARC_1.01_Gm16_29720274_A_G,ss715624210,Gm16,30062789,A,G,unambiguous:A/G:TOP,A/G,
BARC_1.01_Gm16_29871768_C_T,ss715624219,Gm16,30209315,T,C,unambiguous:T/C:BOT-design,C/T,
BARC_1.01_Gm16_29930067_A_G,ss715624228,Gm16,30267608,A,G,unambiguous:A/G:TOP,A/G,
BARC_1.01_Gm16_29985920_A_G,ss715624241,Gm16,30353896,A,G,unambiguous:A/G:TOP,A/G,
BARC_1.01_Gm16_30038668_G_T,ss715624262,Gm16,30406644,T,G,unambiguous:T/G:BOT-design,G/T,
BARC_1.01_Gm16_30108889_C_A,ss715624277,Gm16,30476393,A,C,unambiguous:A/C:TOP,C/A,
BARC_1.01_Gm16_30151465_A_G,ss715624288,Gm16,30519426,A,G,unambiguous:A/G:TOP,A/G,
BARC_1.01_Gm16_30228382_A_G,ss715624298,Gm16,30596348,A,G,unambiguous:A/G:TOP,A/G,
BARC_1.01_Gm16_30308287_A_C,ss715624314,Gm16,30676253,A,C,unambiguous:A/C:TOP,A/C,
BARC_1.01_Gm16_30369809_T_C,ss715624326,Gm16,30737936,T,C,unambiguous:T/C:BOT-design,T/C,
BARC_1.01_Gm16_30418735_C_A,ss715624334,Gm16,30786859,A,C,unambiguous:A/C:TOP,C/A,
BARC_1.01_Gm16_30456714_T_C,ss715624337,Gm16,30824838,T,C,unambiguous:T/C:BOT-design,T/C,
BARC_1.01_Gm16_30493887_C_T,ss715624340,Gm16,30862012,T,C,unambiguous:T/C:BOT-design,C/T,
BARC_1.01_Gm16_30597214_G_A,ss715624352,Gm16,30965173,A,G,unambiguous:A/G:TOP,G/A,
BARC_1.01_Gm16_30651025_A_G,ss715624360,Gm16,31019346,A,G,unambiguous:A/G:TOP,A/G,
BARC_1.01_Gm16_30766209_T_C,ss715624371,Gm16,31134540,T,C,unambiguous:T/C:BOT-design,T/C,
BARC_1.01_Gm16_30813568_G_T,ss715624379,Gm16,31181902,T,G,unambiguous:T/G:BOT-design,G/T,
BARC_1.01_Gm16_30991544_A_G,ss715624394,Gm16,31359859,A,G,unambiguous:A/G:TOP,A/G,
BARC_1.01_Gm16_31052376_T_C,ss715624401,Gm16,31420857,T,C,unambiguous:T/C:BOT-design,T/C,
BARC_1.01_Gm16_31161985_G_A,ss715624408,Gm16,31530465,A,G,unambiguous:A/G:TOP,G/A,
BARC_1.01_Gm16_31227305_T_C,ss715624415,Gm16,31595784,T,C,unambiguous:T/C:BOT-design,T/C,
BARC_1.01_Gm16_31292709_T_C,ss715624423,Gm16,31661187,T,C,unambiguous:T/C:BOT-design,T/C,
BARC_1.01_Gm16_31332752_G_A,ss715624431,Gm16,31701229,A,G,unambiguous:A/G:TOP,G/A,
BARC_1.01_Gm16_31397286_C_T,ss715624446,Gm16,31765761,T,C,unambiguous:T/C:BOT-design,C/T,
BARC_1.01_Gm16_31454423_G_A,ss715624452,Gm16,31822897,A,G,unambiguous:A/G:TOP,G/A,
BARC_1.01_Gm16_31491620_C_T,ss715624458,Gm16,31860094,T,C,unambiguous:T/C:BOT-design,C/T,
BARC_1.01_Gm16_31547380_T_G,ss715624465,Gm16,31915854,T,G,unambiguous:T/G:BOT-design,T/G,
BARC_1.01_Gm16_31593707_G_A,ss715624470,Gm16,31962179,A,G,unambiguous:A/G:TOP,G/A,
BARC_1.01_Gm16_31710278_G_A,ss715624478,Gm16,32078578,A,G,unambiguous:A/G:TOP,G/A,
BARC_1.01_Gm09_6106747_G_T,ss715605250,Gm09,32205661,T,G,unambiguous:T/G:BOT-design,G/T,
BARC_1.01_Gm16_31787658_T_C,ss715624484,Gm16,32268115,T,C,unambiguous:T/C:BOT-design,T/C,
BARC_1.01_Gm16_31837545_C_T,ss715624487,Gm16,32318002,T,C,unambiguous:T/C:BOT-design,C/T,
BARC_1.01_Gm16_31899513_G_A,ss715624496,Gm16,32379969,A,G,unambiguous:A/G:TOP,G/A,
BARC_1.01_Gm16_31968800_G_A,ss715624503,Gm16,32458318,A,G,unambiguous:A/G:TOP,G/A,
BARC_1.01_Gm16_32017661_A_C,ss715624508,Gm16,32507199,A,C,unambiguous:A/C:TOP,A/C,
BARC_1.01_Gm16_32099047_A_C,ss715624520,Gm16,32588581,A,C,unambiguous:A/C:TOP,A/C,
BARC_1.01_Gm16_32148034_A_G,ss715624527,Gm16,32637581,A,G,unambiguous:A/G:TOP,A/G,
BARC_1.01_Gm16_32200441_A_C,ss715624535,Gm16,32698542,A,C,unambiguous:A/C:TOP,A/C,
BARC_1.01_Gm16_32274336_C_T,ss715624545,Gm16,32772447,T,C,unambiguous:T/C:BOT-design,C/T,
BARC_1.01_Gm16_32340079_G_A,ss715624557,Gm16,32838190,A,G,unambiguous:A/G:TOP,G/A,
BARC_1.01_Gm16_32484340_T_C,ss715624568,Gm16,32984480,T,C,unambiguous:T/C:BOT-design,T/C,
BARC_1.01_Gm16_32534697_A_G,ss715624576,Gm16,33038110,A,G,unambiguous:A/G:TOP,A/G,
BARC_1.01_Gm16_32665742_T_C,ss715624585,Gm16,33167192,T,C,unambiguous:T/C:BOT-design,T/C,
BARC_1.01_Gm16_32876100_A_G,ss715624596,Gm16,33351218,A,G,unambiguous:A/G:TOP,A/G,
BARC_1.01_Gm16_33210540_T_C,ss715624621,Gm16,33701308,T,C,unambiguous:T/C:BOT-design,T/C,
BARC_1.01_Gm16_33360539_T_C,ss715624632,Gm16,33852257,T,C,unambiguous:T/C:BOT-design,T/C,
BARC_1.01_Gm16_33457667_T_G,ss715624640,Gm16,33954686,T,G,unambiguous:T/G:BOT-design,T/G,
BARC_1.01_Gm16_33549185_T_C,ss715624652,Gm16,34046274,T,C,unambiguous:T/C:BOT-design,T/C,
BARC_1.01_Gm16_33608003_A_G,ss715624657,Gm16,34105092,A,G,unambiguous:A/G:TOP,A/G,
BARC_1.01_Gm16_33742275_G_A,ss715624670,Gm16,34239385,A,G,unambiguous:A/G:TOP,G/A,
BARC_1.01_Gm16_33798911_G_A,ss715624680,Gm16,34295975,A,G,unambiguous:A/G:TOP,G/A,
BARC_1.01_Gm16_33875871_T_C,ss715624691,Gm16,34372952,T,C,unambiguous:T/C:BOT-design,T/C,
BARC_1.01_Gm16_34645180_A_G,ss715624728,Gm16,35145590,A,G,unambiguous:A/G:TOP,A/G,
BARC_1.01_Gm16_34685922_G_A,ss715624738,Gm16,35186332,A,G,unambiguous:A/G:TOP,G/A,
BARC_1.01_Gm16_35135922_T_C,ss715624768,Gm16,35633888,T,C,unambiguous:T/C:BOT-design,T/C,
BARC_1.01_Gm16_35148803_T_G,ss715624771,Gm16,35646769,T,G,unambiguous:T/G:BOT-design,T/G,
BARC_1.01_Gm16_35218386_G_T,ss715624781,Gm16,35721993,T,G,unambiguous:T/G:BOT-design,G/T,
BARC_1.01_Gm16_35257348_T_C,ss715624783,Gm16,35760955,T,C,unambiguous:T/C:BOT-design,T/C,
BARC_1.01_Gm16_35322776_G_A,ss715624793,Gm16,35826159,A,G,unambiguous:A/G:TOP,G/A,
BARC_1.01_Gm16_35643452_C_T,ss715624813,Gm16,36146766,T,C,unambiguous:T/C:BOT-design,C/T,
BARC_1.01_Gm16_35700223_G_T,ss715624819,Gm16,36203537,T,G,unambiguous:T/G:BOT-design,G/T,
BARC_1.01_Gm16_35738081_A_G,ss715624823,Gm16,36240907,A,G,unambiguous:A/G:TOP,A/G,
BARC_1.01_Gm16_35816475_T_C,ss715624834,Gm16,36319328,T,C,unambiguous:T/C:BOT-design,T/C,
BARC_1.01_Gm16_35933600_A_G,ss715624847,Gm16,36436443,A,G,unambiguous:A/G:TOP,A/G,
BARC_1.01_Gm16_35973543_G_A,ss715624856,Gm16,36476386,A,G,unambiguous:A/G:TOP,G/A,
BARC_1.01_Gm16_36013043_C_A,ss715624862,Gm16,36515886,A,C,unambiguous:A/C:TOP,C/A,
BARC_1.01_Gm16_36080583_A_C,ss715624870,Gm16,36583392,A,C,unambiguous:A/C:TOP,A/C,
BARC_1.01_Gm16_36132536_T_C,ss715624875,Gm16,36635344,T,C,unambiguous:T/C:BOT-design,T/C,
BARC_1.01_Gm16_36218124_A_G,ss715624888,Gm16,36720932,A,G,unambiguous:A/G:TOP,A/G,
BARC_1.01_Gm16_36271795_C_T,ss715624899,Gm16,36774600,T,C,unambiguous:T/C:BOT-design,C/T,
BARC_1.01_Gm16_36328948_A_G,ss715624906,Gm16,36831753,A,G,unambiguous:A/G:TOP,A/G,
BARC_1.01_Gm16_36413821_C_A,ss715624913,Gm16,36916624,A,C,unambiguous:A/C:TOP,C/A,
BARC_1.01_Gm16_36520601_A_G,ss715624928,Gm16,37023406,A,G,unambiguous:A/G:TOP,A/G,
BARC_1.01_Gm16_36583867_G_A,ss715624938,Gm16,37086672,A,G,unambiguous:A/G:TOP,G/A,
BARC_1.01_Gm16_36622229_T_C,ss715624939,Gm16,37125034,T,C,unambiguous:T/C:BOT-design,T/C,
BARC_1.01_Gm16_36809255_A_C,ss715624964,Gm16,37302137,A,C,unambiguous:A/C:TOP,A/C,
BARC_1.01_Gm16_36888387_C_T,ss715624973,Gm16,37381270,T,C,unambiguous:T/C:BOT-design,C/T,
BARC_1.01_Gm16_36983033_C_A,ss715624985,Gm16,37475915,A,C,unambiguous:A/C:TOP,C/A,
BARC_1.01_Gm16_37026443_G_T,ss715624993,Gm16,37518951,T,G,unambiguous:T/G:BOT-design,G/T,
BARC_1.01_Gm16_37078478_A_G,ss715624996,Gm16,37570986,A,G,unambiguous:A/G:TOP,A/G,
BARC_1.01_Gm16_37161151_A_G,ss715625001,Gm16,37653674,A,G,unambiguous:A/G:TOP,A/G,
BARC_1.01_Gm16_37209075_T_G,ss715625007,Gm16,37701598,T,G,unambiguous:T/G:BOT-design,T/G,
BARC_1.01_Gm16_37319334_C_A,ss715625019,Gm16,37811857,A,C,unambiguous:A/C:TOP,C/A,
BARC_1.01_Gm17_270328_T_C,ss715626580,Gm17,267080,T,C,unambiguous:T/C:BOT-design,T/C,
BARC_1.01_Gm17_311571_C_A,ss715626698,Gm17,308323,A,C,unambiguous:A/C:TOP,C/A,
BARC_1.01_Gm17_361061_G_A,ss715626861,Gm17,357865,A,G,unambiguous:A/G:TOP,G/A,
BARC_1.01_Gm17_504609_A_C,ss715627970,Gm17,501436,A,C,unambiguous:A/C:TOP,A/C,
BARC_1.01_Gm17_534037_T_C,ss715628009,Gm17,530864,T,C,unambiguous:T/C:BOT-design,T/C,
BARC_1.01_Gm17_714916_G_A,ss715628124,Gm17,708626,A,G,unambiguous:A/G:TOP,G/A,
BARC_1.01_Gm17_794264_C_T,ss715628195,Gm17,787974,T,C,unambiguous:T/C:BOT-design,C/T,
BARC_1.01_Gm17_835879_T_C,ss715628244,Gm17,829587,T,C,unambiguous:T/C:BOT-design,T/C,
BARC_1.01_Gm17_910402_T_G,ss715628326,Gm17,904110,T,G,unambiguous:T/G:BOT-design,T/G,
BARC_1.01_Gm17_986489_T_C,ss715628393,Gm17,980197,T,C,unambiguous:T/C:BOT-design,T/C,
BARC_1.01_Gm17_1093503_C_T,ss715625737,Gm17,1087207,T,C,unambiguous:T/C:BOT-design,C/T,
BARC_1.01_Gm17_1300698_A_G,ss715625931,Gm17,1294444,A,G,unambiguous:A/G:TOP,A/G,
BARC_1.01_Gm17_1345174_C_A,ss715626055,Gm17,1338920,A,C,unambiguous:A/C:TOP,C/A,
BARC_1.01_Gm17_1393672_T_G,ss715626133,Gm17,1387432,T,G,unambiguous:T/G:BOT-design,T/G,
BARC_1.01_Gm17_1462946_A_G,ss715626217,Gm17,1456784,A,G,unambiguous:A/G:TOP,A/G,
BARC_1.01_Gm17_1571554_T_C,ss715626254,Gm17,1565350,T,C,unambiguous:T/C:BOT-design,T/C,
BARC_1.01_Gm17_1736595_A_G,ss715626298,Gm17,1730391,A,G,unambiguous:A/G:TOP,A/G,
BARC_1.01_Gm17_1786016_G_A,ss715626310,Gm17,1779817,A,G,unambiguous:A/G:TOP,G/A,
BARC_1.01_Gm17_1918529_T_C,ss715626350,Gm17,1912182,T,C,unambiguous:T/C:BOT-design,T/C,
BARC_1.01_Gm17_2009159_A_G,ss715626371,Gm17,2002814,A,G,unambiguous:A/G:TOP,A/G,
BARC_1.01_Gm17_2161335_A_G,ss715626413,Gm17,2155046,A,G,unambiguous:A/G:TOP,A/G,
BARC_1.01_Gm17_2224271_C_T,ss715626431,Gm17,2217986,T,C,unambiguous:T/C:BOT-design,C/T,
BARC_1.01_Gm17_2327857_T_G,ss715626457,Gm17,2321565,T,G,unambiguous:T/G:BOT-design,T/G,
BARC_1.01_Gm17_2459036_C_A,ss715626503,Gm17,2452744,A,C,unambiguous:A/C:TOP,C/A,
BARC_1.01_Gm17_2581266_T_C,ss715626546,Gm17,2573525,T,C,unambiguous:T/C:BOT-design,T/C,
BARC_1.01_Gm17_2637958_C_T,ss715626562,Gm17,2630218,T,C,unambiguous:T/C:BOT-design,C/T,
BARC_1.01_Gm17_2738765_C_T,ss715626592,Gm17,2731019,T,C,unambiguous:T/C:BOT-design,C/T,
BARC_1.01_Gm17_2761106_A_C,ss715626598,Gm17,2753360,A,C,unambiguous:A/C:TOP,A/C,
BARC_1.01_Gm17_2808530_G_T,ss715626612,Gm17,2800784,T,G,unambiguous:T/G:BOT-design,G/T,
BARC_1.01_Gm17_2899237_G_A,ss715626633,Gm17,2891491,A,G,unambiguous:A/G:TOP,G/A,
BARC_1.01_Gm17_2961953_C_T,ss715626652,Gm17,2954149,T,C,unambiguous:T/C:BOT-design,C/T,
BARC_1.01_Gm17_3091324_C_A,ss715626686,Gm17,3083563,A,C,unambiguous:A/C:TOP,C/A,
BARC_1.01_Gm17_3126540_C_T,ss715626702,Gm17,3118847,T,C,unambiguous:T/C:BOT-design,C/T,
BARC_1.01_Gm17_3172190_C_T,ss715626718,Gm17,3164428,T,C,unambiguous:T/C:BOT-design,C/T,
BARC_1.01_Gm17_3252095_T_C,ss715626740,Gm17,3244333,T,C,unambiguous:T/C:BOT-design,T/C,
BARC_1.01_Gm17_3320209_G_A,ss715626762,Gm17,3312447,A,G,unambiguous:A/G:TOP,G/A,
BARC_1.01_Gm17_3396471_G_A,ss715626784,Gm17,3388708,A,G,unambiguous:A/G:TOP,G/A,
BARC_1.01_Gm17_3500196_C_A,ss715626819,Gm17,3492430,A,C,unambiguous:A/C:TOP,C/A,
BARC_1.01_Gm17_3882060_T_C,ss715627484,Gm17,3611437,T,C,unambiguous:T/C:BOT-design,T/C,
BARC_1.01_Gm17_3915385_T_C,ss715627538,Gm17,3644762,T,C,unambiguous:T/C:BOT-design,T/C,
BARC_1.01_Gm17_4039342_A_G,ss715627709,Gm17,3768720,A,G,unambiguous:A/G:TOP,A/G,
BARC_1.01_Gm17_4127957_T_C,ss715627816,Gm17,3857335,T,C,unambiguous:T/C:BOT-design,T/C,
BARC_1.01_Gm17_4175237_A_G,ss715627864,Gm17,3904615,A,G,unambiguous:A/G:TOP,A/G,
BARC_1.01_Gm17_4216767_G_A,ss715627878,Gm17,3946344,A,G,unambiguous:A/G:TOP,G/A,
BARC_1.01_Gm17_4312738_C_T,ss715627890,Gm17,4042311,T,C,unambiguous:T/C:BOT-design,C/T,
BARC_1.01_Gm17_4367666_G_A,ss715627899,Gm17,4097240,A,G,unambiguous:A/G:TOP,G/A,
BARC_1.01_Gm17_4432877_G_T,ss715627905,Gm17,4162445,T,G,unambiguous:T/G:BOT-design,G/T,
BARC_1.01_Gm17_4640335_A_C,ss715627924,Gm17,4370351,A,C,unambiguous:A/C:TOP,A/C,
BARC_1.01_Gm17_4680961_A_G,ss715627927,Gm17,4410927,A,G,unambiguous:A/G:TOP,A/G,
BARC_1.01_Gm17_4737388_T_G,ss715627931,Gm17,4467354,T,G,unambiguous:T/G:BOT-design,T/G,
BARC_1.01_Gm17_4789679_C_A,ss715627942,Gm17,4519644,A,C,unambiguous:A/C:TOP,C/A,
BARC_1.01_Gm17_4874297_T_G,ss715627948,Gm17,4604270,T,G,unambiguous:T/G:BOT-design,T/G,
BARC_1.01_Gm17_4967175_G_A,ss715627958,Gm17,4697224,A,G,unambiguous:A/G:TOP,G/A,
BARC_1.01_Gm17_5042611_T_G,ss715627969,Gm17,4772652,T,G,unambiguous:T/G:BOT-design,T/G,
BARC_1.01_Gm17_5085904_T_C,ss715627973,Gm17,4815927,T,C,unambiguous:T/C:BOT-design,T/C,
BARC_1.01_Gm17_5143085_T_G,ss715627980,Gm17,4873108,T,G,unambiguous:T/G:BOT-design,T/G,
BARC_1.01_Gm17_5283148_G_T,ss715628003,Gm17,5015660,T,G,unambiguous:T/G:BOT-design,G/T,
BARC_1.01_Gm17_5294475_T_C,ss715628005,Gm17,5026987,T,C,unambiguous:T/C:BOT-design,T/C,
BARC_1.01_Gm17_5384624_A_C,ss715628012,Gm17,5117136,A,C,unambiguous:A/C:TOP,A/C,
BARC_1.01_Gm17_5437401_T_C,ss715628013,Gm17,5169915,T,C,unambiguous:T/C:BOT-design,T/C,
BARC_1.01_Gm17_5502199_T_C,ss715628018,Gm17,5234725,T,C,unambiguous:T/C:BOT-design,T/C,
BARC_1.01_Gm17_5626406_C_T,ss715628028,Gm17,5358882,T,C,unambiguous:T/C:BOT-design,C/T,
BARC_1.01_Gm17_5690186_C_T,ss715628035,Gm17,5422662,T,C,unambiguous:T/C:BOT-design,C/T,
BARC_1.01_Gm17_5793411_T_C,ss715628043,Gm17,5525889,T,C,unambiguous:T/C:BOT-design,T/C,
BARC_1.01_Gm17_5887651_A_G,ss715628048,Gm17,5620407,A,G,unambiguous:A/G:TOP,A/G,
BARC_1.01_Gm17_5982607_A_C,ss715628057,Gm17,5718320,A,C,unambiguous:A/C:TOP,A/C,
BARC_1.01_Gm17_6090553_C_T,ss715628065,Gm17,5826097,T,C,unambiguous:T/C:BOT-design,C/T,
BARC_1.01_Gm17_6153400_T_C,ss715628067,Gm17,5888944,T,C,unambiguous:T/C:BOT-design,T/C,
BARC_1.01_Gm17_6576837_G_T,ss715628090,Gm17,6312383,T,G,unambiguous:T/G:BOT-design,G/T,
BARC_1.01_Gm17_6626715_A_G,ss715628091,Gm17,6362261,A,G,unambiguous:A/G:TOP,A/G,
BARC_1.01_Gm17_6778459_T_G,ss715628104,Gm17,6514005,T,G,unambiguous:T/G:BOT-design,T/G,
BARC_1.01_Gm17_6841753_C_T,ss715628106,Gm17,6577190,T,C,unambiguous:T/C:BOT-design,C/T,
BARC_1.01_Gm17_6999193_T_C,ss715628112,Gm17,6734715,T,C,unambiguous:T/C:BOT-design,T/C,
BARC_1.01_Gm17_7044158_A_G,ss715628118,Gm17,6779679,A,G,unambiguous:A/G:TOP,A/G,
BARC_1.01_Gm17_7113990_A_C,ss715628123,Gm17,6849323,A,C,unambiguous:A/C:TOP,A/C,
BARC_1.01_Gm17_7162023_T_C,ss715628125,Gm17,6897356,T,C,unambiguous:T/C:BOT-design,T/C,
BARC_1.01_Gm17_7280661_C_T,ss715628131,Gm17,7015860,T,C,unambiguous:T/C:BOT-design,C/T,
BARC_1.01_Gm17_7368164_A_G,ss715628137,Gm17,7099140,A,G,unambiguous:A/G:TOP,A/G,
BARC_1.01_Gm17_7461701_A_C,ss715628150,Gm17,7192677,A,C,unambiguous:A/C:TOP,A/C,
BARC_1.01_Gm17_7513295_G_A,ss715628156,Gm17,7242783,A,G,unambiguous:A/G:TOP,G/A,
BARC_1.01_Gm17_7586797_T_C,ss715628167,Gm17,7316285,T,C,unambiguous:T/C:BOT-design,T/C,
BARC_1.01_Gm17_7640951_A_G,ss715628168,Gm17,7370439,A,G,unambiguous:A/G:TOP,A/G,
BARC_1.01_Gm17_7756014_C_T,ss715628176,Gm17,7487007,T,C,unambiguous:T/C:BOT-design,C/T,
BARC_1.01_Gm17_7794179_A_G,ss715628182,Gm17,7525172,A,G,unambiguous:A/G:TOP,A/G,
BARC_1.01_Gm17_7887554_T_C,ss715628191,Gm17,7618109,T,C,unambiguous:T/C:BOT-design,T/C,
BARC_1.01_Gm17_7987599_C_A,ss715628197,Gm17,7718154,A,C,unambiguous:A/C:TOP,C/A,
BARC_1.01_Gm17_8010009_A_C,ss715628199,Gm17,7740564,A,C,unambiguous:A/C:TOP,A/C,
BARC_1.01_Gm17_8109237_A_C,ss715628212,Gm17,7839786,A,C,unambiguous:A/C:TOP,A/C,
BARC_1.01_Gm17_8194356_C_T,ss715628226,Gm17,7924918,T,C,unambiguous:T/C:BOT-design,C/T,
BARC_1.01_Gm17_8270421_A_G,ss715628234,Gm17,8000983,A,G,unambiguous:A/G:TOP,A/G,
BARC_1.01_Gm17_8352493_G_A,ss715628242,Gm17,8080597,A,G,unambiguous:A/G:TOP,G/A,
BARC_1.01_Gm17_8449684_G_A,ss715628259,Gm17,8178483,A,G,unambiguous:A/G:TOP,G/A,
BARC_1.01_Gm17_8563621_G_A,ss715628279,Gm17,8292422,A,G,unambiguous:A/G:TOP,G/A,
BARC_1.01_Gm17_8595668_T_C,ss715628286,Gm17,8324468,T,C,unambiguous:T/C:BOT-design,T/C,
BARC_1.01_Gm17_8679260_G_T,ss715628294,Gm17,8408729,T,G,unambiguous:T/G:BOT-design,G/T,
BARC_1.01_Gm17_8735403_G_A,ss715628296,Gm17,8464870,A,G,unambiguous:A/G:TOP,G/A,
BARC_1.01_Gm17_8841224_C_T,ss715628309,Gm17,8570692,T,C,unambiguous:T/C:BOT-design,C/T,
BARC_1.01_Gm17_8891564_A_G,ss715628311,Gm17,8621032,A,G,unambiguous:A/G:TOP,A/G,
BARC_1.01_Gm17_8939133_A_G,ss715628316,Gm17,8668599,A,G,unambiguous:A/G:TOP,A/G,
BARC_1.01_Gm17_8956091_G_A,ss715628319,Gm17,8685557,A,G,unambiguous:A/G:TOP,G/A,
BARC_1.01_Gm17_9065734_G_A,ss715628324,Gm17,8794927,A,G,unambiguous:A/G:TOP,G/A,
BARC_1.01_Gm17_9114615_A_C,ss715628328,Gm17,8843808,A,C,unambiguous:A/C:TOP,A/C,
BARC_1.01_Gm17_9191781_T_C,ss715628332,Gm17,8920937,T,C,unambiguous:T/C:BOT-design,T/C,
BARC_1.01_Gm17_9278867_G_A,ss715628336,Gm17,9008173,A,G,unambiguous:A/G:TOP,G/A,
BARC_1.01_Gm17_9346364_C_A,ss715628342,Gm17,9075599,A,C,unambiguous:A/C:TOP,C/A,
BARC_1.01_Gm17_9590152_T_G,ss715628367,Gm17,9319718,T,G,unambiguous:T/G:BOT-design,T/G,
BARC_1.01_Gm17_9608605_C_A,ss715628372,Gm17,9338171,A,C,unambiguous:A/C:TOP,C/A,
BARC_1.01_Gm17_9684872_T_C,ss715628380,Gm17,9399802,T,C,unambiguous:T/C:BOT-design,T/C,
BARC_1.01_Gm17_9853877_T_G,ss715628392,Gm17,9567474,T,G,unambiguous:T/G:BOT-design,T/G,
BARC_1.01_Gm17_10106704_C_T,ss715625706,Gm17,9820001,T,C,unambiguous:T/C:BOT-design,C/T,
BARC_1.01_Gm17_10541830_G_T,ss715625715,Gm17,10255609,T,G,unambiguous:T/G:BOT-design,G/T,
BARC_1.01_Gm17_10666981_A_G,ss715625718,Gm17,10380761,A,G,unambiguous:A/G:TOP,A/G,
BARC_1.01_Gm17_10809876_G_A,ss715625728,Gm17,10523743,A,G,unambiguous:A/G:TOP,G/A,
BARC_1.01_Gm17_10876251_A_C,ss715625733,Gm17,10590136,A,C,unambiguous:A/C:TOP,A/C,
BARC_1.01_Gm17_11272874_G_A,ss715625746,Gm17,10995780,A,G,unambiguous:A/G:TOP,G/A,
BARC_1.01_Gm17_11359322_G_T,ss715625760,Gm17,11080989,T,G,unambiguous:T/G:BOT-design,G/T,
BARC_1.01_Gm17_11427710_G_T,ss715625770,Gm17,11149371,T,G,unambiguous:T/G:BOT-design,G/T,
BARC_1.01_Gm17_11501801_A_C,ss715625771,Gm17,11222946,A,C,unambiguous:A/C:TOP,A/C,
BARC_1.01_Gm17_11546048_A_G,ss715625774,Gm17,11267188,A,G,unambiguous:A/G:TOP,A/G,
BARC_1.01_Gm17_11617703_A_C,ss715625775,Gm17,11338860,A,C,unambiguous:A/C:TOP,A/C,
BARC_1.01_Gm17_11683326_G_A,ss715625783,Gm17,11404483,A,G,unambiguous:A/G:TOP,G/A,
BARC_1.01_Gm17_11764758_A_G,ss715625791,Gm17,11485633,A,G,unambiguous:A/G:TOP,A/G,
BARC_1.01_Gm17_11915787_T_G,ss715625808,Gm17,11636681,T,G,unambiguous:T/G:BOT-design,T/G,
BARC_1.01_Gm17_12062312_A_G,ss715625820,Gm17,11792205,A,G,unambiguous:A/G:TOP,A/G,
BARC_1.01_Gm17_12107463_A_C,ss715625822,Gm17,11836449,A,C,unambiguous:A/C:TOP,A/C,
BARC_1.01_Gm17_12210561_A_G,ss715625833,Gm17,11939547,A,G,unambiguous:A/G:TOP,A/G,
BARC_1.01_Gm17_12521600_G_T,ss715625869,Gm17,12259559,T,G,unambiguous:T/G:BOT-design,G/T,
BARC_1.01_Gm17_12684761_C_T,ss715625880,Gm17,12422779,T,C,unambiguous:T/C:BOT-design,C/T,
BARC_1.01_Gm17_12765768_C_T,ss715625886,Gm17,12503786,T,C,unambiguous:T/C:BOT-design,C/T,
BARC_1.01_Gm17_12842825_C_T,ss715625893,Gm17,12580848,T,C,unambiguous:T/C:BOT-design,C/T,
BARC_1.01_Gm17_13125043_G_T,ss715625973,Gm17,12862739,T,G,unambiguous:T/G:BOT-design,G/T,
BARC_1.01_Gm17_13127250_C_T,ss715625974,Gm17,12864946,T,C,unambiguous:T/C:BOT-design,C/T,
BARC_1.01_Gm17_13253012_A_G,ss715626022,Gm17,12990725,A,G,unambiguous:A/G:TOP,A/G,
BARC_1.01_Gm17_13349399_G_A,ss715626036,Gm17,13087010,A,G,unambiguous:A/G:TOP,G/A,
BARC_1.01_Gm17_13438444_G_A,ss715626052,Gm17,13176053,A,G,unambiguous:A/G:TOP,G/A,
BARC_1.01_Gm17_13487812_A_G,ss715626059,Gm17,13225475,A,G,unambiguous:A/G:TOP,A/G,
BARC_1.01_Gm17_13605594_G_T,ss715626083,Gm17,13343256,T,G,unambiguous:T/G:BOT-design,G/T,
BARC_1.01_Gm17_13660920_C_T,ss715626094,Gm17,13398617,T,C,unambiguous:T/C:BOT-design,C/T,
BARC_1.01_Gm17_13722544_A_G,ss715626107,Gm17,13460241,A,G,unambiguous:A/G:TOP,A/G,
BARC_1.01_Gm17_13858247_A_G,ss715626115,Gm17,13604942,A,G,unambiguous:A/G:TOP,A/G,
BARC_1.01_Gm17_13899925_T_C,ss715626121,Gm17,13646620,T,C,unambiguous:T/C:BOT-design,T/C,
BARC_1.01_Gm17_13960326_T_C,ss715626137,Gm17,13706992,T,C,unambiguous:T/C:BOT-design,T/C,
BARC_1.01_Gm17_14083496_A_G,ss715626152,Gm17,13831422,A,G,unambiguous:A/G:TOP,A/G,
BARC_1.01_Gm17_14127379_T_C,ss715626164,Gm17,13875039,T,C,unambiguous:T/C:BOT-design,T/C,
BARC_1.01_Gm17_14264275_A_C,ss715626180,Gm17,14012944,A,C,unambiguous:A/C:TOP,A/C,
BARC_1.01_Gm17_14329235_G_A,ss715626187,Gm17,14077904,A,G,unambiguous:A/G:TOP,G/A,
BARC_1.01_Gm17_14364089_G_T,ss715626194,Gm17,14112758,T,G,unambiguous:T/G:BOT-design,G/T,
BARC_1.01_Gm17_14418215_A_G,ss715626208,Gm17,14166924,A,G,unambiguous:A/G:TOP,A/G,
BARC_1.01_Gm17_14439502_G_A,ss715626210,Gm17,14188211,A,G,unambiguous:A/G:TOP,G/A,
BARC_1.01_Gm17_14781024_A_C,ss715626225,Gm17,14544944,A,C,unambiguous:A/C:TOP,A/C,
BARC_1.01_Gm17_15180479_C_T,ss715626239,Gm17,14944090,T,C,unambiguous:T/C:BOT-design,C/T,
BARC_1.01_Gm17_15391297_T_C,ss715626244,Gm17,15156391,T,C,unambiguous:T/C:BOT-design,T/C,
BARC_1.01_Gm17_15493313_G_T,ss715626247,Gm17,15258296,T,G,unambiguous:T/G:BOT-design,G/T,
BARC_1.01_Gm17_15728938_A_G,ss715626255,Gm17,15493271,A,G,unambiguous:A/G:TOP,A/G,
BARC_1.01_Gm17_15872822_C_T,ss715626258,Gm17,15637177,T,C,unambiguous:T/C:BOT-design,C/T,
BARC_1.01_Gm17_16158023_A_G,ss715626266,Gm17,15940516,A,G,unambiguous:A/G:TOP,A/G,
BARC_1.01_Gm17_17726952_A_G,ss715626307,Gm17,17360912,A,G,unambiguous:A/G:TOP,A/G,
BARC_1.01_Gm17_17971540_A_G,ss715626313,Gm17,17603614,A,G,unambiguous:A/G:TOP,A/G,
BARC_1.01_Gm17_18586619_C_T,ss715626331,Gm17,18232287,T,C,unambiguous:T/C:BOT-design,C/T,
BARC_1.01_Gm17_18770148_A_G,ss715626336,Gm17,18425185,A,G,unambiguous:A/G:TOP,A/G,
BARC_1.01_Gm17_19126049_T_C,ss715626347,Gm17,18790751,T,C,unambiguous:T/C:BOT-design,T/C,
BARC_1.01_Gm17_20043070_T_C,ss715626369,Gm17,19731255,T,C,unambiguous:T/C:BOT-design,T/C,
BARC_1.01_Gm17_20787666_A_G,ss715626388,Gm17,20454583,A,G,unambiguous:A/G:TOP,A/G,
BARC_1.01_Gm17_22702978_G_T,ss715626441,Gm17,22290577,T,G,unambiguous:T/G:BOT-design,G/T,
BARC_1.01_Gm17_23618170_C_T,ss715626464,Gm17,23236006,T,C,unambiguous:T/C:BOT-design,C/T,
BARC_1.01_Gm17_24474211_A_G,ss715626501,Gm17,24094514,A,G,unambiguous:A/G:TOP,A/G,
BARC_1.01_Gm17_25294261_G_A,ss715626528,Gm17,24925330,A,G,unambiguous:A/G:TOP,G/A,
BARC_1.01_Gm17_25728389_A_G,ss715626542,Gm17,25351228,A,G,unambiguous:A/G:TOP,A/G,
BARC_1.01_Gm17_26776447_T_C,ss715626572,Gm17,26362187,T,C,unambiguous:T/C:BOT-design,T/C,
BARC_1.01_Gm17_27791091_G_A,ss715626604,Gm17,27383311,A,G,unambiguous:A/G:TOP,G/A,
BARC_1.01_Gm17_28453746_T_C,ss715626620,Gm17,28119133,T,C,unambiguous:T/C:BOT-design,T/C,
BARC_1.01_Gm17_28538552_C_T,ss715626623,Gm17,28203907,T,C,unambiguous:T/C:BOT-design,C/T,
BARC_1.01_Gm17_30225239_A_G,ss715626665,Gm17,29932281,A,G,unambiguous:A/G:TOP,A/G,
BARC_1.01_Gm17_31111789_G_A,ss715626697,Gm17,30815457,A,G,unambiguous:A/G:TOP,G/A,
BARC_1.01_Gm17_31276262_C_T,ss715626703,Gm17,30978612,T,C,unambiguous:T/C:BOT-design,C/T,
BARC_1.01_Gm17_31544109_C_T,ss715626711,Gm17,31246808,T,C,unambiguous:T/C:BOT-design,C/T,
BARC_1.01_Gm17_32038975_T_G,ss715626724,Gm17,31742522,T,G,unambiguous:T/G:BOT-design,T/G,
BARC_1.01_Gm17_32367167_G_A,ss715626733,Gm17,32037371,A,G,unambiguous:A/G:TOP,G/A,
BARC_1.01_Gm17_32625352_A_G,ss715626744,Gm17,32295875,A,G,unambiguous:A/G:TOP,A/G,
BARC_1.01_Gm17_32801147_T_G,ss715626749,Gm17,32471563,T,G,unambiguous:T/G:BOT-design,T/G,
BARC_1.01_Gm17_33343495_A_G,ss715626767,Gm17,33008592,A,G,unambiguous:A/G:TOP,A/G,
BARC_1.01_Gm17_33637862_T_C,ss715626775,Gm17,33296574,T,C,unambiguous:T/C:BOT-design,T/C,
BARC_1.01_Gm17_33800042_A_G,ss715626778,Gm17,33459845,A,G,unambiguous:A/G:TOP,A/G,
BARC_1.01_Gm17_34217947_T_C,ss715626795,Gm17,33886906,T,C,unambiguous:T/C:BOT-design,T/C,
BARC_1.01_Gm17_34718456_A_G,ss715626812,Gm17,34386619,A,G,unambiguous:A/G:TOP,A/G,
BARC_1.01_Gm17_35260239_A_G,ss715626828,Gm17,34930343,A,G,unambiguous:A/G:TOP,A/G,
BARC_1.01_Gm17_35679376_C_A,ss715626842,Gm17,35347020,A,C,unambiguous:A/C:TOP,C/A,
BARC_1.01_Gm17_36118254_A_G,ss715626863,Gm17,35735621,A,G,unambiguous:A/G:TOP,A/G,
BARC_1.01_Gm17_36269982_G_A,ss715626903,Gm17,35854078,A,G,unambiguous:A/G:TOP,G/A,
BARC_1.01_Gm17_36382955_A_G,ss715626915,Gm17,36093358,A,G,unambiguous:A/G:TOP,A/G,
BARC_1.01_Gm17_36408425_C_T,ss715626922,Gm17,36118829,T,C,unambiguous:T/C:BOT-design,C/T,
BARC_1.01_Gm17_36453965_A_G,ss715626938,Gm17,36164562,A,G,unambiguous:A/G:TOP,A/G,
BARC_1.01_Gm17_36544388_G_A,ss715626982,Gm17,36253917,A,G,unambiguous:A/G:TOP,G/A,
BARC_1.01_Gm17_36602853_A_G,ss715626999,Gm17,36312506,A,G,unambiguous:A/G:TOP,A/G,
BARC_1.01_Gm17_36610073_C_T,ss715627000,Gm17,36319726,T,C,unambiguous:T/C:BOT-design,C/T,
BARC_1.01_Gm17_36684149_A_G,ss715627016,Gm17,36393810,A,G,unambiguous:A/G:TOP,A/G,
BARC_1.01_Gm17_36702131_C_T,ss715627021,Gm17,36411792,T,C,unambiguous:T/C:BOT-design,C/T,
BARC_1.01_Gm17_36782012_T_C,ss715627055,Gm17,36491673,T,C,unambiguous:T/C:BOT-design,T/C,
BARC_1.01_Gm17_36847420_A_G,ss715627072,Gm17,36557081,A,G,unambiguous:A/G:TOP,A/G,
BARC_1.01_Gm17_37204244_A_C,ss715627165,Gm17,36913821,A,C,unambiguous:A/C:TOP,A/C,
BARC_1.01_Gm17_37228278_T_C,ss715627173,Gm17,36937853,T,C,unambiguous:T/C:BOT-design,T/C,
BARC_1.01_Gm17_37335550_T_C,ss715627191,Gm17,37046845,T,C,unambiguous:T/C:BOT-design,T/C,
BARC_1.01_Gm17_37391436_C_T,ss715627203,Gm17,37102731,T,C,unambiguous:T/C:BOT-design,C/T,
BARC_1.01_Gm17_37460294_C_T,ss715627214,Gm17,37171547,T,C,unambiguous:T/C:BOT-design,C/T,
BARC_1.01_Gm17_37574384_T_C,ss715627222,Gm17,37284864,T,C,unambiguous:T/C:BOT-design,T/C,
BARC_1.01_Gm17_37682996_T_C,ss715627229,Gm17,37393528,T,C,unambiguous:T/C:BOT-design,T/C,
BARC_1.01_Gm17_37769727_A_G,ss715627242,Gm17,37480257,A,G,unambiguous:A/G:TOP,A/G,
BARC_1.01_Gm17_37843080_C_A,ss715627247,Gm17,37553627,A,C,unambiguous:A/C:TOP,C/A,
BARC_1.01_Gm17_37989202_C_T,ss715627265,Gm17,37697148,T,C,unambiguous:T/C:BOT-design,C/T,
BARC_1.01_Gm17_38051554_A_C,ss715627282,Gm17,37759500,A,C,unambiguous:A/C:TOP,A/C,
BARC_1.01_Gm17_38170820_T_C,ss715627319,Gm17,37879049,T,C,unambiguous:T/C:BOT-design,T/C,
BARC_1.01_Gm17_38282072_G_A,ss715627350,Gm17,37990017,A,G,unambiguous:A/G:TOP,G/A,
BARC_1.01_Gm17_38361476_G_T,ss715627377,Gm17,38069333,T,G,unambiguous:T/G:BOT-design,G/T,
BARC_1.01_Gm17_38461325_T_C,ss715627401,Gm17,38169190,T,C,unambiguous:T/C:BOT-design,T/C,
BARC_1.01_Gm17_38465611_G_A,ss715627403,Gm17,38173476,A,G,unambiguous:A/G:TOP,G/A,
BARC_1.01_Gm17_38540012_A_G,ss715627432,Gm17,38247877,A,G,unambiguous:A/G:TOP,A/G,
BARC_1.01_Gm17_38601758_G_A,ss715627445,Gm17,38309629,A,G,unambiguous:A/G:TOP,G/A,
BARC_1.01_Gm17_38663168_G_A,ss715627461,Gm17,38370741,A,G,unambiguous:A/G:TOP,G/A,
BARC_1.01_Gm17_38712454_G_A,ss715627467,Gm17,38419652,A,G,unambiguous:A/G:TOP,G/A,
BARC_1.01_Gm17_38766156_T_C,ss715627477,Gm17,38473354,T,C,unambiguous:T/C:BOT-design,T/C,
BARC_1.01_Gm17_38840463_A_G,ss715627489,Gm17,38547661,A,G,unambiguous:A/G:TOP,A/G,
BARC_1.01_Gm17_38928146_G_A,ss715627505,Gm17,38635344,A,G,unambiguous:A/G:TOP,G/A,
BARC_1.01_Gm17_38986488_G_A,ss715627511,Gm17,38693686,A,G,unambiguous:A/G:TOP,G/A,
BARC_1.01_Gm17_39051833_C_T,ss715627522,Gm17,38768040,T,C,unambiguous:T/C:BOT-design,C/T,
BARC_1.01_Gm17_39167346_G_A,ss715627539,Gm17,38882864,A,G,unambiguous:A/G:TOP,G/A,
BARC_1.01_Gm17_39218332_T_C,ss715627546,Gm17,38942962,T,C,unambiguous:T/C:BOT-design,T/C,
BARC_1.01_Gm17_39295184_G_A,ss715627556,Gm17,39019814,A,G,unambiguous:A/G:TOP,G/A,
BARC_1.01_Gm17_39388462_A_G,ss715627567,Gm17,39113097,A,G,unambiguous:A/G:TOP,A/G,
BARC_1.01_Gm17_39479718_C_T,ss715627583,Gm17,39204594,T,C,unambiguous:T/C:BOT-design,C/T,
BARC_1.01_Gm17_39532657_C_A,ss715627594,Gm17,39257059,A,C,unambiguous:A/C:TOP,C/A,
BARC_1.01_Gm17_39584371_G_A,ss715627603,Gm17,39308794,A,G,unambiguous:A/G:TOP,G/A,
BARC_1.01_Gm17_39640029_G_A,ss715627615,Gm17,39364452,A,G,unambiguous:A/G:TOP,G/A,
BARC_1.01_Gm17_39702186_T_G,ss715627621,Gm17,39426610,T,G,unambiguous:T/G:BOT-design,T/G,
BARC_1.01_Gm17_39797024_C_T,ss715627637,Gm17,39521449,T,C,unambiguous:T/C:BOT-design,C/T,
BARC_1.01_Gm17_39804515_T_C,ss715627640,Gm17,39528940,T,C,unambiguous:T/C:BOT-design,T/C,
BARC_1.01_Gm17_39891056_A_G,ss715627649,Gm17,39615478,A,G,unambiguous:A/G:TOP,A/G,
BARC_1.01_Gm17_39948312_A_G,ss715627656,Gm17,39672744,A,G,unambiguous:A/G:TOP,A/G,
BARC_1.01_Gm17_40022869_C_T,ss715627663,Gm17,39746697,T,C,unambiguous:T/C:BOT-design,C/T,
BARC_1.01_Gm17_40102736_A_C,ss715627677,Gm17,39826609,A,C,unambiguous:A/C:TOP,A/C,
BARC_1.01_Gm17_40125829_A_G,ss715627681,Gm17,39858845,A,G,unambiguous:A/G:TOP,A/G,
BARC_1.01_Gm17_40173327_C_T,ss715627688,Gm17,39906257,T,C,unambiguous:T/C:BOT-design,C/T,
BARC_1.01_Gm17_40335241_A_G,ss715627700,Gm17,40068238,A,G,unambiguous:A/G:TOP,A/G,
BARC_1.01_Gm17_40393123_G_A,ss715627708,Gm17,40126120,A,G,unambiguous:A/G:TOP,G/A,
BARC_1.01_Gm17_40452379_C_T,ss715627714,Gm17,40185759,T,C,unambiguous:T/C:BOT-design,C/T,
BARC_1.01_Gm17_40538815_C_T,ss715627726,Gm17,40272132,T,C,unambiguous:T/C:BOT-design,C/T,
BARC_1.01_Gm17_40583000_A_G,ss715627728,Gm17,40316317,A,G,unambiguous:A/G:TOP,A/G,
BARC_1.01_Gm17_40690561_C_T,ss715627739,Gm17,40423701,T,C,unambiguous:T/C:BOT-design,C/T,
BARC_1.01_Gm17_40827927_A_C,ss715627750,Gm17,40561123,A,C,unambiguous:A/C:TOP,A/C,
BARC_1.01_Gm17_40876856_G_A,ss715627762,Gm17,40610052,A,G,unambiguous:A/G:TOP,G/A,
BARC_1.01_Gm17_41011181_G_T,ss715627785,Gm17,40744377,T,G,unambiguous:T/G:BOT-design,G/T,
BARC_1.01_Gm17_41063513_T_C,ss715627791,Gm17,40796709,T,C,unambiguous:T/C:BOT-design,T/C,
BARC_1.01_Gm17_41132916_G_A,ss715627797,Gm17,40866263,A,G,unambiguous:A/G:TOP,G/A,
BARC_1.01_Gm17_41175489_A_G,ss715627803,Gm17,40908836,A,G,unambiguous:A/G:TOP,A/G,
BARC_1.01_Gm17_41202044_T_C,ss715627808,Gm17,40935537,T,C,unambiguous:T/C:BOT-design,T/C,
BARC_1.01_Gm17_41318735_A_G,ss715627819,Gm17,41052244,A,G,unambiguous:A/G:TOP,A/G,
BARC_1.01_Gm17_41365258_G_A,ss715627820,Gm17,41098767,A,G,unambiguous:A/G:TOP,G/A,
BARC_1.01_Gm17_41481512_T_C,ss715627826,Gm17,41215021,T,C,unambiguous:T/C:BOT-design,T/C,
BARC_1.01_Gm17_41526008_G_A,ss715627831,Gm17,41259517,A,G,unambiguous:A/G:TOP,G/A,
BARC_1.01_Gm17_41585706_A_C,ss715627837,Gm17,41319215,A,C,unambiguous:A/C:TOP,A/C,
BARC_1.01_Gm17_41674343_A_C,ss715627848,Gm17,41407995,A,C,unambiguous:A/C:TOP,A/C,
BARC_1.01_Gm17_41866889_G_A,ss715627870,Gm17,41600558,A,G,unambiguous:A/G:TOP,G/A,
BARC_1.01_Gm18_54979_G_A,ss715631618,Gm18,54979,A,G,unambiguous:A/G:TOP,G/A,
BARC_1.01_Gm18_122382_A_G,ss715628675,Gm18,122380,A,G,unambiguous:A/G:TOP,A/G,
BARC_1.01_Gm18_200292_A_G,ss715629677,Gm18,200326,A,G,unambiguous:A/G:TOP,A/G,
BARC_1.01_Gm18_298221_T_C,ss715630175,Gm18,298263,T,C,unambiguous:T/C:BOT-design,T/C,
BARC_1.01_Gm18_347275_C_A,ss715630339,Gm18,347317,A,C,unambiguous:A/C:TOP,C/A,
BARC_1.01_Gm18_458242_T_G,ss715630642,Gm18,458284,T,G,unambiguous:T/G:BOT-design,T/G,
BARC_1.01_Gm18_580733_C_T,ss715631941,Gm18,581209,T,C,unambiguous:T/C:BOT-design,C/T,
BARC_1.01_Gm18_665101_T_G,ss715632544,Gm18,665442,T,G,unambiguous:T/G:BOT-design,T/G,
BARC_1.01_Gm18_747510_C_A,ss715632654,Gm18,747851,A,C,unambiguous:A/C:TOP,C/A,
BARC_1.01_Gm18_829765_C_A,ss715632757,Gm18,830106,A,C,unambiguous:A/C:TOP,C/A,
BARC_1.01_Gm18_879821_T_C,ss715632814,Gm18,880162,T,C,unambiguous:T/C:BOT-design,T/C,
BARC_1.01_Gm18_930251_C_T,ss715632895,Gm18,930588,T,C,unambiguous:T/C:BOT-design,C/T,
BARC_1.01_Gm18_963047_A_G,ss715632947,Gm18,963384,A,G,unambiguous:A/G:TOP,A/G,
BARC_1.01_Gm18_1010310_C_T,ss715628401,Gm18,1010646,T,C,unambiguous:T/C:BOT-design,C/T,
BARC_1.01_Gm18_1056515_C_T,ss715628445,Gm18,1056851,T,C,unambiguous:T/C:BOT-design,C/T,
BARC_1.01_Gm18_1112389_C_A,ss715628511,Gm18,1112725,A,C,unambiguous:A/C:TOP,C/A,
BARC_1.01_Gm18_1158628_A_G,ss715628583,Gm18,1158964,A,G,unambiguous:A/G:TOP,A/G,
BARC_1.01_Gm18_1235422_T_C,ss715628694,Gm18,1235758,T,C,unambiguous:T/C:BOT-design,T/C,
BARC_1.01_Gm18_1308443_A_G,ss715628823,Gm18,1308798,A,G,unambiguous:A/G:TOP,A/G,
BARC_1.01_Gm18_1427298_G_T,ss715628955,Gm18,1427672,T,G,unambiguous:T/G:BOT-design,G/T,
BARC_1.01_Gm18_1483312_C_T,ss715629043,Gm18,1483686,T,C,unambiguous:T/C:BOT-design,C/T,
BARC_1.01_Gm18_1562162_G_A,ss715629144,Gm18,1562536,A,G,unambiguous:A/G:TOP,G/A,
BARC_1.01_Gm18_1620585_T_C,ss715629217,Gm18,1621020,T,C,unambiguous:T/C:BOT-design,T/C,
BARC_1.01_Gm18_1712832_T_C,ss715629296,Gm18,1713268,T,C,unambiguous:T/C:BOT-design,T/C,
BARC_1.01_Gm18_1788740_C_T,ss715629367,Gm18,1789189,T,C,unambiguous:T/C:BOT-design,C/T,
BARC_1.01_Gm18_1848675_G_A,ss715629442,Gm18,1849202,A,G,unambiguous:A/G:TOP,G/A,
BARC_1.01_Gm18_1909453_T_C,ss715629539,Gm18,1909982,T,C,unambiguous:T/C:BOT-design,T/C,
BARC_1.01_Gm18_1957770_T_C,ss715629620,Gm18,1958299,T,C,unambiguous:T/C:BOT-design,T/C,
BARC_1.01_Gm18_2007638_G_T,ss715629684,Gm18,2008166,T,G,unambiguous:T/G:BOT-design,G/T,
BARC_1.01_Gm18_2103682_T_G,ss715629866,Gm18,2104210,T,G,unambiguous:T/G:BOT-design,T/G,
BARC_1.01_Gm18_2178121_C_T,ss715629921,Gm18,2178648,T,C,unambiguous:T/C:BOT-design,C/T,
BARC_1.01_Gm18_2228646_C_T,ss715629936,Gm18,2229173,T,C,unambiguous:T/C:BOT-design,C/T,
BARC_1.01_Gm18_2284997_A_G,ss715629957,Gm18,2294554,A,G,unambiguous:A/G:TOP,A/G,
BARC_1.01_Gm18_2357279_C_T,ss715629979,Gm18,2366836,T,C,unambiguous:T/C:BOT-design,C/T,
BARC_1.01_Gm18_2438838_A_G,ss715630006,Gm18,2448414,A,G,unambiguous:A/G:TOP,A/G,
BARC_1.01_Gm18_2493998_C_T,ss715630025,Gm18,2503548,T,C,unambiguous:T/C:BOT-design,C/T,
BARC_1.01_Gm18_2573163_G_A,ss715630042,Gm18,2583531,A,G,unambiguous:A/G:TOP,G/A,
BARC_1.01_Gm18_2624621_C_T,ss715630057,Gm18,2634989,T,C,unambiguous:T/C:BOT-design,C/T,
BARC_1.01_Gm18_2684576_G_A,ss715630080,Gm18,2694944,A,G,unambiguous:A/G:TOP,G/A,
BARC_1.01_Gm18_2788360_G_T,ss715630114,Gm18,2798728,T,G,unambiguous:T/G:BOT-design,G/T,
BARC_1.01_Gm18_2833147_G_A,ss715630131,Gm18,2843515,A,G,unambiguous:A/G:TOP,G/A,
BARC_1.01_Gm18_2919236_T_G,ss715630160,Gm18,2929604,T,G,unambiguous:T/G:BOT-design,T/G,
BARC_1.01_Gm18_2991817_T_C,ss715630178,Gm18,3002013,T,C,unambiguous:T/C:BOT-design,T/C,
BARC_1.01_Gm18_3047836_T_C,ss715630193,Gm18,3058000,T,C,unambiguous:T/C:BOT-design,T/C,
BARC_1.01_Gm18_3103376_A_G,ss715630215,Gm18,3113540,A,G,unambiguous:A/G:TOP,A/G,
BARC_1.01_Gm18_3169557_A_C,ss715630235,Gm18,3179746,A,C,unambiguous:A/C:TOP,A/C,
BARC_1.01_Gm18_3219211_C_T,ss715630257,Gm18,3230843,T,C,unambiguous:T/C:BOT-design,C/T,
BARC_1.01_Gm18_3353287_A_G,ss715630304,Gm18,3379864,A,G,unambiguous:A/G:TOP,A/G,
BARC_1.01_Gm18_3448045_A_G,ss715630330,Gm18,3474294,A,G,unambiguous:A/G:TOP,A/G,
BARC_1.01_Gm18_3566129_A_G,ss715630362,Gm18,3589508,A,G,unambiguous:A/G:TOP,A/G,
BARC_1.01_Gm18_3659392_C_T,ss715630387,Gm18,3681514,T,C,unambiguous:T/C:BOT-design,C/T,
BARC_1.01_Gm18_3715229_A_G,ss715630406,Gm18,3737351,A,G,unambiguous:A/G:TOP,A/G,
BARC_1.01_Gm18_3778293_G_A,ss715630422,Gm18,3800415,A,G,unambiguous:A/G:TOP,G/A,
BARC_1.01_Gm18_3851900_G_A,ss715630447,Gm18,3874018,A,G,unambiguous:A/G:TOP,G/A,
BARC_1.01_Gm18_3954704_C_T,ss715630479,Gm18,3977064,T,C,unambiguous:T/C:BOT-design,C/T,
BARC_1.01_Gm18_4009468_T_C,ss715630489,Gm18,4032003,T,C,unambiguous:T/C:BOT-design,T/C,
BARC_1.01_Gm18_4080103_T_C,ss715630497,Gm18,4102444,T,C,unambiguous:T/C:BOT-design,T/C,
BARC_1.01_Gm18_4188718_A_C,ss715630520,Gm18,4207722,A,C,unambiguous:A/C:TOP,A/C,
BARC_1.01_Gm18_4235290_T_C,ss715630540,Gm18,4254294,T,C,unambiguous:T/C:BOT-design,T/C,
BARC_1.01_Gm18_4324818_G_T,ss715630568,Gm18,4344194,T,G,unambiguous:T/G:BOT-design,G/T,
BARC_1.01_Gm18_4387340_A_G,ss715630589,Gm18,4408679,A,G,unambiguous:A/G:TOP,A/G,
BARC_1.01_Gm18_4547578_G_T,ss715630630,Gm18,4568354,T,G,unambiguous:T/G:BOT-design,G/T,
BARC_1.01_Gm18_4622873_G_A,ss715630660,Gm18,4643663,A,G,unambiguous:A/G:TOP,G/A,
BARC_1.01_Gm18_4680723_C_T,ss715630683,Gm18,4701507,T,C,unambiguous:T/C:BOT-design,C/T,
BARC_1.01_Gm18_4754894_C_T,ss715630733,Gm18,4775910,T,C,unambiguous:T/C:BOT-design,C/T,
BARC_1.01_Gm18_4820361_G_T,ss715630850,Gm18,4837122,T,G,unambiguous:T/G:BOT-design,G/T,
BARC_1.01_Gm18_4869174_C_T,ss715630903,Gm18,4886585,T,C,unambiguous:T/C:BOT-design,C/T,
BARC_1.01_Gm18_4921501_A_G,ss715631000,Gm18,4938736,A,G,unambiguous:A/G:TOP,A/G,
BARC_1.01_Gm18_4979434_T_G,ss715631061,Gm18,4996669,T,G,unambiguous:T/G:BOT-design,T/G,
BARC_1.01_Gm18_5133882_G_A,ss715631188,Gm18,5151897,A,G,unambiguous:A/G:TOP,G/A,
BARC_1.01_Gm18_5214788_T_C,ss715631312,Gm18,5232803,T,C,unambiguous:T/C:BOT-design,T/C,
BARC_1.01_Gm18_5305873_T_C,ss715631407,Gm18,5323509,T,C,unambiguous:T/C:BOT-design,T/C,
BARC_1.01_Gm18_5403212_A_G,ss715631531,Gm18,5429903,A,G,unambiguous:A/G:TOP,A/G,
BARC_1.01_Gm18_5522831_A_C,ss715631642,Gm18,5549532,A,C,unambiguous:A/C:TOP,A/C,
BARC_1.01_Gm18_5715081_A_G,ss715631838,Gm18,5742223,A,G,unambiguous:A/G:TOP,A/G,
BARC_1.01_Gm18_5961229_G_A,ss715632179,Gm18,5998461,A,G,unambiguous:A/G:TOP,G/A,
BARC_1.01_Gm18_6032670_T_G,ss715632280,Gm18,6069903,T,G,unambiguous:T/G:BOT-design,T/G,
BARC_1.01_Gm18_6117413_A_C,ss715632399,Gm18,6155507,A,C,unambiguous:A/C:TOP,A/C,
BARC_1.01_Gm18_6229133_A_G,ss715632517,Gm18,6267227,A,G,unambiguous:A/G:TOP,A/G,
BARC_1.01_Gm18_6370950_A_G,ss715632523,Gm18,6393112,A,G,unambiguous:A/G:TOP,A/G,
BARC_1.01_Gm18_6528611_G_A,ss715632529,Gm18,6554086,A,G,unambiguous:A/G:TOP,G/A,
BARC_1.01_Gm18_6584445_C_T,ss715632537,Gm18,6609920,T,C,unambiguous:T/C:BOT-design,C/T,
BARC_1.01_Gm18_6636054_G_T,ss715632542,Gm18,6661172,T,G,unambiguous:T/G:BOT-design,G/T,
BARC_1.01_Gm18_6697094_C_T,ss715632549,Gm18,6722212,T,C,unambiguous:T/C:BOT-design,C/T,
BARC_1.01_Gm18_6764775_G_T,ss715632556,Gm18,6790349,T,G,unambiguous:T/G:BOT-design,G/T,
BARC_1.01_Gm18_6840290_T_C,ss715632566,Gm18,6864787,T,C,unambiguous:T/C:BOT-design,T/C,
BARC_1.01_Gm18_6909361_G_A,ss715632577,Gm18,6933896,A,G,unambiguous:A/G:TOP,G/A,
BARC_1.01_Gm18_7012291_T_C,ss715632589,Gm18,7035552,T,C,unambiguous:T/C:BOT-design,T/C,
BARC_1.01_Gm18_7149340_A_G,ss715632610,Gm18,7172561,A,G,unambiguous:A/G:TOP,A/G,
BARC_1.01_Gm18_7233159_C_A,ss715632624,Gm18,7255708,A,C,unambiguous:A/C:TOP,C/A,
BARC_1.01_Gm18_7290439_G_A,ss715632633,Gm18,7312517,A,G,unambiguous:A/G:TOP,G/A,
BARC_1.01_Gm18_7348168_A_G,ss715632637,Gm18,7370390,A,G,unambiguous:A/G:TOP,A/G,
BARC_1.01_Gm18_7428216_T_C,ss715632647,Gm18,7450433,T,C,unambiguous:T/C:BOT-design,T/C,
BARC_1.01_Gm18_7515726_T_C,ss715632657,Gm18,7537875,T,C,unambiguous:T/C:BOT-design,T/C,
BARC_1.01_Gm18_7573213_G_A,ss715632667,Gm18,7595362,A,G,unambiguous:A/G:TOP,G/A,
BARC_1.01_Gm18_7642946_A_G,ss715632675,Gm18,7665095,A,G,unambiguous:A/G:TOP,A/G,
BARC_1.01_Gm18_7719346_C_T,ss715632682,Gm18,7741448,T,C,unambiguous:T/C:BOT-design,C/T,
BARC_1.01_Gm18_7790416_C_T,ss715632686,Gm18,7812457,T,C,unambiguous:T/C:BOT-design,C/T,
BARC_1.01_Gm18_7825297_C_A,ss715632691,Gm18,7847344,A,C,unambiguous:A/C:TOP,C/A,
BARC_1.01_Gm18_7895324_G_A,ss715632703,Gm18,7917371,A,G,unambiguous:A/G:TOP,G/A,
BARC_1.01_Gm18_8132411_A_G,ss715632741,Gm18,8151524,A,G,unambiguous:A/G:TOP,A/G,
BARC_1.01_Gm18_8353330_T_C,ss715632767,Gm18,8368607,T,C,unambiguous:T/C:BOT-design,T/C,
BARC_1.01_Gm18_8448247_G_A,ss715632783,Gm18,8463305,A,G,unambiguous:A/G:TOP,G/A,
BARC_1.01_Gm18_8460381_A_G,ss715632787,Gm18,8476082,A,G,unambiguous:A/G:TOP,A/G,
BARC_1.01_Gm18_8519230_C_T,ss715632796,Gm18,8535793,T,C,unambiguous:T/C:BOT-design,C/T,
BARC_1.01_Gm18_8777288_A_G,ss715632812,Gm18,8610863,A,G,unambiguous:A/G:TOP,A/G,
BARC_1.01_Gm18_8851746_A_G,ss715632820,Gm18,8886122,A,G,unambiguous:A/G:TOP,A/G,
BARC_1.01_Gm18_8937974_T_C,ss715632835,Gm18,8970545,T,C,unambiguous:T/C:BOT-design,T/C,
BARC_1.01_Gm18_9033598_G_A,ss715632853,Gm18,9066013,A,G,unambiguous:A/G:TOP,G/A,
BARC_1.01_Gm18_9133223_C_A,ss715632869,Gm18,9165638,A,C,unambiguous:A/C:TOP,C/A,
BARC_1.01_Gm18_9265696_A_G,ss715632887,Gm18,9327448,A,G,unambiguous:A/G:TOP,A/G,
BARC_1.01_Gm18_9359843_A_G,ss715632904,Gm18,9421447,A,G,unambiguous:A/G:TOP,A/G,
BARC_1.01_Gm18_9382031_T_C,ss715632909,Gm18,9443635,T,C,unambiguous:T/C:BOT-design,T/C,
BARC_1.01_Gm18_9665720_C_T,ss715632951,Gm18,9703608,T,C,unambiguous:T/C:BOT-design,C/T,
BARC_1.01_Gm18_9678773_T_C,ss715632953,Gm18,9716661,T,C,unambiguous:T/C:BOT-design,T/C,
BARC_1.01_Gm18_9770108_C_T,ss715632965,Gm18,9802577,T,C,unambiguous:T/C:BOT-design,C/T,
BARC_1.01_Gm18_9834584_T_C,ss715632974,Gm18,9867053,T,C,unambiguous:T/C:BOT-design,T/C,
BARC_1.01_Gm18_9886770_G_A,ss715632987,Gm18,9919239,A,G,unambiguous:A/G:TOP,G/A,
BARC_1.01_Gm18_9992192_C_A,ss715633011,Gm18,10024678,A,C,unambiguous:A/C:TOP,C/A,
BARC_1.01_Gm18_10114401_T_C,ss715628403,Gm18,10146857,T,C,unambiguous:T/C:BOT-design,T/C,
BARC_1.01_Gm18_10445035_A_G,ss715628436,Gm18,10480607,A,G,unambiguous:A/G:TOP,A/G,
BARC_1.01_Gm18_10709433_A_G,ss715628454,Gm18,10744140,A,G,unambiguous:A/G:TOP,A/G,
BARC_1.01_Gm18_10830653_G_A,ss715628468,Gm18,10865360,A,G,unambiguous:A/G:TOP,G/A,
BARC_1.01_Gm18_11342996_T_C,ss715628549,Gm18,11368997,T,C,unambiguous:T/C:BOT-design,T/C,
BARC_1.01_Gm18_11614607_T_C,ss715628588,Gm18,11640527,T,C,unambiguous:T/C:BOT-design,T/C,
BARC_1.01_Gm18_11664722_A_G,ss715628595,Gm18,11690639,A,G,unambiguous:A/G:TOP,A/G,
BARC_1.01_Gm18_11781170_C_T,ss715628614,Gm18,11807087,T,C,unambiguous:T/C:BOT-design,C/T,
BARC_1.01_Gm18_11888699_G_A,ss715628627,Gm18,11914616,A,G,unambiguous:A/G:TOP,G/A,
BARC_1.01_Gm18_11934215_G_T,ss715628632,Gm18,11960134,T,G,unambiguous:T/G:BOT-design,G/T,
BARC_1.01_Gm18_12025451_T_C,ss715628651,Gm18,12051372,T,C,unambiguous:T/C:BOT-design,T/C,
BARC_1.01_Gm18_12202303_C_A,ss715628669,Gm18,12227561,A,C,unambiguous:A/C:TOP,C/A,
BARC_1.01_Gm18_12406839_A_G,ss715628702,Gm18,12434086,A,G,unambiguous:A/G:TOP,A/G,
BARC_1.01_Gm18_12477258_A_G,ss715628713,Gm18,12504499,A,G,unambiguous:A/G:TOP,A/G,
BARC_1.01_Gm18_12545953_G_A,ss715628727,Gm18,12575330,A,G,unambiguous:A/G:TOP,G/A,
BARC_1.01_Gm18_12791503_A_G,ss715628773,Gm18,12820484,A,G,unambiguous:A/G:TOP,A/G,
BARC_1.01_Gm18_12805012_G_A,ss715628776,Gm18,12833993,A,G,unambiguous:A/G:TOP,G/A,
BARC_1.01_Gm18_13080290_C_T,ss715628821,Gm18,13108531,T,C,unambiguous:T/C:BOT-design,C/T,
BARC_1.01_Gm18_13166954_A_G,ss715628836,Gm18,13195341,A,G,unambiguous:A/G:TOP,A/G,
BARC_1.01_Gm18_13218800_A_G,ss715628843,Gm18,13247187,A,G,unambiguous:A/G:TOP,A/G,
BARC_1.01_Gm18_13242941_T_C,ss715628846,Gm18,13271328,T,C,unambiguous:T/C:BOT-design,T/C,
BARC_1.01_Gm18_13676905_G_A,ss715628903,Gm18,13705653,A,G,unambiguous:A/G:TOP,G/A,
BARC_1.01_Gm18_14396034_A_G,ss715628971,Gm18,14145677,A,G,unambiguous:A/G:TOP,A/G,
BARC_1.01_Gm18_14859936_G_T,ss715629047,Gm18,14603631,T,G,unambiguous:T/G:BOT-design,G/T,
BARC_1.01_Gm18_14951019_T_C,ss715629058,Gm18,14694627,T,C,unambiguous:T/C:BOT-design,T/C,
BARC_1.01_Gm18_15324039_A_G,ss715629107,Gm18,15066204,A,G,unambiguous:A/G:TOP,A/G,
BARC_1.01_Gm18_15595633_A_G,ss715629143,Gm18,15337852,A,G,unambiguous:A/G:TOP,A/G,
BARC_1.01_Gm18_15628680_G_A,ss715629146,Gm18,15370899,A,G,unambiguous:A/G:TOP,G/A,
BARC_1.01_Gm18_15669089_G_A,ss715629155,Gm18,15410992,A,G,unambiguous:A/G:TOP,G/A,
BARC_1.01_Gm18_16141327_G_A,ss715629212,Gm18,15891405,A,G,unambiguous:A/G:TOP,G/A,
BARC_1.01_Gm18_16378492_T_G,ss715629240,Gm18,16124906,T,G,unambiguous:T/G:BOT-design,T/G,
BARC_1.01_Gm18_16558572_C_T,ss715629254,Gm18,16304791,T,C,unambiguous:T/C:BOT-design,C/T,
BARC_1.01_Gm18_16599453_T_C,ss715629259,Gm18,16345636,T,C,unambiguous:T/C:BOT-design,T/C,
BARC_1.01_Gm18_16728761_A_C,ss715629265,Gm18,16477016,A,C,unambiguous:A/C:TOP,A/C,
BARC_1.01_Gm18_17690549_C_T,ss715629349,Gm18,17445520,T,C,unambiguous:T/C:BOT-design,C/T,
BARC_1.01_Gm18_18199183_G_A,ss715629405,Gm18,17957598,A,G,unambiguous:A/G:TOP,G/A,
BARC_1.01_Gm18_18437706_A_G,ss715629430,Gm18,18195636,A,G,unambiguous:A/G:TOP,A/G,
BARC_1.01_Gm18_18565643_A_C,ss715629448,Gm18,18320725,A,C,unambiguous:A/C:TOP,A/C,
BARC_1.01_Gm18_18576322_T_C,ss715629449,Gm18,18331404,T,C,unambiguous:T/C:BOT-design,T/C,
BARC_1.01_Gm18_18650956_C_T,ss715629465,Gm18,18405147,T,C,unambiguous:T/C:BOT-design,C/T,
BARC_1.01_Gm18_19349342_C_T,ss715629576,Gm18,19100405,T,C,unambiguous:T/C:BOT-design,C/T,
BARC_1.01_Gm18_19666596_C_T,ss715629634,Gm18,19416657,T,C,unambiguous:T/C:BOT-design,C/T,
BARC_1.01_Gm18_20016356_G_A,ss715629675,Gm18,19772410,A,G,unambiguous:A/G:TOP,G/A,
BARC_1.01_Gm18_20199219_T_C,ss715629709,Gm18,19955096,T,C,unambiguous:T/C:BOT-design,T/C,
BARC_1.01_Gm18_20208232_G_A,ss715629713,Gm18,19964109,A,G,unambiguous:A/G:TOP,G/A,
BARC_1.01_Gm18_20552071_A_G,ss715629774,Gm18,20306983,A,G,unambiguous:A/G:TOP,A/G,
BARC_1.01_Gm18_20636417_C_T,ss715629786,Gm18,20391329,T,C,unambiguous:T/C:BOT-design,C/T,
BARC_1.01_Gm18_20664588_G_T,ss715629792,Gm18,20419500,T,G,unambiguous:T/G:BOT-design,G/T,
BARC_1.01_Gm18_20756476_G_T,ss715629811,Gm18,20502705,T,G,unambiguous:T/G:BOT-design,G/T,
BARC_1.01_Gm18_21042079_T_C,ss715629868,Gm18,20789892,T,C,unambiguous:T/C:BOT-design,T/C,
BARC_1.01_Gm18_21626428_C_A,ss715629916,Gm18,21365639,A,C,unambiguous:A/C:TOP,C/A,
BARC_1.01_Gm18_21677373_C_T,ss715629917,Gm18,21416584,T,C,unambiguous:T/C:BOT-design,C/T,
BARC_1.01_Gm18_21873812_C_T,ss715629923,Gm18,21629092,T,C,unambiguous:T/C:BOT-design,C/T,
BARC_1.01_Gm18_22152820_T_G,ss715629930,Gm18,21908634,T,G,unambiguous:T/G:BOT-design,T/G,
BARC_1.01_Gm18_22369640_C_T,ss715629939,Gm18,22126449,T,C,unambiguous:T/C:BOT-design,C/T,
BARC_1.01_Gm18_22636376_G_T,ss715629948,Gm18,22400675,T,G,unambiguous:T/G:BOT-design,G/T,
BARC_1.01_Gm18_23775050_C_T,ss715629987,Gm18,23539516,T,C,unambiguous:T/C:BOT-design,C/T,
BARC_1.01_Gm18_24296638_T_C,ss715630001,Gm18,24066397,T,C,unambiguous:T/C:BOT-design,T/C,
BARC_1.01_Gm18_34401760_G_A,ss715630327,Gm18,24606879,A,G,unambiguous:A/G:TOP,G/A,
BARC_1.01_Gm18_34158032_G_A,ss715630321,Gm18,24866920,A,G,unambiguous:A/G:TOP,G/A,
BARC_1.01_Gm18_33112765_G_A,ss715630290,Gm18,25912421,A,G,unambiguous:A/G:TOP,G/A,
BARC_1.01_Gm18_32169391_A_G,ss715630256,Gm18,26825888,A,G,unambiguous:A/G:TOP,A/G,
BARC_1.01_Gm18_31838260_G_T,ss715630241,Gm18,27142651,T,G,unambiguous:T/G:BOT-design,G/T,
BARC_1.01_Gm18_30521009_C_A,ss715630196,Gm18,28452369,A,C,unambiguous:A/C:TOP,C/A,
BARC_1.01_Gm18_29768394_G_A,ss715630172,Gm18,29205319,A,G,unambiguous:A/G:TOP,G/A,
BARC_1.01_Gm18_28659934_A_G,ss715630145,Gm18,30359192,A,G,unambiguous:A/G:TOP,A/G,
BARC_1.01_Gm18_27607706_A_G,ss715630106,Gm18,31398769,A,G,unambiguous:A/G:TOP,A/G,
BARC_1.01_Gm18_34931761_C_T,ss715630346,Gm18,31842803,T,C,unambiguous:T/C:BOT-design,C/T,
BARC_1.01_Gm18_35693915_A_G,ss715630363,Gm18,32561870,A,G,unambiguous:A/G:TOP,A/G,
BARC_1.01_Gm18_37200839_T_C,ss715630408,Gm18,33934625,T,C,unambiguous:T/C:BOT-design,T/C,
BARC_1.01_Gm18_36929655_T_C,ss715630399,Gm18,34206640,T,C,unambiguous:T/C:BOT-design,T/C,
BARC_1.01_Gm18_36637036_C_T,ss715630389,Gm18,34506521,T,C,unambiguous:T/C:BOT-design,C/T,
BARC_1.01_Gm18_37934784_G_T,ss715630427,Gm18,34928209,T,G,unambiguous:T/G:BOT-design,G/T,
BARC_1.01_Gm18_38257741_G_A,ss715630438,Gm18,35244929,A,G,unambiguous:A/G:TOP,G/A,
BARC_1.01_Gm18_39293808_A_G,ss715630471,Gm18,36272217,A,G,unambiguous:A/G:TOP,A/G,
BARC_1.01_Gm18_39612141_T_C,ss715630481,Gm18,36576573,T,C,unambiguous:T/C:BOT-design,T/C,
BARC_1.01_Gm18_39865192_A_G,ss715630486,Gm18,36831736,A,G,unambiguous:A/G:TOP,A/G,
BARC_1.01_Gm18_40288746_G_A,ss715630494,Gm18,37201309,A,G,unambiguous:A/G:TOP,G/A,
BARC_1.01_Gm18_41666886_T_C,ss715630511,Gm18,38415170,T,C,unambiguous:T/C:BOT-design,T/C,
BARC_1.01_Gm18_41690612_T_C,ss715630512,Gm18,38438896,T,C,unambiguous:T/C:BOT-design,T/C,
BARC_1.01_Gm18_41975199_T_C,ss715630524,Gm18,38722835,T,C,unambiguous:T/C:BOT-design,T/C,
BARC_1.01_Gm18_42005163_A_G,ss715630525,Gm18,38752799,A,G,unambiguous:A/G:TOP,A/G,
BARC_1.01_Gm18_43282432_C_A,ss715630569,Gm18,39960695,A,C,unambiguous:A/C:TOP,C/A,
BARC_1.01_Gm18_43750597_T_C,ss715630585,Gm18,40431935,T,C,unambiguous:T/C:BOT-design,T/C,
BARC_1.01_Gm18_44858948_G_A,ss715630615,Gm18,40461914,A,G,unambiguous:A/G:TOP,G/A,
BARC_1.01_Gm18_45271645_T_C,ss715630625,Gm18,40869267,T,C,unambiguous:T/C:BOT-design,T/C,
BARC_1.01_Gm18_45854947_A_G,ss715630645,Gm18,41466596,A,G,unambiguous:A/G:TOP,A/G,
BARC_1.01_Gm04_29535808_A_G,ss715587608,Gm04,41758469,A,G,unambiguous:A/G:TOP,A/G,
BARC_1.01_Gm18_46081850_T_G,ss715630653,Gm18,41965392,T,G,unambiguous:T/G:BOT-design,T/G,
BARC_1.01_Gm18_46298863_T_C,ss715630664,Gm18,42182473,T,C,unambiguous:T/C:BOT-design,T/C,
BARC_1.01_Gm18_46416185_A_C,ss715630669,Gm18,42299316,A,C,unambiguous:A/C:TOP,A/C,
BARC_1.01_Gm18_47380987_A_G,ss715630715,Gm18,43090752,A,G,unambiguous:A/G:TOP,A/G,
BARC_1.01_Gm18_47433491_G_A,ss715630720,Gm18,43143256,A,G,unambiguous:A/G:TOP,G/A,
BARC_1.01_Gm18_47671359_T_C,ss715630759,Gm18,43396034,T,C,unambiguous:T/C:BOT-design,T/C,
BARC_1.01_Gm18_47762143_A_G,ss715630771,Gm18,43486787,A,G,unambiguous:A/G:TOP,A/G,
BARC_1.01_Gm18_47878067_A_C,ss715630794,Gm18,43602711,A,C,unambiguous:A/C:TOP,A/C,
BARC_1.01_Gm18_47946184_G_A,ss715630809,Gm18,43670273,A,G,unambiguous:A/G:TOP,G/A,
BARC_1.01_Gm18_48070209_G_A,ss715630832,Gm18,43794293,A,G,unambiguous:A/G:TOP,G/A,
BARC_1.01_Gm18_48100117_G_A,ss715630836,Gm18,43824201,A,G,unambiguous:A/G:TOP,G/A,
BARC_1.01_Gm18_48414661_T_C,ss715630867,Gm18,44141776,T,C,unambiguous:T/C:BOT-design,T/C,
BARC_1.01_Gm18_48485986_G_T,ss715630877,Gm18,44212861,T,G,unambiguous:T/G:BOT-design,G/T,
BARC_1.01_Gm18_48551788_G_T,ss715630887,Gm18,44278663,T,G,unambiguous:T/G:BOT-design,G/T,
BARC_1.01_Gm18_48678473_G_A,ss715630899,Gm18,44405371,A,G,unambiguous:A/G:TOP,G/A,
BARC_1.01_Gm18_48695132_T_C,ss715630905,Gm18,44422030,T,C,unambiguous:T/C:BOT-design,T/C,
BARC_1.01_Gm18_48757969_C_T,ss715630916,Gm18,44484861,T,C,unambiguous:T/C:BOT-design,C/T,
BARC_1.01_Gm18_48849749_A_C,ss715630936,Gm18,44576641,A,C,unambiguous:A/C:TOP,A/C,
BARC_1.01_Gm18_48872050_G_A,ss715630938,Gm18,44598942,A,G,unambiguous:A/G:TOP,G/A,
BARC_1.01_Gm18_48876264_T_C,ss715630939,Gm18,44603095,T,C,unambiguous:T/C:BOT-design,T/C,
BARC_1.01_Gm18_48988995_G_A,ss715630962,Gm18,44715827,A,G,unambiguous:A/G:TOP,G/A,
BARC_1.01_Gm18_49016745_C_T,ss715630967,Gm18,44743578,T,C,unambiguous:T/C:BOT-design,C/T,
BARC_1.01_Gm18_49148526_C_T,ss715630987,Gm18,44875359,T,C,unambiguous:T/C:BOT-design,C/T,
BARC_1.01_Gm18_49190722_C_T,ss715630997,Gm18,44926555,T,C,unambiguous:T/C:BOT-design,C/T,
BARC_1.01_Gm18_49298754_G_A,ss715631021,Gm18,45037949,A,G,unambiguous:A/G:TOP,G/A,
BARC_1.01_Gm18_49375674_C_T,ss715631034,Gm18,45114868,T,C,unambiguous:T/C:BOT-design,C/T,
BARC_1.01_Gm18_49438948_C_A,ss715631040,Gm18,45178142,A,C,unambiguous:A/C:TOP,C/A,
BARC_1.01_Gm18_49541680_A_G,ss715631051,Gm18,45280874,A,G,unambiguous:A/G:TOP,A/G,
BARC_1.01_Gm18_49709847_A_G,ss715631057,Gm18,45438677,A,G,unambiguous:A/G:TOP,A/G,
BARC_1.01_Gm18_49921614_A_C,ss715631068,Gm18,45649222,A,C,unambiguous:A/C:TOP,A/C,
BARC_1.01_Gm18_49931958_A_G,ss715631070,Gm18,45659566,A,G,unambiguous:A/G:TOP,A/G,
BARC_1.01_Gm18_49979137_A_G,ss715631072,Gm18,45706745,A,G,unambiguous:A/G:TOP,A/G,
BARC_1.01_Gm18_50110507_C_T,ss715631081,Gm18,45838080,T,C,unambiguous:T/C:BOT-design,C/T,
BARC_1.01_Gm18_50206645_C_A,ss715631088,Gm18,45935941,A,C,unambiguous:A/C:TOP,C/A,
BARC_1.01_Gm18_50337823_G_T,ss715631097,Gm18,46067380,T,G,unambiguous:T/G:BOT-design,G/T,
BARC_1.01_Gm18_50401738_C_T,ss715631103,Gm18,46130859,T,C,unambiguous:T/C:BOT-design,C/T,
BARC_1.01_Gm18_50471301_T_C,ss715631109,Gm18,46198203,T,C,unambiguous:T/C:BOT-design,T/C,
BARC_1.01_Gm18_50670392_A_G,ss715631117,Gm18,46396475,A,G,unambiguous:A/G:TOP,A/G,
BARC_1.01_Gm18_50914056_A_G,ss715631131,Gm18,46643373,A,G,unambiguous:A/G:TOP,A/G,
BARC_1.01_Gm18_51012251_G_A,ss715631142,Gm18,46741634,A,G,unambiguous:A/G:TOP,G/A,
BARC_1.01_Gm18_51128392_G_A,ss715631152,Gm18,46858485,A,G,unambiguous:A/G:TOP,G/A,
BARC_1.01_Gm18_51160178_T_C,ss715631161,Gm18,46889870,T,C,unambiguous:T/C:BOT-design,T/C,
BARC_1.01_Gm18_51214883_A_C,ss715631171,Gm18,46944571,A,C,unambiguous:A/C:TOP,A/C,
BARC_1.01_Gm18_51285978_A_G,ss715631181,Gm18,47018585,A,G,unambiguous:A/G:TOP,A/G,
BARC_1.01_Gm18_51403980_T_G,ss715631194,Gm18,47136557,T,G,unambiguous:T/G:BOT-design,T/G,
BARC_1.01_Gm18_51525500_A_G,ss715631212,Gm18,47247709,A,G,unambiguous:A/G:TOP,A/G,
BARC_1.01_Gm18_51659540_A_G,ss715631239,Gm18,47379308,A,G,unambiguous:A/G:TOP,A/G,
BARC_1.01_Gm18_51772288_T_C,ss715631261,Gm18,47491257,T,C,unambiguous:T/C:BOT-design,T/C,
BARC_1.01_Gm18_51867289_C_T,ss715631283,Gm18,47586258,T,C,unambiguous:T/C:BOT-design,C/T,
BARC_1.01_Gm18_51946378_T_C,ss715631293,Gm18,47665347,T,C,unambiguous:T/C:BOT-design,T/C,
BARC_1.01_Gm18_52069501_C_T,ss715631303,Gm18,47788105,T,C,unambiguous:T/C:BOT-design,C/T,
BARC_1.01_Gm18_52117309_A_G,ss715631309,Gm18,47835913,A,G,unambiguous:A/G:TOP,A/G,
BARC_1.01_Gm18_52246803_T_C,ss715631318,Gm18,47958898,T,C,unambiguous:T/C:BOT-design,T/C,
BARC_1.01_Gm18_52315759_T_C,ss715631326,Gm18,48025809,T,C,unambiguous:T/C:BOT-design,T/C,
BARC_1.01_Gm18_52368744_T_C,ss715631329,Gm18,48079383,T,C,unambiguous:T/C:BOT-design,T/C,
BARC_1.01_Gm18_52459634_A_G,ss715631342,Gm18,48179131,A,G,unambiguous:A/G:TOP,A/G,
BARC_1.01_Gm18_52555414_C_T,ss715631355,Gm18,48271736,T,C,unambiguous:T/C:BOT-design,C/T,
BARC_1.01_Gm18_52688288_A_G,ss715631373,Gm18,48404610,A,G,unambiguous:A/G:TOP,A/G,
BARC_1.01_Gm18_52751146_G_A,ss715631379,Gm18,48468241,A,G,unambiguous:A/G:TOP,G/A,
BARC_1.01_Gm18_52908174_G_T,ss715631394,Gm18,48623829,T,G,unambiguous:T/G:BOT-design,G/T,
BARC_1.01_Gm18_52978104_T_C,ss715631400,Gm18,48691926,T,C,unambiguous:T/C:BOT-design,T/C,
BARC_1.01_Gm18_53052069_A_G,ss715631406,Gm18,48786157,A,G,unambiguous:A/G:TOP,A/G,
BARC_1.01_Gm18_53098348_A_G,ss715631413,Gm18,48821743,A,G,unambiguous:A/G:TOP,A/G,
BARC_1.01_Gm18_53147357_A_C,ss715631421,Gm18,48870752,A,C,unambiguous:A/C:TOP,A/C,
BARC_1.01_Gm18_53234166_A_G,ss715631429,Gm18,48957566,A,G,unambiguous:A/G:TOP,A/G,
BARC_1.01_Gm18_53295455_A_G,ss715631438,Gm18,49018632,A,G,unambiguous:A/G:TOP,A/G,
BARC_1.01_Gm18_53425148_C_T,ss715631450,Gm18,49153370,T,C,unambiguous:T/C:BOT-design,C/T,
BARC_1.01_Gm18_53457728_G_A,ss715631455,Gm18,49185950,A,G,unambiguous:A/G:TOP,G/A,
BARC_1.01_Gm18_53574057_G_T,ss715631473,Gm18,49301920,T,G,unambiguous:T/G:BOT-design,G/T,
BARC_1.01_Gm18_53627468_T_G,ss715631484,Gm18,49354794,T,G,unambiguous:T/G:BOT-design,T/G,
BARC_1.01_Gm18_53682015_C_A,ss715631492,Gm18,49409496,A,C,unambiguous:A/C:TOP,C/A,
BARC_1.01_Gm18_53762458_A_G,ss715631502,Gm18,49489939,A,G,unambiguous:A/G:TOP,A/G,
BARC_1.01_Gm18_53810098_C_A,ss715631507,Gm18,49536028,A,C,unambiguous:A/C:TOP,C/A,
BARC_1.01_Gm18_53856096_T_C,ss715631515,Gm18,49582012,T,C,unambiguous:T/C:BOT-design,T/C,
BARC_1.01_Gm18_53902710_G_A,ss715631517,Gm18,49628626,A,G,unambiguous:A/G:TOP,G/A,
BARC_1.01_Gm18_53954750_T_C,ss715631526,Gm18,49680666,T,C,unambiguous:T/C:BOT-design,T/C,
BARC_1.01_Gm18_54021599_G_T,ss715631530,Gm18,49747507,T,G,unambiguous:T/G:BOT-design,G/T,
BARC_1.01_Gm18_54076266_T_C,ss715631535,Gm18,49802752,T,C,unambiguous:T/C:BOT-design,T/C,
BARC_1.01_Gm18_54164632_C_A,ss715631542,Gm18,49890219,A,C,unambiguous:A/C:TOP,C/A,
BARC_1.01_Gm18_54288600_C_T,ss715631551,Gm18,50014203,T,C,unambiguous:T/C:BOT-design,C/T,
BARC_1.01_Gm18_54390711_G_T,ss715631558,Gm18,50116853,T,G,unambiguous:T/G:BOT-design,G/T,
BARC_1.01_Gm18_54546234_C_T,ss715631574,Gm18,50272405,T,C,unambiguous:T/C:BOT-design,C/T,
BARC_1.01_Gm18_54599614_A_G,ss715631579,Gm18,50325785,A,G,unambiguous:A/G:TOP,A/G,
BARC_1.01_Gm18_54717680_C_T,ss715631586,Gm18,50443851,T,C,unambiguous:T/C:BOT-design,C/T,
BARC_1.01_Gm18_54778060_C_T,ss715631594,Gm18,50504231,T,C,unambiguous:T/C:BOT-design,C/T,
BARC_1.01_Gm18_54874544_A_C,ss715631603,Gm18,50600715,A,C,unambiguous:A/C:TOP,A/C,
BARC_1.01_Gm18_54953350_A_G,ss715631613,Gm18,50679531,A,G,unambiguous:A/G:TOP,A/G,
BARC_1.01_Gm18_55000978_G_A,ss715631621,Gm18,50727159,A,G,unambiguous:A/G:TOP,G/A,
BARC_1.01_Gm18_55005206_G_A,ss715631622,Gm18,50731387,A,G,unambiguous:A/G:TOP,G/A,
BARC_1.01_Gm18_55167509_A_G,ss715631634,Gm18,50893479,A,G,unambiguous:A/G:TOP,A/G,
BARC_1.01_Gm18_55286927_T_G,ss715631644,Gm18,51012902,T,G,unambiguous:T/G:BOT-design,T/G,
BARC_1.01_Gm18_55484045_A_G,ss715631672,Gm18,51210340,A,G,unambiguous:A/G:TOP,A/G,
BARC_1.01_Gm18_55580646_T_C,ss715631678,Gm18,51305500,T,C,unambiguous:T/C:BOT-design,T/C,
BARC_1.01_Gm18_55627617_T_C,ss715631681,Gm18,51352471,T,C,unambiguous:T/C:BOT-design,T/C,
BARC_1.01_Gm18_56012604_C_T,ss715631725,Gm18,51740435,T,C,unambiguous:T/C:BOT-design,C/T,
BARC_1.01_Gm18_56097147_A_G,ss715631735,Gm18,51824976,A,G,unambiguous:A/G:TOP,A/G,
BARC_1.01_Gm18_56226616_G_A,ss715631745,Gm18,51954444,A,G,unambiguous:A/G:TOP,G/A,
BARC_1.01_Gm18_56300625_C_A,ss715631753,Gm18,52028453,A,C,unambiguous:A/C:TOP,C/A,
BARC_1.01_Gm18_56400352_G_A,ss715631766,Gm18,52128516,A,G,unambiguous:A/G:TOP,G/A,
BARC_1.01_Gm18_56486524_T_C,ss715631773,Gm18,52216926,T,C,unambiguous:T/C:BOT-design,T/C,
BARC_1.01_Gm18_56548201_A_G,ss715631775,Gm18,52278660,A,G,unambiguous:A/G:TOP,A/G,
BARC_1.01_Gm18_56571714_C_T,ss715631779,Gm18,52302188,T,C,unambiguous:T/C:BOT-design,C/T,
BARC_1.01_Gm18_56713153_C_T,ss715631794,Gm18,52443633,T,C,unambiguous:T/C:BOT-design,C/T,
BARC_1.01_Gm18_56758363_G_A,ss715631799,Gm18,52488887,A,G,unambiguous:A/G:TOP,G/A,
BARC_1.01_Gm18_56839033_A_C,ss715631805,Gm18,52569529,A,C,unambiguous:A/C:TOP,A/C,
BARC_1.01_Gm18_56910277_C_A,ss715631810,Gm18,52640773,A,C,unambiguous:A/C:TOP,C/A,
BARC_1.01_Gm18_57037107_C_T,ss715631822,Gm18,52767605,T,C,unambiguous:T/C:BOT-design,C/T,
BARC_1.01_Gm18_57126096_C_T,ss715631834,Gm18,52856594,T,C,unambiguous:T/C:BOT-design,C/T,
BARC_1.01_Gm18_57227205_C_A,ss715631847,Gm18,52957703,A,C,unambiguous:A/C:TOP,C/A,
BARC_1.01_Gm18_57289081_C_T,ss715631854,Gm18,53019579,T,C,unambiguous:T/C:BOT-design,C/T,
BARC_1.01_Gm18_57346419_T_C,ss715631859,Gm18,53076934,T,C,unambiguous:T/C:BOT-design,T/C,
BARC_1.01_Gm18_57446256_C_T,ss715631867,Gm18,53176771,T,C,unambiguous:T/C:BOT-design,C/T,
BARC_1.01_Gm18_57517100_C_T,ss715631875,Gm18,53247366,T,C,unambiguous:T/C:BOT-design,C/T,
BARC_1.01_Gm18_57583738_A_G,ss715631886,Gm18,53313886,A,G,unambiguous:A/G:TOP,A/G,
BARC_1.01_Gm18_57699960_G_A,ss715631898,Gm18,53430108,A,G,unambiguous:A/G:TOP,G/A,
BARC_1.01_Gm18_57772016_G_A,ss715631906,Gm18,53502168,A,G,unambiguous:A/G:TOP,G/A,
BARC_1.01_Gm18_57832929_C_A,ss715631914,Gm18,53563081,A,C,unambiguous:A/C:TOP,C/A,
BARC_1.01_Gm18_58010203_G_T,ss715631935,Gm18,53740575,T,G,unambiguous:T/G:BOT-design,G/T,
BARC_1.01_Gm18_58143983_T_C,ss715631951,Gm18,53874358,T,C,unambiguous:T/C:BOT-design,T/C,
BARC_1.01_Gm18_58287938_C_T,ss715631972,Gm18,54016344,T,C,unambiguous:T/C:BOT-design,C/T,
BARC_1.01_Gm18_58333122_A_G,ss715631979,Gm18,54061528,A,G,unambiguous:A/G:TOP,A/G,
BARC_1.01_Gm18_58389632_T_G,ss715631991,Gm18,54118038,T,G,unambiguous:T/G:BOT-design,T/G,
BARC_1.01_Gm18_58521532_G_T,ss715632014,Gm18,54249904,T,G,unambiguous:T/G:BOT-design,G/T,
BARC_1.01_Gm18_58588820_A_C,ss715632028,Gm18,54317198,A,C,unambiguous:A/C:TOP,A/C,
BARC_1.01_Gm18_58663461_T_C,ss715632041,Gm18,54391672,T,C,unambiguous:T/C:BOT-design,T/C,
BARC_1.01_Gm18_58712410_T_C,ss715632049,Gm18,54440620,T,C,unambiguous:T/C:BOT-design,T/C,
BARC_1.01_Gm18_58806948_C_A,ss715632057,Gm18,54535158,A,C,unambiguous:A/C:TOP,C/A,
BARC_1.01_Gm18_58906161_G_A,ss715632071,Gm18,54634372,A,G,unambiguous:A/G:TOP,G/A,
BARC_1.01_Gm18_59009549_G_A,ss715632087,Gm18,54737619,A,G,unambiguous:A/G:TOP,G/A,
BARC_1.01_Gm18_59083419_T_C,ss715632097,Gm18,54811534,T,C,unambiguous:T/C:BOT-design,T/C,
BARC_1.01_Gm18_59184470_T_C,ss715632106,Gm18,54912585,T,C,unambiguous:T/C:BOT-design,T/C,
BARC_1.01_Gm18_59265445_T_G,ss715632115,Gm18,54993559,T,G,unambiguous:T/G:BOT-design,T/G,
BARC_1.01_Gm18_59331419_C_T,ss715632127,Gm18,55059533,T,C,unambiguous:T/C:BOT-design,C/T,
BARC_1.01_Gm18_59406769_A_G,ss715632139,Gm18,55134883,A,G,unambiguous:A/G:TOP,A/G,
BARC_1.01_Gm18_59543358_C_T,ss715632163,Gm18,55271472,T,C,unambiguous:T/C:BOT-design,C/T,
BARC_1.01_Gm18_59600111_C_A,ss715632175,Gm18,55328225,A,C,unambiguous:A/C:TOP,C/A,
BARC_1.01_Gm18_59774559_C_T,ss715632208,Gm18,55493680,T,C,unambiguous:T/C:BOT-design,C/T,
BARC_1.01_Gm18_59830615_A_C,ss715632217,Gm18,55549922,A,C,unambiguous:A/C:TOP,A/C,
BARC_1.01_Gm18_59887474_A_G,ss715632221,Gm18,55606840,A,G,unambiguous:A/G:TOP,A/G,
BARC_1.01_Gm18_59980727_T_C,ss715632231,Gm18,55700093,T,C,unambiguous:T/C:BOT-design,T/C,
BARC_1.01_Gm18_60065308_C_A,ss715632241,Gm18,55784646,A,C,unambiguous:A/C:TOP,C/A,
BARC_1.01_Gm18_60144414_A_G,ss715632251,Gm18,55863741,A,G,unambiguous:A/G:TOP,A/G,
BARC_1.01_Gm18_60189812_T_C,ss715632260,Gm18,55909139,T,C,unambiguous:T/C:BOT-design,T/C,
BARC_1.01_Gm18_60278667_G_A,ss715632273,Gm18,55998003,A,G,unambiguous:A/G:TOP,G/A,
BARC_1.01_Gm18_60362448_A_G,ss715632285,Gm18,56081784,A,G,unambiguous:A/G:TOP,A/G,
BARC_1.01_Gm18_60408112_G_T,ss715632295,Gm18,56127446,T,G,unambiguous:T/G:BOT-design,G/T,
BARC_1.01_Gm18_60456270_G_T,ss715632301,Gm18,56175604,T,G,unambiguous:T/G:BOT-design,G/T,
BARC_1.01_Gm18_60577930_T_C,ss715632312,Gm18,56299103,T,C,unambiguous:T/C:BOT-design,T/C,
BARC_1.01_Gm18_60625180_A_C,ss715632320,Gm18,56346353,A,C,unambiguous:A/C:TOP,A/C,
BARC_1.01_Gm18_60741380_G_A,ss715632339,Gm18,56443425,A,G,unambiguous:A/G:TOP,G/A,
BARC_1.01_Gm18_60868392_C_T,ss715632359,Gm18,56570437,T,C,unambiguous:T/C:BOT-design,C/T,
BARC_1.01_Gm18_60938849_C_T,ss715632371,Gm18,56640894,T,C,unambiguous:T/C:BOT-design,C/T,
BARC_1.01_Gm18_61009028_C_A,ss715632379,Gm18,56710850,A,C,unambiguous:A/C:TOP,C/A,
BARC_1.01_Gm18_61065114_G_A,ss715632385,Gm18,56766936,A,G,unambiguous:A/G:TOP,G/A,
BARC_1.01_Gm18_61113746_G_A,ss715632391,Gm18,56815568,A,G,unambiguous:A/G:TOP,G/A,
BARC_1.01_Gm18_61175038_G_A,ss715632400,Gm18,56876857,A,G,unambiguous:A/G:TOP,G/A,
BARC_1.01_Gm18_61265863_C_T,ss715632408,Gm18,56967695,T,C,unambiguous:T/C:BOT-design,C/T,
BARC_1.01_Gm18_61378941_A_G,ss715632422,Gm18,57080773,A,G,unambiguous:A/G:TOP,A/G,
BARC_1.01_Gm18_61450878_G_T,ss715632427,Gm18,57152735,T,G,unambiguous:T/G:BOT-design,G/T,
BARC_1.01_Gm18_61528293_C_T,ss715632438,Gm18,57230150,T,C,unambiguous:T/C:BOT-design,C/T,
BARC_1.01_Gm18_61587028_G_T,ss715632447,Gm18,57288891,T,G,unambiguous:T/G:BOT-design,G/T,
BARC_1.01_Gm18_61668426_G_A,ss715632455,Gm18,57370289,A,G,unambiguous:A/G:TOP,G/A,
BARC_1.01_Gm18_61723602_C_T,ss715632465,Gm18,57425465,T,C,unambiguous:T/C:BOT-design,C/T,
BARC_1.01_Gm18_61918670_A_G,ss715632488,Gm18,57620505,A,G,unambiguous:A/G:TOP,A/G,
BARC_1.01_Gm18_61970234_C_T,ss715632492,Gm18,57679910,T,C,unambiguous:T/C:BOT-design,C/T,
BARC_1.01_Gm18_62036271_A_G,ss715632500,Gm18,57745955,A,G,unambiguous:A/G:TOP,A/G,
BARC_1.01_Gm18_62122809_A_G,ss715632508,Gm18,57832495,A,G,unambiguous:A/G:TOP,A/G,
BARC_1.01_Gm18_62190919_A_G,ss715632513,Gm18,57900605,A,G,unambiguous:A/G:TOP,A/G,
BARC_1.01_Gm19_549103_T_G,ss715636126,Gm19,52957,T,G,unambiguous:T/G:BOT-design,T/G,
BARC_1.01_Gm19_493714_C_T,ss715635936,Gm19,108346,T,C,unambiguous:T/C:BOT-design,C/T,
BARC_1.01_Gm19_427448_T_C,ss715635239,Gm19,174608,T,C,unambiguous:T/C:BOT-design,T/C,
BARC_1.01_Gm19_334751_A_G,ss715634017,Gm19,267267,A,G,unambiguous:A/G:TOP,A/G,
BARC_1.01_Gm19_264003_A_G,ss715633558,Gm19,338015,A,G,unambiguous:A/G:TOP,A/G,
BARC_1.01_Gm19_215784_A_G,ss715633411,Gm19,386234,A,G,unambiguous:A/G:TOP,A/G,
BARC_1.01_Gm19_159297_C_A,ss715633225,Gm19,471094,A,C,unambiguous:A/C:TOP,C/A,
BARC_1.01_Gm19_116338_A_G,ss715633071,Gm19,514053,A,G,unambiguous:A/G:TOP,A/G,
BARC_1.01_Gm19_50256_T_C,ss715636028,Gm19,580135,T,C,unambiguous:T/C:BOT-design,T/C,
BARC_1.01_Gm19_634202_A_G,ss715636173,Gm19,674202,A,G,unambiguous:A/G:TOP,A/G,
BARC_1.01_Gm19_686900_A_G,ss715636197,Gm19,723864,A,G,unambiguous:A/G:TOP,A/G,
BARC_1.01_Gm19_735572_T_C,ss715636264,Gm19,772533,T,C,unambiguous:T/C:BOT-design,T/C,
BARC_1.01_Gm19_772538_C_T,ss715636293,Gm19,809326,T,C,unambiguous:T/C:BOT-design,C/T,
BARC_1.01_Gm19_823640_A_G,ss715636355,Gm19,860428,A,G,unambiguous:A/G:TOP,A/G,
BARC_1.01_Gm19_885858_A_G,ss715636495,Gm19,922646,A,G,unambiguous:A/G:TOP,A/G,
BARC_1.01_Gm19_939098_T_C,ss715636516,Gm19,975886,T,C,unambiguous:T/C:BOT-design,T/C,
BARC_1.01_Gm19_1019093_C_T,ss715633017,Gm19,1055898,T,C,unambiguous:T/C:BOT-design,C/T,
BARC_1.01_Gm19_1051648_G_A,ss715633033,Gm19,1088453,A,G,unambiguous:A/G:TOP,G/A,
BARC_1.01_Gm19_1126440_G_A,ss715633059,Gm19,1163245,A,G,unambiguous:A/G:TOP,G/A,
BARC_1.01_Gm19_1194159_A_G,ss715633078,Gm19,1230964,A,G,unambiguous:A/G:TOP,A/G,
BARC_1.01_Gm19_1255866_T_G,ss715633106,Gm19,1292552,T,G,unambiguous:T/G:BOT-design,T/G,
BARC_1.01_Gm19_1296583_T_C,ss715633118,Gm19,1333269,T,C,unambiguous:T/C:BOT-design,T/C,
BARC_1.01_Gm19_1333661_A_G,ss715633135,Gm19,1370347,A,G,unambiguous:A/G:TOP,A/G,
BARC_1.01_Gm19_1420943_T_C,ss715633164,Gm19,1456217,T,C,unambiguous:T/C:BOT-design,T/C,
BARC_1.01_Gm19_1489018_G_A,ss715633186,Gm19,1533297,A,G,unambiguous:A/G:TOP,G/A,
BARC_1.01_Gm19_1542717_C_T,ss715633207,Gm19,1587017,T,C,unambiguous:T/C:BOT-design,C/T,
BARC_1.01_Gm19_1565909_A_G,ss715633214,Gm19,1610209,A,G,unambiguous:A/G:TOP,A/G,
BARC_1.01_Gm19_1656743_T_C,ss715633252,Gm19,1701069,T,C,unambiguous:T/C:BOT-design,T/C,
BARC_1.01_Gm19_1811142_T_C,ss715633294,Gm19,1855442,T,C,unambiguous:T/C:BOT-design,T/C,
BARC_1.01_Gm19_1954907_T_C,ss715633330,Gm19,2000024,T,C,unambiguous:T/C:BOT-design,T/C,
BARC_1.01_Gm19_1974292_A_G,ss715633340,Gm19,2019409,A,G,unambiguous:A/G:TOP,A/G,
BARC_1.01_Gm19_2067992_A_G,ss715633380,Gm19,2114304,A,G,unambiguous:A/G:TOP,A/G,
BARC_1.01_Gm19_2147894_T_C,ss715633403,Gm19,2194117,T,C,unambiguous:T/C:BOT-design,T/C,
BARC_1.01_Gm19_2221028_T_C,ss715633429,Gm19,2267266,T,C,unambiguous:T/C:BOT-design,T/C,
BARC_1.01_Gm19_2324582_A_G,ss715633461,Gm19,2370841,A,G,unambiguous:A/G:TOP,A/G,
BARC_1.01_Gm19_2372133_C_T,ss715633474,Gm19,2418392,T,C,unambiguous:T/C:BOT-design,C/T,
BARC_1.01_Gm19_2416332_G_A,ss715633490,Gm19,2462591,A,G,unambiguous:A/G:TOP,G/A,
BARC_1.01_Gm19_2524640_C_T,ss715633530,Gm19,2579374,T,C,unambiguous:T/C:BOT-design,C/T,
BARC_1.01_Gm19_2637585_T_C,ss715633555,Gm19,2669733,T,C,unambiguous:T/C:BOT-design,T/C,
BARC_1.01_Gm19_2908143_G_A,ss715633635,Gm19,2938598,A,G,unambiguous:A/G:TOP,G/A,
BARC_1.01_Gm19_3044174_C_T,ss715633685,Gm19,3074506,T,C,unambiguous:T/C:BOT-design,C/T,
BARC_1.01_Gm19_3149820_T_C,ss715633722,Gm19,3180152,T,C,unambiguous:T/C:BOT-design,T/C,
BARC_1.01_Gm19_3162877_A_G,ss715633728,Gm19,3193205,A,G,unambiguous:A/G:TOP,A/G,
BARC_1.01_Gm19_3242376_G_A,ss715633811,Gm19,3273565,A,G,unambiguous:A/G:TOP,G/A,
BARC_1.01_Gm19_3343257_G_T,ss715634003,Gm19,3374023,T,G,unambiguous:T/G:BOT-design,G/T,
BARC_1.01_Gm19_3416538_A_G,ss715634133,Gm19,3447202,A,G,unambiguous:A/G:TOP,A/G,
BARC_1.01_Gm19_3458700_A_G,ss715634180,Gm19,3489366,A,G,unambiguous:A/G:TOP,A/G,
BARC_1.01_Gm19_3737224_A_G,ss715634605,Gm19,3767894,A,G,unambiguous:A/G:TOP,A/G,
BARC_1.01_Gm19_3860804_T_G,ss715634761,Gm19,3892059,T,G,unambiguous:T/G:BOT-design,T/G,
BARC_1.01_Gm19_4157679_T_C,ss715635130,Gm19,4188598,T,C,unambiguous:T/C:BOT-design,T/C,
BARC_1.01_Gm19_4277068_A_G,ss715635243,Gm19,4308872,A,G,unambiguous:A/G:TOP,A/G,
BARC_1.01_Gm19_4320558_A_C,ss715635279,Gm19,4352390,A,C,unambiguous:A/C:TOP,A/C,
BARC_1.01_Gm19_5195925_C_T,ss715636097,Gm19,5182596,T,C,unambiguous:T/C:BOT-design,C/T,
BARC_1.01_Gm19_5343096_T_C,ss715636115,Gm19,5329767,T,C,unambiguous:T/C:BOT-design,T/C,
BARC_1.01_Gm19_5523306_T_C,ss715636128,Gm19,5509732,T,C,unambiguous:T/C:BOT-design,T/C,
BARC_1.01_Gm19_5583642_C_T,ss715636134,Gm19,5569817,T,C,unambiguous:T/C:BOT-design,C/T,
BARC_1.01_Gm19_6249047_C_T,ss715636166,Gm19,6115305,T,C,unambiguous:T/C:BOT-design,C/T,
BARC_1.01_Gm19_6132212_C_T,ss715636158,Gm19,6231976,T,C,unambiguous:T/C:BOT-design,C/T,
BARC_1.01_Gm19_5982497_G_A,ss715636152,Gm19,6381694,A,G,unambiguous:A/G:TOP,G/A,
BARC_1.01_Gm19_6476616_A_G,ss715636177,Gm19,6458355,A,G,unambiguous:A/G:TOP,A/G,
BARC_1.01_Gm19_6530578_T_C,ss715636179,Gm19,6512212,T,C,unambiguous:T/C:BOT-design,T/C,
BARC_1.01_Gm19_7350768_G_A,ss715636263,Gm19,7322454,A,G,unambiguous:A/G:TOP,G/A,
BARC_1.01_Gm19_7386845_G_A,ss715636273,Gm19,7358532,A,G,unambiguous:A/G:TOP,G/A,
BARC_1.01_Gm19_8154523_T_G,ss715636339,Gm19,8115198,T,G,unambiguous:T/G:BOT-design,T/G,
BARC_1.01_Gm19_8197899_T_C,ss715636350,Gm19,8158573,T,C,unambiguous:T/C:BOT-design,T/C,
BARC_1.01_Gm19_8391354_C_A,ss715636383,Gm19,8355769,A,C,unambiguous:A/C:TOP,C/A,
BARC_1.01_Gm19_8463500_C_T,ss715636408,Gm19,8436529,T,C,unambiguous:T/C:BOT-design,C/T,
BARC_1.01_Gm19_8530364_G_A,ss715636427,Gm19,8503391,A,G,unambiguous:A/G:TOP,G/A,
BARC_1.01_Gm19_8574526_C_A,ss715636439,Gm19,8547553,A,C,unambiguous:A/C:TOP,C/A,
BARC_1.01_Gm19_8622769_A_G,ss715636458,Gm19,8595796,A,G,unambiguous:A/G:TOP,A/G,
BARC_1.01_Gm19_8641214_A_G,ss715636464,Gm19,8614339,A,G,unambiguous:A/G:TOP,A/G,
BARC_1.01_Gm19_8723573_T_C,ss715636482,Gm19,8696822,T,C,unambiguous:T/C:BOT-design,T/C,
BARC_1.01_Gm19_8761389_C_T,ss715636489,Gm19,8734638,T,C,unambiguous:T/C:BOT-design,C/T,
BARC_1.01_Gm19_8799077_A_C,ss715636492,Gm19,8772574,A,C,unambiguous:A/C:TOP,A/C,
BARC_1.01_Gm19_8890466_C_T,ss715636497,Gm19,8863873,T,C,unambiguous:T/C:BOT-design,C/T,
BARC_1.01_Gm19_8988500_G_A,ss715636502,Gm19,8961955,A,G,unambiguous:A/G:TOP,G/A,
BARC_1.01_Gm19_9513765_C_A,ss715636523,Gm19,9482329,A,C,unambiguous:A/C:TOP,C/A,
BARC_1.01_Gm19_9978735_A_G,ss715636532,Gm19,9901886,A,G,unambiguous:A/G:TOP,A/G,
BARC_1.01_Gm19_10079530_A_G,ss715633014,Gm19,10002348,A,G,unambiguous:A/G:TOP,A/G,
BARC_1.01_Gm19_10309298_A_G,ss715633025,Gm19,10245884,A,G,unambiguous:A/G:TOP,A/G,
BARC_1.01_Gm19_10497079_T_C,ss715633032,Gm19,10433663,T,C,unambiguous:T/C:BOT-design,T/C,
BARC_1.01_Gm19_11154958_T_C,ss715633057,Gm19,11065565,T,C,unambiguous:T/C:BOT-design,T/C,
BARC_1.01_Gm19_11984846_C_T,ss715633081,Gm19,11778570,T,C,unambiguous:T/C:BOT-design,C/T,
BARC_1.01_Gm19_12437993_T_C,ss715633095,Gm19,12235419,T,C,unambiguous:T/C:BOT-design,T/C,
BARC_1.01_Gm19_12665984_A_G,ss715633108,Gm19,12459929,A,G,unambiguous:A/G:TOP,A/G,
BARC_1.01_Gm19_17422266_C_A,ss715633278,Gm19,12606536,A,C,unambiguous:A/C:TOP,C/A,
BARC_1.01_Gm19_17130920_C_T,ss715633270,Gm19,12897731,T,C,unambiguous:T/C:BOT-design,C/T,
BARC_1.01_Gm19_16222413_G_T,ss715633235,Gm19,13821720,T,G,unambiguous:T/G:BOT-design,G/T,
BARC_1.01_Gm19_12915522_A_G,ss715633116,Gm19,14577121,A,G,unambiguous:A/G:TOP,A/G,
BARC_1.01_Gm19_18073747_A_G,ss715633293,Gm19,15354579,A,G,unambiguous:A/G:TOP,A/G,
BARC_1.01_Gm19_19001554_G_A,ss715633313,Gm19,16288325,A,G,unambiguous:A/G:TOP,G/A,
BARC_1.01_Gm19_19343619_C_T,ss715633322,Gm19,16617233,T,C,unambiguous:T/C:BOT-design,C/T,
BARC_1.01_Gm19_20884990_T_C,ss715633385,Gm19,18184701,T,C,unambiguous:T/C:BOT-design,T/C,
BARC_1.01_Gm19_24007348_T_C,ss715633485,Gm19,20018907,T,C,unambiguous:T/C:BOT-design,T/C,
BARC_1.01_Gm19_14896890_G_A,ss715633187,Gm19,21687136,A,G,unambiguous:A/G:TOP,G/A,
BARC_1.01_Gm19_14259604_G_A,ss715633169,Gm19,22338482,A,G,unambiguous:A/G:TOP,G/A,
BARC_1.01_Gm19_23297209_C_T,ss715633463,Gm19,23571071,T,C,unambiguous:T/C:BOT-design,C/T,
BARC_1.01_Gm19_22847816_G_A,ss715633451,Gm19,24028960,A,G,unambiguous:A/G:TOP,G/A,
BARC_1.01_Gm19_22528410_C_T,ss715633441,Gm19,24355296,T,C,unambiguous:T/C:BOT-design,C/T,
BARC_1.01_Gm19_22281909_G_A,ss715633431,Gm19,24596905,A,G,unambiguous:A/G:TOP,G/A,
BARC_1.01_Gm19_25524688_C_T,ss715633535,Gm19,25683351,T,C,unambiguous:T/C:BOT-design,C/T,
BARC_1.01_Gm19_25626460_A_G,ss715633537,Gm19,25785711,A,G,unambiguous:A/G:TOP,A/G,
BARC_1.01_Gm19_26473354_C_T,ss715633562,Gm19,26626891,T,C,unambiguous:T/C:BOT-design,C/T,
BARC_1.01_Gm19_26882869_A_G,ss715633575,Gm19,27036099,A,G,unambiguous:A/G:TOP,A/G,
BARC_1.01_Gm19_27283886_C_T,ss715633588,Gm19,27436959,T,C,unambiguous:T/C:BOT-design,C/T,
BARC_1.01_Gm19_27504596_A_G,ss715633594,Gm19,27661010,A,G,unambiguous:A/G:TOP,A/G,
BARC_1.01_Gm19_27830904_C_T,ss715633601,Gm19,27987332,T,C,unambiguous:T/C:BOT-design,C/T,
BARC_1.01_Gm19_29074956_T_C,ss715633634,Gm19,29220098,T,C,unambiguous:T/C:BOT-design,T/C,
BARC_1.01_Gm19_29588652_G_A,ss715633652,Gm19,29724654,A,G,unambiguous:A/G:TOP,G/A,
BARC_1.01_Gm19_30103637_T_C,ss715633676,Gm19,30239319,T,C,unambiguous:T/C:BOT-design,T/C,
BARC_1.01_Gm19_30946638_G_A,ss715633703,Gm19,31092077,A,G,unambiguous:A/G:TOP,G/A,
BARC_1.01_Gm19_32194361_T_C,ss715633774,Gm19,32353405,T,C,unambiguous:T/C:BOT-design,T/C,
BARC_1.01_Gm19_32318695_G_A,ss715633801,Gm19,32476275,A,G,unambiguous:A/G:TOP,G/A,
BARC_1.01_Gm19_33380479_G_T,ss715633990,Gm19,33545604,T,G,unambiguous:T/G:BOT-design,G/T,
BARC_1.01_Gm19_33747911_T_C,ss715634070,Gm19,33915985,T,C,unambiguous:T/C:BOT-design,T/C,
BARC_1.01_Gm19_33847882_G_A,ss715634102,Gm19,34015909,A,G,unambiguous:A/G:TOP,G/A,
BARC_1.01_Gm19_34006819_T_G,ss715634117,Gm19,34174462,T,G,unambiguous:T/G:BOT-design,T/G,
BARC_1.01_Gm19_34156474_A_C,ss715634131,Gm19,34324132,A,C,unambiguous:A/C:TOP,A/C,
BARC_1.01_Gm19_34243974_T_C,ss715634144,Gm19,34410588,T,C,unambiguous:T/C:BOT-design,T/C,
BARC_1.01_Gm19_34320762_A_C,ss715634147,Gm19,34484934,A,C,unambiguous:A/C:TOP,A/C,
BARC_1.01_Gm19_34339992_A_G,ss715634152,Gm19,34504105,A,G,unambiguous:A/G:TOP,A/G,
BARC_1.01_Gm19_34472334_A_C,ss715634173,Gm19,34636368,A,C,unambiguous:A/C:TOP,A/C,
BARC_1.01_Gm19_34600226_T_C,ss715634184,Gm19,34764054,T,C,unambiguous:T/C:BOT-design,T/C,
BARC_1.01_Gm19_34687566_A_G,ss715634198,Gm19,34851394,A,G,unambiguous:A/G:TOP,A/G,
BARC_1.01_Gm19_34730865_A_G,ss715634204,Gm19,34894693,A,G,unambiguous:A/G:TOP,A/G,
BARC_1.01_Gm19_34840388_C_A,ss715634210,Gm19,35024802,A,C,unambiguous:A/C:TOP,C/A,
BARC_1.01_Gm19_34924899_G_A,ss715634225,Gm19,35109354,A,G,unambiguous:A/G:TOP,G/A,
BARC_1.01_Gm19_35007908_T_C,ss715634245,Gm19,35192362,T,C,unambiguous:T/C:BOT-design,T/C,
BARC_1.01_Gm19_35240406_C_T,ss715634269,Gm19,35425757,T,C,unambiguous:T/C:BOT-design,C/T,
BARC_1.01_Gm19_35284520_T_C,ss715634273,Gm19,35470492,T,C,unambiguous:T/C:BOT-design,T/C,
BARC_1.01_Gm19_35358097_T_C,ss715634277,Gm19,35546420,T,C,unambiguous:T/C:BOT-design,T/C,
BARC_1.01_Gm19_35398444_T_G,ss715634285,Gm19,35586767,T,G,unambiguous:T/G:BOT-design,T/G,
BARC_1.01_Gm19_35449676_C_T,ss715634291,Gm19,35638367,T,C,unambiguous:T/C:BOT-design,C/T,
BARC_1.01_Gm19_35549926_A_G,ss715634310,Gm19,35738620,A,G,unambiguous:A/G:TOP,A/G,
BARC_1.01_Gm19_35555581_G_T,ss715634312,Gm19,35744275,T,G,unambiguous:T/G:BOT-design,G/T,
BARC_1.01_Gm19_35744912_C_T,ss715634366,Gm19,35931885,T,C,unambiguous:T/C:BOT-design,C/T,
BARC_1.01_Gm19_35776664_G_A,ss715634376,Gm19,35963637,A,G,unambiguous:A/G:TOP,G/A,
BARC_1.01_Gm19_35840587_C_T,ss715634403,Gm19,36021238,T,C,unambiguous:T/C:BOT-design,C/T,
BARC_1.01_Gm19_35979179_A_G,ss715634442,Gm19,36159813,A,G,unambiguous:A/G:TOP,A/G,
BARC_1.01_Gm19_36034992_A_G,ss715634452,Gm19,36215651,A,G,unambiguous:A/G:TOP,A/G,
BARC_1.01_Gm19_36191998_G_T,ss715634465,Gm19,36372662,T,G,unambiguous:T/G:BOT-design,G/T,
BARC_1.01_Gm19_36242055_C_T,ss715634470,Gm19,36422718,T,C,unambiguous:T/C:BOT-design,C/T,
BARC_1.01_Gm19_36276581_G_A,ss715634477,Gm19,36457244,A,G,unambiguous:A/G:TOP,G/A,
BARC_1.01_Gm19_36313784_T_C,ss715634479,Gm19,36494539,T,C,unambiguous:T/C:BOT-design,T/C,
BARC_1.01_Gm19_36378440_T_C,ss715634485,Gm19,36559452,T,C,unambiguous:T/C:BOT-design,T/C,
BARC_1.01_Gm19_36505181_A_G,ss715634496,Gm19,36678094,A,G,unambiguous:A/G:TOP,A/G,
BARC_1.01_Gm19_36588644_A_G,ss715634505,Gm19,36767143,A,G,unambiguous:A/G:TOP,A/G,
BARC_1.01_Gm19_36641660_G_A,ss715634509,Gm19,36820158,A,G,unambiguous:A/G:TOP,G/A,
BARC_1.01_Gm19_36691284_C_T,ss715634523,Gm19,36869893,T,C,unambiguous:T/C:BOT-design,C/T,
BARC_1.01_Gm19_36728479_C_T,ss715634527,Gm19,36907027,T,C,unambiguous:T/C:BOT-design,C/T,
BARC_1.01_Gm19_36780878_G_T,ss715634531,Gm19,36959426,T,G,unambiguous:T/G:BOT-design,G/T,
BARC_1.01_Gm19_36845991_C_T,ss715634537,Gm19,37024539,T,C,unambiguous:T/C:BOT-design,C/T,
BARC_1.01_Gm19_36875523_A_G,ss715634541,Gm19,37054073,A,G,unambiguous:A/G:TOP,A/G,
BARC_1.01_Gm19_37020042_A_G,ss715634557,Gm19,37201810,A,G,unambiguous:A/G:TOP,A/G,
BARC_1.01_Gm19_37222096_A_C,ss715634591,Gm19,37403218,A,C,unambiguous:A/C:TOP,A/C,
BARC_1.01_Gm19_37284541_G_A,ss715634597,Gm19,37467999,A,G,unambiguous:A/G:TOP,G/A,
BARC_1.01_Gm19_37323698_A_G,ss715634600,Gm19,37508710,A,G,unambiguous:A/G:TOP,A/G,
BARC_1.01_Gm19_37463936_A_G,ss715634618,Gm19,37674704,A,G,unambiguous:A/G:TOP,A/G,
BARC_1.01_Gm19_37530198_A_G,ss715634623,Gm19,37740969,A,G,unambiguous:A/G:TOP,A/G,
BARC_1.01_Gm19_37591447_T_C,ss715634631,Gm19,37801955,T,C,unambiguous:T/C:BOT-design,T/C,
BARC_1.01_Gm19_37631304_T_G,ss715634639,Gm19,37841812,T,G,unambiguous:T/G:BOT-design,T/G,
BARC_1.01_Gm19_37657631_T_C,ss715634642,Gm19,37868145,T,C,unambiguous:T/C:BOT-design,T/C,
BARC_1.01_Gm19_37893995_G_A,ss715634685,Gm19,38104511,A,G,unambiguous:A/G:TOP,G/A,
BARC_1.01_Gm19_37932358_C_T,ss715634697,Gm19,38142874,T,C,unambiguous:T/C:BOT-design,C/T,
BARC_1.01_Gm19_38121212_G_A,ss715634713,Gm19,38334051,A,G,unambiguous:A/G:TOP,G/A,
BARC_1.01_Gm19_38159634_G_A,ss715634720,Gm19,38372492,A,G,unambiguous:A/G:TOP,G/A,
BARC_1.01_Gm19_38239219_A_C,ss715634723,Gm19,38452089,A,C,unambiguous:A/C:TOP,A/C,
BARC_1.01_Gm19_38315356_A_G,ss715634728,Gm19,38528493,A,G,unambiguous:A/G:TOP,A/G,
BARC_1.01_Gm19_38354744_T_C,ss715634734,Gm19,38567879,T,C,unambiguous:T/C:BOT-design,T/C,
BARC_1.01_Gm19_38402678_A_G,ss715634738,Gm19,38615813,A,G,unambiguous:A/G:TOP,A/G,
BARC_1.01_Gm19_38512160_T_C,ss715634749,Gm19,38725207,T,C,unambiguous:T/C:BOT-design,T/C,
BARC_1.01_Gm19_38606452_C_A,ss715634759,Gm19,38819427,A,C,unambiguous:A/C:TOP,C/A,
BARC_1.01_Gm19_38659685_C_T,ss715634765,Gm19,38872672,T,C,unambiguous:T/C:BOT-design,C/T,
BARC_1.01_Gm19_38692980_A_G,ss715634768,Gm19,38905967,A,G,unambiguous:A/G:TOP,A/G,
BARC_1.01_Gm19_38732345_T_G,ss715634774,Gm19,38945271,T,G,unambiguous:T/G:BOT-design,T/G,
BARC_1.01_Gm19_38814028_T_C,ss715634777,Gm19,39025216,T,C,unambiguous:T/C:BOT-design,T/C,
BARC_1.01_Gm19_38870732_T_G,ss715634789,Gm19,39081578,T,G,unambiguous:T/G:BOT-design,T/G,
BARC_1.01_Gm19_38917571_A_G,ss715634792,Gm19,39128119,A,G,unambiguous:A/G:TOP,A/G,
BARC_1.01_Gm19_39114852_G_A,ss715634802,Gm19,39325409,A,G,unambiguous:A/G:TOP,G/A,
BARC_1.01_Gm19_39151328_C_T,ss715634808,Gm19,39352525,T,C,unambiguous:T/C:BOT-design,C/T,
BARC_1.01_Gm19_39261055_G_A,ss715634817,Gm19,39462292,A,G,unambiguous:A/G:TOP,G/A,
BARC_1.01_Gm19_39298979_C_T,ss715634825,Gm19,39500216,T,C,unambiguous:T/C:BOT-design,C/T,
BARC_1.01_Gm19_39380280_G_A,ss715634837,Gm19,39581073,A,G,unambiguous:A/G:TOP,G/A,
BARC_1.01_Gm19_39421168_C_A,ss715634842,Gm19,39621951,A,C,unambiguous:A/C:TOP,C/A,
BARC_1.01_Gm19_39433067_C_T,ss715634844,Gm19,39633969,T,C,unambiguous:T/C:BOT-design,C/T,
BARC_1.01_Gm19_39635898_A_G,ss715634890,Gm19,39837493,A,G,unambiguous:A/G:TOP,A/G,
BARC_1.01_Gm19_39686084_T_C,ss715634898,Gm19,39887681,T,C,unambiguous:T/C:BOT-design,T/C,
BARC_1.01_Gm19_39723056_G_T,ss715634905,Gm19,39924653,T,G,unambiguous:T/G:BOT-design,G/T,
BARC_1.01_Gm19_39807274_C_A,ss715634923,Gm19,40022634,A,C,unambiguous:A/C:TOP,C/A,
BARC_1.01_Gm19_39853941_C_T,ss715634936,Gm19,40069301,T,C,unambiguous:T/C:BOT-design,C/T,
BARC_1.01_Gm19_39863286_G_T,ss715634937,Gm19,40078646,T,G,unambiguous:T/G:BOT-design,G/T,
BARC_1.01_Gm19_39985816_G_A,ss715634950,Gm19,40180166,A,G,unambiguous:A/G:TOP,G/A,
BARC_1.01_Gm19_40053178_G_A,ss715634961,Gm19,40246729,A,G,unambiguous:A/G:TOP,G/A,
BARC_1.01_Gm19_40088295_C_A,ss715634968,Gm19,40281232,A,C,unambiguous:A/C:TOP,C/A,
BARC_1.01_Gm19_40143590_T_C,ss715634978,Gm19,40336527,T,C,unambiguous:T/C:BOT-design,T/C,
BARC_1.01_Gm19_40219547_C_T,ss715634990,Gm19,40412485,T,C,unambiguous:T/C:BOT-design,C/T,
BARC_1.01_Gm19_40255847_C_T,ss715634997,Gm19,40448736,T,C,unambiguous:T/C:BOT-design,C/T,
BARC_1.01_Gm19_40315072_G_A,ss715635005,Gm19,40507980,A,G,unambiguous:A/G:TOP,G/A,
BARC_1.01_Gm19_40350365_A_G,ss715635008,Gm19,40543275,A,G,unambiguous:A/G:TOP,A/G,
BARC_1.01_Gm19_40508288_C_T,ss715635029,Gm19,40701199,T,C,unambiguous:T/C:BOT-design,C/T,
BARC_1.01_Gm19_40594861_T_C,ss715635036,Gm19,40787533,T,C,unambiguous:T/C:BOT-design,T/C,
BARC_1.01_Gm19_40644937_G_A,ss715635040,Gm19,40837608,A,G,unambiguous:A/G:TOP,G/A,
BARC_1.01_Gm19_40662679_G_T,ss715635043,Gm19,40855351,T,G,unambiguous:T/G:BOT-design,G/T,
BARC_1.01_Gm19_40783256_T_C,ss715635070,Gm19,40975911,T,C,unambiguous:T/C:BOT-design,T/C,
BARC_1.01_Gm19_40884097_A_G,ss715635079,Gm19,41076776,A,G,unambiguous:A/G:TOP,A/G,
BARC_1.01_Gm19_40980328_G_T,ss715635086,Gm19,41173014,T,G,unambiguous:T/G:BOT-design,G/T,
BARC_1.01_Gm19_41030774_T_C,ss715635093,Gm19,41223476,T,C,unambiguous:T/C:BOT-design,T/C,
BARC_1.01_Gm19_41085373_G_T,ss715635098,Gm19,41278075,T,G,unambiguous:T/G:BOT-design,G/T,
BARC_1.01_Gm19_41144271_A_G,ss715635104,Gm19,41336973,A,G,unambiguous:A/G:TOP,A/G,
BARC_1.01_Gm19_41192542_G_T,ss715635111,Gm19,41385244,T,G,unambiguous:T/G:BOT-design,G/T,
BARC_1.01_Gm19_41265238_A_C,ss715635117,Gm19,41458437,A,C,unambiguous:A/C:TOP,A/C,
BARC_1.01_Gm19_41343324_G_A,ss715635124,Gm19,41536524,A,G,unambiguous:A/G:TOP,G/A,
BARC_1.01_Gm19_41381563_A_C,ss715635125,Gm19,41574760,A,C,unambiguous:A/C:TOP,A/C,
BARC_1.01_Gm19_41420857_A_G,ss715635126,Gm19,41614057,A,G,unambiguous:A/G:TOP,A/G,
BARC_1.01_Gm19_41516358_G_A,ss715635128,Gm19,41707621,A,G,unambiguous:A/G:TOP,G/A,
BARC_1.01_Gm19_41557773_A_C,ss715635129,Gm19,41758037,A,C,unambiguous:A/C:TOP,A/C,
BARC_1.01_Gm19_41595422_A_G,ss715635132,Gm19,41795687,A,G,unambiguous:A/G:TOP,A/G,
BARC_1.01_Gm19_41638742_G_T,ss715635135,Gm19,41839807,T,G,unambiguous:T/G:BOT-design,G/T,
BARC_1.01_Gm19_41757011_C_A,ss715635141,Gm19,41959685,A,C,unambiguous:A/C:TOP,C/A,
BARC_1.01_Gm19_41828480_G_A,ss715635147,Gm19,42031138,A,G,unambiguous:A/G:TOP,G/A,
BARC_1.01_Gm19_41863305_G_A,ss715635151,Gm19,42065944,A,G,unambiguous:A/G:TOP,G/A,
BARC_1.01_Gm19_41918030_A_G,ss715635155,Gm19,42120908,A,G,unambiguous:A/G:TOP,A/G,
BARC_1.01_Gm19_41971622_A_G,ss715635159,Gm19,42174636,A,G,unambiguous:A/G:TOP,A/G,
BARC_1.01_Gm19_42007555_C_T,ss715635166,Gm19,42210569,T,C,unambiguous:T/C:BOT-design,C/T,
BARC_1.01_Gm19_42054264_C_T,ss715635175,Gm19,42257278,T,C,unambiguous:T/C:BOT-design,C/T,
BARC_1.01_Gm19_42089062_C_T,ss715635181,Gm19,42290118,T,C,unambiguous:T/C:BOT-design,C/T,
BARC_1.01_Gm19_42143190_T_C,ss715635188,Gm19,42344268,T,C,unambiguous:T/C:BOT-design,T/C,
BARC_1.01_Gm19_42195616_G_A,ss715635198,Gm19,42396693,A,G,unambiguous:A/G:TOP,G/A,
BARC_1.01_Gm19_42246131_A_G,ss715635205,Gm19,42447208,A,G,unambiguous:A/G:TOP,A/G,
BARC_1.01_Gm19_42397882_C_T,ss715635218,Gm19,42598941,T,C,unambiguous:T/C:BOT-design,C/T,
BARC_1.01_Gm19_42459502_G_A,ss715635224,Gm19,42660617,A,G,unambiguous:A/G:TOP,G/A,
BARC_1.01_Gm19_42673649_A_C,ss715635233,Gm19,42874734,A,C,unambiguous:A/C:TOP,A/C,
BARC_1.01_Gm19_42812863_T_C,ss715635250,Gm19,43014594,T,C,unambiguous:T/C:BOT-design,T/C,
BARC_1.01_Gm19_42846269_T_C,ss715635253,Gm19,43048677,T,C,unambiguous:T/C:BOT-design,T/C,
BARC_1.01_Gm19_42916569_C_A,ss715635261,Gm19,43119447,A,C,unambiguous:A/C:TOP,C/A,
BARC_1.01_Gm19_43013222_C_A,ss715635268,Gm19,43216860,A,C,unambiguous:A/C:TOP,C/A,
BARC_1.01_Gm19_43117852_A_C,ss715635276,Gm19,43321502,A,C,unambiguous:A/C:TOP,A/C,
BARC_1.01_Gm19_43356748_T_C,ss715635287,Gm19,43560330,T,C,unambiguous:T/C:BOT-design,T/C,
BARC_1.01_Gm19_43386606_C_A,ss715635292,Gm19,43590188,A,C,unambiguous:A/C:TOP,C/A,
BARC_1.01_Gm19_43626162_G_T,ss715635301,Gm19,43829738,T,G,unambiguous:T/G:BOT-design,G/T,
BARC_1.01_Gm19_43678560_A_G,ss715635304,Gm19,43882137,A,G,unambiguous:A/G:TOP,A/G,
BARC_1.01_Gm19_43874271_A_C,ss715635313,Gm19,44077848,A,C,unambiguous:A/C:TOP,A/C,
BARC_1.01_Gm19_44042544_A_C,ss715635320,Gm19,44246121,A,C,unambiguous:A/C:TOP,A/C,
BARC_1.01_Gm19_44212775_C_T,ss715635330,Gm19,44416360,T,C,unambiguous:T/C:BOT-design,C/T,
BARC_1.01_Gm19_44277545_C_T,ss715635335,Gm19,44481150,T,C,unambiguous:T/C:BOT-design,C/T,
BARC_1.01_Gm19_44311841_T_G,ss715635339,Gm19,44515446,T,G,unambiguous:T/G:BOT-design,T/G,
BARC_1.01_Gm19_44377195_T_C,ss715635349,Gm19,44580800,T,C,unambiguous:T/C:BOT-design,T/C,
BARC_1.01_Gm19_44462578_G_A,ss715635361,Gm19,44666185,A,G,unambiguous:A/G:TOP,G/A,
BARC_1.01_Gm19_44636089_T_C,ss715635383,Gm19,44839696,T,C,unambiguous:T/C:BOT-design,T/C,
BARC_1.01_Gm19_44657532_A_C,ss715635387,Gm19,44861139,A,C,unambiguous:A/C:TOP,A/C,
BARC_1.01_Gm19_44761515_G_A,ss715635403,Gm19,44965128,A,G,unambiguous:A/G:TOP,G/A,
BARC_1.01_Gm19_44802873_A_G,ss715635406,Gm19,45006486,A,G,unambiguous:A/G:TOP,A/G,
BARC_1.01_Gm19_45000827_A_C,ss715635425,Gm19,45204441,A,C,unambiguous:A/C:TOP,A/C,
BARC_1.01_Gm19_45152186_A_G,ss715635454,Gm19,45266984,A,G,unambiguous:A/G:TOP,A/G,
BARC_1.01_Gm19_45209801_G_A,ss715635468,Gm19,45324599,A,G,unambiguous:A/G:TOP,G/A,
BARC_1.01_Gm19_45255796_A_G,ss715635477,Gm19,45370594,A,G,unambiguous:A/G:TOP,A/G,
BARC_1.01_Gm19_45361938_A_G,ss715635494,Gm19,45478438,A,G,unambiguous:A/G:TOP,A/G,
BARC_1.01_Gm19_45441251_C_T,ss715635506,Gm19,45557751,T,C,unambiguous:T/C:BOT-design,C/T,
BARC_1.01_Gm19_45525374_A_G,ss715635520,Gm19,45643073,A,G,unambiguous:A/G:TOP,A/G,
BARC_1.01_Gm19_45553057_A_G,ss715635524,Gm19,45670756,A,G,unambiguous:A/G:TOP,A/G,
BARC_1.01_Gm19_45712708_A_G,ss715635535,Gm19,45830407,A,G,unambiguous:A/G:TOP,A/G,
BARC_1.01_Gm19_45812748_G_A,ss715635545,Gm19,45930447,A,G,unambiguous:A/G:TOP,G/A,
BARC_1.01_Gm19_45882216_G_A,ss715635548,Gm19,45999915,A,G,unambiguous:A/G:TOP,G/A,
BARC_1.01_Gm19_45999263_T_C,ss715635553,Gm19,46116996,T,C,unambiguous:T/C:BOT-design,T/C,
BARC_1.01_Gm19_46130756_T_C,ss715635568,Gm19,46249047,T,C,unambiguous:T/C:BOT-design,T/C,
BARC_1.01_Gm19_46210953_C_T,ss715635571,Gm19,46329244,T,C,unambiguous:T/C:BOT-design,C/T,
BARC_1.01_Gm19_46279899_A_C,ss715635575,Gm19,46398192,A,C,unambiguous:A/C:TOP,A/C,
BARC_1.01_Gm19_46391053_A_G,ss715635577,Gm19,46509345,A,G,unambiguous:A/G:TOP,A/G,
BARC_1.01_Gm19_46450797_G_A,ss715635582,Gm19,46569089,A,G,unambiguous:A/G:TOP,G/A,
BARC_1.01_Gm19_46516194_T_G,ss715635592,Gm19,46634486,T,G,unambiguous:T/G:BOT-design,T/G,
BARC_1.01_Gm19_46611973_C_T,ss715635604,Gm19,46730263,T,C,unambiguous:T/C:BOT-design,C/T,
BARC_1.01_Gm19_46647127_C_T,ss715635609,Gm19,46765417,T,C,unambiguous:T/C:BOT-design,C/T,
BARC_1.01_Gm19_46733772_T_C,ss715635615,Gm19,46852060,T,C,unambiguous:T/C:BOT-design,T/C,
BARC_1.01_Gm19_46761039_T_C,ss715635619,Gm19,46879327,T,C,unambiguous:T/C:BOT-design,T/C,
BARC_1.01_Gm19_46989746_T_C,ss715635634,Gm19,47108129,T,C,unambiguous:T/C:BOT-design,T/C,
BARC_1.01_Gm19_47089771_A_C,ss715635645,Gm19,47208164,A,C,unambiguous:A/C:TOP,A/C,
BARC_1.01_Gm19_47173243_T_C,ss715635658,Gm19,47291640,T,C,unambiguous:T/C:BOT-design,T/C,
BARC_1.01_Gm19_47211510_C_T,ss715635661,Gm19,47329907,T,C,unambiguous:T/C:BOT-design,C/T,
BARC_1.01_Gm19_47270486_T_C,ss715635677,Gm19,47389507,T,C,unambiguous:T/C:BOT-design,T/C,
BARC_1.01_Gm19_47392861_A_G,ss715635690,Gm19,47514824,A,G,unambiguous:A/G:TOP,A/G,
BARC_1.01_Gm19_47510130_A_C,ss715635703,Gm19,47632093,A,C,unambiguous:A/C:TOP,A/C,
BARC_1.01_Gm19_47514601_G_A,ss715635705,Gm19,47636564,A,G,unambiguous:A/G:TOP,G/A,
BARC_1.01_Gm19_47662191_T_C,ss715635727,Gm19,47784141,T,C,unambiguous:T/C:BOT-design,T/C,
BARC_1.01_Gm19_47672198_G_A,ss715635729,Gm19,47794148,A,G,unambiguous:A/G:TOP,G/A,
BARC_1.01_Gm19_47918398_G_A,ss715635755,Gm19,48040350,A,G,unambiguous:A/G:TOP,G/A,
BARC_1.01_Gm19_47972547_T_C,ss715635770,Gm19,48094499,T,C,unambiguous:T/C:BOT-design,T/C,
BARC_1.01_Gm19_48037479_C_A,ss715635782,Gm19,48159432,A,C,unambiguous:A/C:TOP,C/A,
BARC_1.01_Gm19_48074289_A_C,ss715635790,Gm19,48196242,A,C,unambiguous:A/C:TOP,A/C,
BARC_1.01_Gm19_48107469_A_C,ss715635798,Gm19,48229422,A,C,unambiguous:A/C:TOP,A/C,
BARC_1.01_Gm19_48168077_G_A,ss715635815,Gm19,48290030,A,G,unambiguous:A/G:TOP,G/A,
BARC_1.01_Gm19_48209643_G_A,ss715635824,Gm19,48331596,A,G,unambiguous:A/G:TOP,G/A,
BARC_1.01_Gm19_48253473_A_C,ss715635827,Gm19,48375196,A,C,unambiguous:A/C:TOP,A/C,
BARC_1.01_Gm19_48317911_T_C,ss715635836,Gm19,48441237,T,C,unambiguous:T/C:BOT-design,T/C,
BARC_1.01_Gm19_48378286_A_G,ss715635844,Gm19,48501612,A,G,unambiguous:A/G:TOP,A/G,
BARC_1.01_Gm19_48433644_A_G,ss715635848,Gm19,48556944,A,G,unambiguous:A/G:TOP,A/G,
BARC_1.01_Gm19_48478450_G_A,ss715635853,Gm19,48601932,A,G,unambiguous:A/G:TOP,G/A,
BARC_1.01_Gm19_48512539_A_G,ss715635855,Gm19,48636021,A,G,unambiguous:A/G:TOP,A/G,
BARC_1.01_Gm19_48707459_C_T,ss715635875,Gm19,48828805,T,C,unambiguous:T/C:BOT-design,C/T,
BARC_1.01_Gm19_48957790_T_C,ss715635892,Gm19,49079120,T,C,unambiguous:T/C:BOT-design,T/C,
BARC_1.01_Gm19_49020343_A_G,ss715635899,Gm19,49141673,A,G,unambiguous:A/G:TOP,A/G,
BARC_1.01_Gm19_49088729_G_A,ss715635905,Gm19,49210133,A,G,unambiguous:A/G:TOP,G/A,
BARC_1.01_Gm19_49128491_C_A,ss715635909,Gm19,49249895,A,C,unambiguous:A/C:TOP,C/A,
BARC_1.01_Gm19_49208411_C_A,ss715635916,Gm19,49329855,A,C,unambiguous:A/C:TOP,C/A,
BARC_1.01_Gm19_49261156_G_A,ss715635923,Gm19,49382600,A,G,unambiguous:A/G:TOP,G/A,
BARC_1.01_Gm19_49266400_C_A,ss715635925,Gm19,49387844,A,C,unambiguous:A/C:TOP,C/A,
BARC_1.01_Gm19_49388460_G_T,ss715635938,Gm19,49509625,T,G,unambiguous:T/G:BOT-design,G/T,
BARC_1.01_Gm19_49429376_G_A,ss715635942,Gm19,49550541,A,G,unambiguous:A/G:TOP,G/A,
BARC_1.01_Gm19_49462084_A_G,ss715635947,Gm19,49583249,A,G,unambiguous:A/G:TOP,A/G,
BARC_1.01_Gm19_49497775_C_A,ss715635952,Gm19,49618939,A,C,unambiguous:A/C:TOP,C/A,
BARC_1.01_Gm19_49542388_A_G,ss715635962,Gm19,49663549,A,G,unambiguous:A/G:TOP,A/G,
BARC_1.01_Gm19_49578689_G_A,ss715635964,Gm19,49699850,A,G,unambiguous:A/G:TOP,G/A,
BARC_1.01_Gm19_49629185_G_A,ss715635970,Gm19,49750346,A,G,unambiguous:A/G:TOP,G/A,
BARC_1.01_Gm19_49693401_T_C,ss715635977,Gm19,49814563,T,C,unambiguous:T/C:BOT-design,T/C,
BARC_1.01_Gm19_49786000_A_G,ss715635983,Gm19,49907162,A,G,unambiguous:A/G:TOP,A/G,
BARC_1.01_Gm19_49885090_G_A,ss715635988,Gm19,50006252,A,G,unambiguous:A/G:TOP,G/A,
BARC_1.01_Gm19_49930354_A_C,ss715635992,Gm19,50051516,A,C,unambiguous:A/C:TOP,A/C,
BARC_1.01_Gm19_49964637_T_C,ss715635996,Gm19,50085799,T,C,unambiguous:T/C:BOT-design,T/C,
BARC_1.01_Gm19_50107667_C_T,ss715636004,Gm19,50228894,T,C,unambiguous:T/C:BOT-design,C/T,
BARC_1.01_Gm19_50184509_A_G,ss715636013,Gm19,50305134,A,G,unambiguous:A/G:TOP,A/G,
BARC_1.01_Gm19_50205252_A_G,ss715636018,Gm19,50325877,A,G,unambiguous:A/G:TOP,A/G,
BARC_1.01_Gm19_50267660_G_A,ss715636031,Gm19,50388285,A,G,unambiguous:A/G:TOP,G/A,
BARC_1.01_Gm19_50322283_T_G,ss715636035,Gm19,50442908,T,G,unambiguous:T/G:BOT-design,T/G,
BARC_1.01_Gm19_50393156_C_T,ss715636047,Gm19,50513781,T,C,unambiguous:T/C:BOT-design,C/T,
BARC_1.01_Gm19_50486916_C_T,ss715636065,Gm19,50607336,T,C,unambiguous:T/C:BOT-design,C/T,
BARC_1.01_Gm19_50545618_G_A,ss715636075,Gm19,50666038,A,G,unambiguous:A/G:TOP,G/A,
BARC_1.01_Gm15_11097098_G_A,ss715620288,Gm15,50730824,A,G,unambiguous:A/G:TOP,G/A,
BARC_1.01_Gm20_51113_C_T,ss715638966,Gm20,51113,T,C,unambiguous:T/C:BOT-design,C/T,
BARC_1.01_Gm20_135948_G_A,ss715636662,Gm20,135950,A,G,unambiguous:A/G:TOP,G/A,
BARC_1.01_Gm20_208975_C_T,ss715636924,Gm20,208950,T,C,unambiguous:T/C:BOT-design,C/T,
BARC_1.01_Gm20_294157_A_C,ss715637218,Gm20,294010,A,C,unambiguous:A/C:TOP,A/C,
BARC_1.01_Gm20_342779_T_C,ss715637567,Gm20,342632,T,C,unambiguous:T/C:BOT-design,T/C,
BARC_1.01_Gm20_376751_C_T,ss715637977,Gm20,376574,T,C,unambiguous:T/C:BOT-design,C/T,
BARC_1.01_Gm20_480832_G_A,ss715638956,Gm20,476829,A,G,unambiguous:A/G:TOP,G/A,
BARC_1.01_Gm20_549607_G_A,ss715638980,Gm20,545605,A,G,unambiguous:A/G:TOP,G/A,
BARC_1.01_Gm20_621723_A_G,ss715639000,Gm20,616947,A,G,unambiguous:A/G:TOP,A/G,
BARC_1.01_Gm20_695013_A_C,ss715639024,Gm20,690237,A,C,unambiguous:A/C:TOP,A/C,
BARC_1.01_Gm20_763496_A_C,ss715639040,Gm20,758718,A,C,unambiguous:A/C:TOP,A/C,
BARC_1.01_Gm20_827937_T_C,ss715639060,Gm20,824049,T,C,unambiguous:T/C:BOT-design,T/C,
BARC_1.01_Gm20_880979_G_A,ss715639070,Gm20,877091,A,G,unambiguous:A/G:TOP,G/A,
BARC_1.01_Gm20_932104_T_C,ss715639082,Gm20,928219,T,C,unambiguous:T/C:BOT-design,T/C,
BARC_1.01_Gm20_1046460_A_C,ss715636542,Gm20,1042491,A,C,unambiguous:A/C:TOP,A/C,
BARC_1.01_Gm20_1133712_A_G,ss715636574,Gm20,1129790,A,G,unambiguous:A/G:TOP,A/G,
BARC_1.01_Gm20_1178406_A_G,ss715636591,Gm20,1174506,A,G,unambiguous:A/G:TOP,A/G,
BARC_1.01_Gm20_1229599_T_C,ss715636615,Gm20,1225703,T,C,unambiguous:T/C:BOT-design,T/C,
BARC_1.01_Gm20_1306005_A_G,ss715636639,Gm20,1301642,A,G,unambiguous:A/G:TOP,A/G,
BARC_1.01_Gm20_1348454_T_G,ss715636656,Gm20,1344091,T,G,unambiguous:T/G:BOT-design,T/G,
BARC_1.01_Gm20_1379470_T_C,ss715636665,Gm20,1368562,T,C,unambiguous:T/C:BOT-design,T/C,
BARC_1.01_Gm20_1456885_A_G,ss715636691,Gm20,1445929,A,G,unambiguous:A/G:TOP,A/G,
BARC_1.01_Gm20_1485442_C_T,ss715636702,Gm20,1474486,T,C,unambiguous:T/C:BOT-design,C/T,
BARC_1.01_Gm20_1577990_G_T,ss715636733,Gm20,1565743,T,G,unambiguous:T/G:BOT-design,G/T,
BARC_1.01_Gm20_1621036_T_C,ss715636751,Gm20,1608482,T,C,unambiguous:T/C:BOT-design,T/C,
BARC_1.01_Gm20_1673167_C_T,ss715636773,Gm20,1659885,T,C,unambiguous:T/C:BOT-design,C/T,
BARC_1.01_Gm20_1789933_A_G,ss715636817,Gm20,1781331,A,G,unambiguous:A/G:TOP,A/G,
BARC_1.01_Gm20_1822177_A_G,ss715636828,Gm20,1814484,A,G,unambiguous:A/G:TOP,A/G,
BARC_1.01_Gm20_1943918_A_C,ss715636867,Gm20,1937812,A,C,unambiguous:A/C:TOP,A/C,
BARC_1.01_Gm20_2013621_G_T,ss715636896,Gm20,2007515,T,G,unambiguous:T/G:BOT-design,G/T,
BARC_1.01_Gm20_2060912_A_C,ss715636915,Gm20,2054806,A,C,unambiguous:A/C:TOP,A/C,
BARC_1.01_Gm20_2138532_A_G,ss715636941,Gm20,2132426,A,G,unambiguous:A/G:TOP,A/G,
BARC_1.01_Gm20_2244000_G_A,ss715636973,Gm20,2237894,A,G,unambiguous:A/G:TOP,G/A,
BARC_1.01_Gm20_2372509_T_C,ss715637019,Gm20,2366403,T,C,unambiguous:T/C:BOT-design,T/C,
BARC_1.01_Gm20_2432223_A_C,ss715637056,Gm20,2426117,A,C,unambiguous:A/C:TOP,A/C,
BARC_1.01_Gm20_2499205_A_G,ss715637072,Gm20,2493219,A,G,unambiguous:A/G:TOP,A/G,
BARC_1.01_Gm20_2582844_C_T,ss715637095,Gm20,2576037,T,C,unambiguous:T/C:BOT-design,C/T,
BARC_1.01_Gm20_2724895_A_G,ss715637140,Gm20,2718188,A,G,unambiguous:A/G:TOP,A/G,
BARC_1.01_Gm20_2773655_A_G,ss715637157,Gm20,2766948,A,G,unambiguous:A/G:TOP,A/G,
BARC_1.01_Gm20_2804571_C_T,ss715637168,Gm20,2797864,T,C,unambiguous:T/C:BOT-design,C/T,
BARC_1.01_Gm20_2954372_G_T,ss715637222,Gm20,2947656,T,G,unambiguous:T/G:BOT-design,G/T,
BARC_1.01_Gm20_3020597_T_C,ss715637247,Gm20,3013871,T,C,unambiguous:T/C:BOT-design,T/C,
BARC_1.01_Gm20_3078662_A_G,ss715637278,Gm20,3071936,A,G,unambiguous:A/G:TOP,A/G,
BARC_1.01_Gm20_3142439_A_G,ss715637308,Gm20,3135713,A,G,unambiguous:A/G:TOP,A/G,
BARC_1.01_Gm20_3166447_A_C,ss715637319,Gm20,3159721,A,C,unambiguous:A/C:TOP,A/C,
BARC_1.01_Gm20_3209088_G_A,ss715637333,Gm20,3202362,A,G,unambiguous:A/G:TOP,G/A,
BARC_1.01_Gm20_3420379_A_G,ss715637552,Gm20,3413871,A,G,unambiguous:A/G:TOP,A/G,
BARC_1.01_Gm20_3827282_G_A,ss715638025,Gm20,3814870,A,G,unambiguous:A/G:TOP,G/A,
BARC_1.01_Gm20_3880320_T_C,ss715638062,Gm20,3867902,T,C,unambiguous:T/C:BOT-design,T/C,
BARC_1.01_Gm20_4018421_A_G,ss715638157,Gm20,4005666,A,G,unambiguous:A/G:TOP,A/G,
BARC_1.01_Gm20_4378776_T_C,ss715638583,Gm20,4362472,T,C,unambiguous:T/C:BOT-design,T/C,
BARC_1.01_Gm20_4516042_T_C,ss715638726,Gm20,4499736,T,C,unambiguous:T/C:BOT-design,T/C,
BARC_1.01_Gm20_4660681_C_T,ss715638934,Gm20,4645190,T,C,unambiguous:T/C:BOT-design,C/T,
BARC_1.01_Gm20_4730717_T_G,ss715638954,Gm20,4713875,T,G,unambiguous:T/G:BOT-design,T/G,
BARC_1.01_Gm20_12318232_A_G,ss715636617,Gm20,8318718,A,G,unambiguous:A/G:TOP,A/G,
BARC_1.01_Gm20_12721670_G_T,ss715636631,Gm20,8719062,T,G,unambiguous:T/G:BOT-design,G/T,
BARC_1.01_Gm20_15338309_T_C,ss715636716,Gm20,9199872,T,C,unambiguous:T/C:BOT-design,T/C,
BARC_1.01_Gm20_14721991_A_G,ss715636697,Gm20,9817672,A,G,unambiguous:A/G:TOP,A/G,
BARC_1.01_Gm20_14323433_T_C,ss715636683,Gm20,10209786,T,C,unambiguous:T/C:BOT-design,T/C,
BARC_1.01_Gm20_18077332_C_T,ss715636821,Gm20,10748443,T,C,unambiguous:T/C:BOT-design,C/T,
BARC_1.01_Gm20_16909668_A_G,ss715636783,Gm20,11936985,A,G,unambiguous:A/G:TOP,A/G,
BARC_1.01_Gm20_15908501_A_G,ss715636739,Gm20,12922198,A,G,unambiguous:A/G:TOP,A/G,
BARC_1.01_Gm20_15884838_G_A,ss715636737,Gm20,12945861,A,G,unambiguous:A/G:TOP,G/A,
BARC_1.01_Gm04_34208454_C_T,ss715587758,Gm04,13655219,T,C,unambiguous:T/C:BOT-design,C/T,
BARC_1.01_Gm20_18531300_T_C,ss715636835,Gm20,15622071,T,C,unambiguous:T/C:BOT-design,T/C,
BARC_1.01_Gm20_18829763_G_A,ss715636844,Gm20,15930392,A,G,unambiguous:A/G:TOP,G/A,
BARC_1.01_Gm20_6831960_T_C,ss715639021,Gm20,16712510,T,C,unambiguous:T/C:BOT-design,T/C,
BARC_1.01_Gm20_6499121_T_C,ss715639009,Gm20,17042683,T,C,unambiguous:T/C:BOT-design,T/C,
BARC_1.01_Gm20_19897766_C_T,ss715636885,Gm20,17504069,T,C,unambiguous:T/C:BOT-design,C/T,
BARC_1.01_Gm20_19781743_T_C,ss715636880,Gm20,17619593,T,C,unambiguous:T/C:BOT-design,T/C,
BARC_1.01_Gm20_10095001_T_C,ss715636534,Gm20,18303580,T,C,unambiguous:T/C:BOT-design,T/C,
BARC_1.01_Gm20_9323440_A_C,ss715639083,Gm20,19086820,A,C,unambiguous:A/C:TOP,A/C,
BARC_1.01_Gm20_9255340_C_T,ss715639080,Gm20,19154616,T,C,unambiguous:T/C:BOT-design,C/T,
BARC_1.01_Gm20_8984320_T_G,ss715639074,Gm20,19426304,T,G,unambiguous:T/G:BOT-design,T/G,
BARC_1.01_Gm20_8185857_T_C,ss715639057,Gm20,20229461,T,C,unambiguous:T/C:BOT-design,T/C,
BARC_1.01_Gm20_7927513_A_G,ss715639047,Gm20,20469910,A,G,unambiguous:A/G:TOP,A/G,
BARC_1.01_Gm20_7863544_A_G,ss715639046,Gm20,20518994,A,G,unambiguous:A/G:TOP,A/G,
BARC_1.01_Gm20_20207615_A_G,ss715636898,Gm20,21388959,A,G,unambiguous:A/G:TOP,A/G,
BARC_1.01_Gm20_20401020_T_C,ss715636906,Gm20,21591084,T,C,unambiguous:T/C:BOT-design,T/C,
BARC_1.01_Gm20_22480124_T_C,ss715636976,Gm20,23613242,T,C,unambiguous:T/C:BOT-design,T/C,
BARC_1.01_Gm20_22826023_G_A,ss715636983,Gm20,23963554,A,G,unambiguous:A/G:TOP,G/A,
BARC_1.01_Gm20_22995309_A_G,ss715636989,Gm20,24132837,A,G,unambiguous:A/G:TOP,A/G,
BARC_1.01_Gm20_23452366_A_G,ss715637004,Gm20,24590792,A,G,unambiguous:A/G:TOP,A/G,
BARC_1.01_Gm20_23477210_T_C,ss715637005,Gm20,24615630,T,C,unambiguous:T/C:BOT-design,T/C,
BARC_1.01_Gm20_23536158_A_G,ss715637007,Gm20,24674575,A,G,unambiguous:A/G:TOP,A/G,
BARC_1.01_Gm20_23610063_G_A,ss715637011,Gm20,24748462,A,G,unambiguous:A/G:TOP,G/A,
BARC_1.01_Gm20_23666474_A_G,ss715637015,Gm20,24804873,A,G,unambiguous:A/G:TOP,A/G,
BARC_1.01_Gm20_23971966_A_C,ss715637033,Gm20,25109534,A,C,unambiguous:A/C:TOP,A/C,
BARC_1.01_Gm20_24055416_T_G,ss715637041,Gm20,25192861,T,G,unambiguous:T/G:BOT-design,T/G,
BARC_1.01_Gm20_24202089_A_G,ss715637052,Gm20,25347488,A,G,unambiguous:A/G:TOP,A/G,
BARC_1.01_Gm20_24360444_C_T,ss715637057,Gm20,25506090,T,C,unambiguous:T/C:BOT-design,C/T,
BARC_1.01_Gm20_25063646_C_T,ss715637075,Gm20,26214468,T,C,unambiguous:T/C:BOT-design,C/T,
BARC_1.01_Gm20_26092580_G_A,ss715637105,Gm20,27260937,A,G,unambiguous:A/G:TOP,G/A,
BARC_1.01_Gm20_26500747_G_A,ss715637117,Gm20,27662275,A,G,unambiguous:A/G:TOP,G/A,
BARC_1.01_Gm20_26785339_T_C,ss715637126,Gm20,27947431,T,C,unambiguous:T/C:BOT-design,T/C,
BARC_1.01_Gm20_26836040_G_T,ss715637127,Gm20,27998155,T,G,unambiguous:T/G:BOT-design,G/T,
BARC_1.01_Gm20_27578013_T_C,ss715637150,Gm20,28741905,T,C,unambiguous:T/C:BOT-design,T/C,
BARC_1.01_Gm20_27884457_A_G,ss715637163,Gm20,29047376,A,G,unambiguous:A/G:TOP,A/G,
BARC_1.01_Gm20_28017701_T_C,ss715637167,Gm20,29189763,T,C,unambiguous:T/C:BOT-design,T/C,
BARC_1.01_Gm20_28070832_A_G,ss715637169,Gm20,29243020,A,G,unambiguous:A/G:TOP,A/G,
BARC_1.01_Gm20_28174755_C_A,ss715637171,Gm20,29346974,A,C,unambiguous:A/C:TOP,C/A,
BARC_1.01_Gm20_28389137_C_T,ss715637176,Gm20,29558474,T,C,unambiguous:T/C:BOT-design,C/T,
BARC_1.01_Gm20_28550287_G_A,ss715637185,Gm20,29719631,A,G,unambiguous:A/G:TOP,G/A,
BARC_1.01_Gm20_29512680_A_G,ss715637220,Gm20,30662956,A,G,unambiguous:A/G:TOP,A/G,
BARC_1.01_Gm20_29594697_A_G,ss715637225,Gm20,30744968,A,G,unambiguous:A/G:TOP,A/G,
BARC_1.01_Gm20_29711410_T_C,ss715637229,Gm20,30862344,T,C,unambiguous:T/C:BOT-design,T/C,
BARC_1.01_Gm20_29865868_C_T,ss715637234,Gm20,31016379,T,C,unambiguous:T/C:BOT-design,C/T,
BARC_1.01_Gm20_29983050_A_G,ss715637240,Gm20,31129249,A,G,unambiguous:A/G:TOP,A/G,
BARC_1.01_Gm20_30048849_G_T,ss715637241,Gm20,31195048,T,G,unambiguous:T/G:BOT-design,G/T,
BARC_1.01_Gm20_30245573_G_A,ss715637250,Gm20,31383115,A,G,unambiguous:A/G:TOP,G/A,
BARC_1.01_Gm20_30417244_C_T,ss715637264,Gm20,31554795,T,C,unambiguous:T/C:BOT-design,C/T,
BARC_1.01_Gm20_32550693_T_G,ss715637353,Gm20,33692025,T,G,unambiguous:T/G:BOT-design,T/G,
BARC_1.01_Gm20_32603292_A_G,ss715637358,Gm20,33744434,A,G,unambiguous:A/G:TOP,A/G,
BARC_1.01_Gm20_32784352_A_G,ss715637380,Gm20,33925526,A,G,unambiguous:A/G:TOP,A/G,
BARC_1.01_Gm20_32902160_T_G,ss715637386,Gm20,34041437,T,G,unambiguous:T/G:BOT-design,T/G,
BARC_1.01_Gm20_33001386_A_G,ss715637408,Gm20,34140804,A,G,unambiguous:A/G:TOP,A/G,
BARC_1.01_Gm20_33049242_A_G,ss715637414,Gm20,34188658,A,G,unambiguous:A/G:TOP,A/G,
BARC_1.01_Gm20_33099801_G_A,ss715637419,Gm20,34239213,A,G,unambiguous:A/G:TOP,G/A,
BARC_1.01_Gm20_33215713_T_C,ss715637433,Gm20,34355124,T,C,unambiguous:T/C:BOT-design,T/C,
BARC_1.01_Gm20_33275560_C_T,ss715637437,Gm20,34414971,T,C,unambiguous:T/C:BOT-design,C/T,
BARC_1.01_Gm20_33333326_C_T,ss715637441,Gm20,34472737,T,C,unambiguous:T/C:BOT-design,C/T,
BARC_1.01_Gm20_33405047_C_T,ss715637450,Gm20,34544458,T,C,unambiguous:T/C:BOT-design,C/T,
BARC_1.01_Gm20_33482879_C_T,ss715637459,Gm20,34622286,T,C,unambiguous:T/C:BOT-design,C/T,
BARC_1.01_Gm20_33580029_C_T,ss715637472,Gm20,34719436,T,C,unambiguous:T/C:BOT-design,C/T,
BARC_1.01_Gm20_33634187_G_A,ss715637480,Gm20,34773594,A,G,unambiguous:A/G:TOP,G/A,
BARC_1.01_Gm20_33676755_C_T,ss715637485,Gm20,34816162,T,C,unambiguous:T/C:BOT-design,C/T,
BARC_1.01_Gm20_33727273_A_G,ss715637495,Gm20,34866678,A,G,unambiguous:A/G:TOP,A/G,
BARC_1.01_Gm20_33770596_G_A,ss715637500,Gm20,34910001,A,G,unambiguous:A/G:TOP,G/A,
BARC_1.01_Gm20_33842096_A_G,ss715637506,Gm20,34981501,A,G,unambiguous:A/G:TOP,A/G,
BARC_1.01_Gm20_33941268_G_T,ss715637516,Gm20,35080673,T,G,unambiguous:T/G:BOT-design,G/T,
BARC_1.01_Gm20_34057184_C_T,ss715637532,Gm20,35196589,T,C,unambiguous:T/C:BOT-design,C/T,
BARC_1.01_Gm20_34181219_T_C,ss715637550,Gm20,35320625,T,C,unambiguous:T/C:BOT-design,T/C,
BARC_1.01_Gm20_34240236_A_G,ss715637557,Gm20,35379699,A,G,unambiguous:A/G:TOP,A/G,
BARC_1.01_Gm20_34340634_G_A,ss715637580,Gm20,35480119,A,G,unambiguous:A/G:TOP,G/A,
BARC_1.01_Gm20_34474878_T_C,ss715637606,Gm20,35614375,T,C,unambiguous:T/C:BOT-design,T/C,
BARC_1.01_Gm20_34626867_A_G,ss715637626,Gm20,35766549,A,G,unambiguous:A/G:TOP,A/G,
BARC_1.01_Gm20_34696968_T_G,ss715637629,Gm20,35836361,T,G,unambiguous:T/G:BOT-design,T/G,
BARC_1.01_Gm20_34881595_C_T,ss715637647,Gm20,36021058,T,C,unambiguous:T/C:BOT-design,C/T,
BARC_1.01_Gm20_34942502_G_A,ss715637657,Gm20,36081945,A,G,unambiguous:A/G:TOP,G/A,
BARC_1.01_Gm20_35095841_T_G,ss715637668,Gm20,36235283,T,G,unambiguous:T/G:BOT-design,T/G,
BARC_1.01_Gm20_35232978_A_G,ss715637679,Gm20,36332679,A,G,unambiguous:A/G:TOP,A/G,
BARC_1.01_Gm20_35378782_G_T,ss715637690,Gm20,36473914,T,G,unambiguous:T/G:BOT-design,G/T,
BARC_1.01_Gm20_35432652_C_A,ss715637704,Gm20,36527784,A,C,unambiguous:A/C:TOP,C/A,
BARC_1.01_Gm20_35523599_G_A,ss715637716,Gm20,36618731,A,G,unambiguous:A/G:TOP,G/A,
BARC_1.01_Gm20_35625615_C_T,ss715637735,Gm20,36720824,T,C,unambiguous:T/C:BOT-design,C/T,
BARC_1.01_Gm20_35714111_A_C,ss715637759,Gm20,36809270,A,C,unambiguous:A/C:TOP,A/C,
BARC_1.01_Gm20_35761130_G_A,ss715637766,Gm20,36856290,A,G,unambiguous:A/G:TOP,G/A,
BARC_1.01_Gm20_35892819_A_G,ss715637792,Gm20,36987986,A,G,unambiguous:A/G:TOP,A/G,
BARC_1.01_Gm20_36002148_T_C,ss715637808,Gm20,37097315,T,C,unambiguous:T/C:BOT-design,T/C,
BARC_1.01_Gm20_36095037_G_A,ss715637823,Gm20,37190252,A,G,unambiguous:A/G:TOP,G/A,
BARC_1.01_Gm20_36153048_C_A,ss715637832,Gm20,37248263,A,C,unambiguous:A/C:TOP,C/A,
BARC_1.01_Gm20_36261014_C_T,ss715637836,Gm20,37356203,T,C,unambiguous:T/C:BOT-design,C/T,
BARC_1.01_Gm20_36376876_T_G,ss715637843,Gm20,37472079,T,G,unambiguous:T/G:BOT-design,T/G,
BARC_1.01_Gm20_36478507_A_G,ss715637856,Gm20,37573710,A,G,unambiguous:A/G:TOP,A/G,
BARC_1.01_Gm20_36542128_T_C,ss715637865,Gm20,37637311,T,C,unambiguous:T/C:BOT-design,T/C,
BARC_1.01_Gm20_36651429_A_G,ss715637878,Gm20,37746775,A,G,unambiguous:A/G:TOP,A/G,
BARC_1.01_Gm20_36710448_A_C,ss715637886,Gm20,37805734,A,C,unambiguous:A/C:TOP,A/C,
BARC_1.01_Gm20_36728646_A_C,ss715637890,Gm20,37823932,A,C,unambiguous:A/C:TOP,A/C,
BARC_1.01_Gm20_36811082_A_G,ss715637904,Gm20,37906943,A,G,unambiguous:A/G:TOP,A/G,
BARC_1.01_Gm20_36868590_T_G,ss715637912,Gm20,37964451,T,G,unambiguous:T/G:BOT-design,T/G,
BARC_1.01_Gm20_36934546_A_G,ss715637922,Gm20,38030407,A,G,unambiguous:A/G:TOP,A/G,
BARC_1.01_Gm20_37024383_T_C,ss715637930,Gm20,38120244,T,C,unambiguous:T/C:BOT-design,T/C,
BARC_1.01_Gm20_37026994_A_G,ss715637932,Gm20,38122855,A,G,unambiguous:A/G:TOP,A/G,
BARC_1.01_Gm20_37111648_T_C,ss715637939,Gm20,38207528,T,C,unambiguous:T/C:BOT-design,T/C,
BARC_1.01_Gm20_37211061_A_G,ss715637948,Gm20,38306943,A,G,unambiguous:A/G:TOP,A/G,
BARC_1.01_Gm20_37273411_G_A,ss715637958,Gm20,38369293,A,G,unambiguous:A/G:TOP,G/A,
BARC_1.01_Gm20_37410040_T_C,ss715637964,Gm20,38514963,T,C,unambiguous:T/C:BOT-design,T/C,
BARC_1.01_Gm20_37466130_A_G,ss715637966,Gm20,38571066,A,G,unambiguous:A/G:TOP,A/G,
BARC_1.01_Gm20_37551598_A_G,ss715637973,Gm20,38656535,A,G,unambiguous:A/G:TOP,A/G,
BARC_1.01_Gm20_37645543_G_A,ss715637976,Gm20,38750487,A,G,unambiguous:A/G:TOP,G/A,
BARC_1.01_Gm20_37746786_C_T,ss715637982,Gm20,38851784,T,C,unambiguous:T/C:BOT-design,C/T,
BARC_1.01_Gm20_37857633_G_A,ss715637988,Gm20,38960880,A,G,unambiguous:A/G:TOP,G/A,
BARC_1.01_Gm20_37909306_G_A,ss715637991,Gm20,39013106,A,G,unambiguous:A/G:TOP,G/A,
BARC_1.01_Gm20_37996729_T_C,ss715638000,Gm20,39100920,T,C,unambiguous:T/C:BOT-design,T/C,
BARC_1.01_Gm20_38040816_A_G,ss715638004,Gm20,39145005,A,G,unambiguous:A/G:TOP,A/G,
BARC_1.01_Gm20_38151772_C_T,ss715638016,Gm20,39264651,T,C,unambiguous:T/C:BOT-design,C/T,
BARC_1.01_Gm20_38195568_G_A,ss715638018,Gm20,39308447,A,G,unambiguous:A/G:TOP,G/A,
BARC_1.01_Gm20_38306103_T_C,ss715638028,Gm20,39418983,T,C,unambiguous:T/C:BOT-design,T/C,
BARC_1.01_Gm20_38391185_C_T,ss715638030,Gm20,39503857,T,C,unambiguous:T/C:BOT-design,C/T,
BARC_1.01_Gm20_38578470_T_C,ss715638045,Gm20,39691634,T,C,unambiguous:T/C:BOT-design,T/C,
BARC_1.01_Gm20_38616560_T_C,ss715638047,Gm20,39729724,T,C,unambiguous:T/C:BOT-design,T/C,
BARC_1.01_Gm20_38963827_A_G,ss715638065,Gm20,40077068,A,G,unambiguous:A/G:TOP,A/G,
BARC_1.01_Gm20_39017922_C_T,ss715638069,Gm20,40131060,T,C,unambiguous:T/C:BOT-design,C/T,
BARC_1.01_Gm20_39217076_T_C,ss715638077,Gm20,40330234,T,C,unambiguous:T/C:BOT-design,T/C,
BARC_1.01_Gm20_39523137_A_G,ss715638098,Gm20,40636288,A,G,unambiguous:A/G:TOP,A/G,
BARC_1.01_Gm20_39582428_T_C,ss715638104,Gm20,40704783,T,C,unambiguous:T/C:BOT-design,T/C,
BARC_1.01_Gm20_39698421_G_A,ss715638114,Gm20,40820776,A,G,unambiguous:A/G:TOP,G/A,
BARC_1.01_Gm20_39848830_A_G,ss715638121,Gm20,40971200,A,G,unambiguous:A/G:TOP,A/G,
BARC_1.01_Gm20_39891361_C_T,ss715638127,Gm20,41013731,T,C,unambiguous:T/C:BOT-design,C/T,
BARC_1.01_Gm20_39942347_A_C,ss715638133,Gm20,41064718,A,C,unambiguous:A/C:TOP,A/C,
BARC_1.01_Gm20_40073030_A_G,ss715638149,Gm20,41195418,A,G,unambiguous:A/G:TOP,A/G,
BARC_1.01_Gm20_40166186_C_A,ss715638154,Gm20,41288533,A,C,unambiguous:A/C:TOP,C/A,
BARC_1.01_Gm20_40236098_C_T,ss715638159,Gm20,41353217,T,C,unambiguous:T/C:BOT-design,C/T,
BARC_1.01_Gm20_40283611_G_A,ss715638163,Gm20,41400730,A,G,unambiguous:A/G:TOP,G/A,
BARC_1.01_Gm20_40358501_C_T,ss715638168,Gm20,41475621,T,C,unambiguous:T/C:BOT-design,C/T,
BARC_1.01_Gm20_40486756_A_G,ss715638175,Gm20,41604248,A,G,unambiguous:A/G:TOP,A/G,
BARC_1.01_Gm20_40618399_T_C,ss715638190,Gm20,41735891,T,C,unambiguous:T/C:BOT-design,T/C,
BARC_1.01_Gm20_40679826_C_A,ss715638198,Gm20,41797319,A,C,unambiguous:A/C:TOP,C/A,
BARC_1.01_Gm20_40765691_G_A,ss715638209,Gm20,41883051,A,G,unambiguous:A/G:TOP,G/A,
BARC_1.01_Gm20_40957777_C_T,ss715638226,Gm20,42075128,T,C,unambiguous:T/C:BOT-design,C/T,
BARC_1.01_Gm20_41076001_T_G,ss715638252,Gm20,42193329,T,G,unambiguous:T/G:BOT-design,T/G,
BARC_1.01_Gm20_41127680_A_C,ss715638259,Gm20,42244655,A,C,unambiguous:A/C:TOP,A/C,
BARC_1.01_Gm20_41180602_G_A,ss715638266,Gm20,42297577,A,G,unambiguous:A/G:TOP,G/A,
BARC_1.01_Gm20_41233490_T_C,ss715638269,Gm20,42350470,T,C,unambiguous:T/C:BOT-design,T/C,
BARC_1.01_Gm20_41356542_T_C,ss715638293,Gm20,42473531,T,C,unambiguous:T/C:BOT-design,T/C,
BARC_1.01_Gm20_41382207_G_T,ss715638302,Gm20,42499203,T,G,unambiguous:T/G:BOT-design,G/T,
BARC_1.01_Gm20_41449898_G_A,ss715638314,Gm20,42566926,A,G,unambiguous:A/G:TOP,G/A,
BARC_1.01_Gm20_41561802_G_A,ss715638322,Gm20,42678904,A,G,unambiguous:A/G:TOP,G/A,
BARC_1.01_Gm20_41638255_T_G,ss715638328,Gm20,42755364,T,G,unambiguous:T/G:BOT-design,T/G,
BARC_1.01_Gm20_41663783_G_A,ss715638333,Gm20,42780888,A,G,unambiguous:A/G:TOP,G/A,
BARC_1.01_Gm20_41722165_C_T,ss715638352,Gm20,42839268,T,C,unambiguous:T/C:BOT-design,C/T,
BARC_1.01_Gm20_41768075_G_T,ss715638357,Gm20,42885207,T,G,unambiguous:T/G:BOT-design,G/T,
BARC_1.01_Gm20_41835758_A_G,ss715638370,Gm20,42952890,A,G,unambiguous:A/G:TOP,A/G,
BARC_1.01_Gm20_41919369_T_C,ss715638383,Gm20,43034626,T,C,unambiguous:T/C:BOT-design,T/C,
BARC_1.01_Gm20_42027385_C_A,ss715638398,Gm20,43142650,A,C,unambiguous:A/C:TOP,C/A,
BARC_1.01_Gm20_42078113_C_T,ss715638405,Gm20,43193377,T,C,unambiguous:T/C:BOT-design,C/T,
BARC_1.01_Gm20_42177748_T_C,ss715638413,Gm20,43293034,T,C,unambiguous:T/C:BOT-design,T/C,
BARC_1.01_Gm20_42222083_G_A,ss715638414,Gm20,43337371,A,G,unambiguous:A/G:TOP,G/A,
BARC_1.01_Gm20_42280799_G_A,ss715638417,Gm20,43396087,A,G,unambiguous:A/G:TOP,G/A,
BARC_1.01_Gm20_42365725_G_A,ss715638425,Gm20,43481014,A,G,unambiguous:A/G:TOP,G/A,
BARC_1.01_Gm20_42581979_A_G,ss715638447,Gm20,43698434,A,G,unambiguous:A/G:TOP,A/G,
BARC_1.01_Gm20_42616912_T_C,ss715638452,Gm20,43733367,T,C,unambiguous:T/C:BOT-design,T/C,
BARC_1.01_Gm20_42618871_T_G,ss715638453,Gm20,43735326,T,G,unambiguous:T/G:BOT-design,T/G,
BARC_1.01_Gm20_42702836_T_C,ss715638459,Gm20,43819291,T,C,unambiguous:T/C:BOT-design,T/C,
BARC_1.01_Gm20_42814722_G_T,ss715638468,Gm20,43931177,T,G,unambiguous:T/G:BOT-design,G/T,
BARC_1.01_Gm20_42988581_T_G,ss715638484,Gm20,44105030,T,G,unambiguous:T/G:BOT-design,T/G,
BARC_1.01_Gm20_43080764_T_G,ss715638501,Gm20,44206214,T,G,unambiguous:T/G:BOT-design,T/G,
BARC_1.01_Gm20_43146832_A_G,ss715638506,Gm20,44272285,A,G,unambiguous:A/G:TOP,A/G,
BARC_1.01_Gm20_43285529_C_T,ss715638521,Gm20,44407168,T,C,unambiguous:T/C:BOT-design,C/T,
BARC_1.01_Gm20_43379802_C_T,ss715638530,Gm20,44505799,T,C,unambiguous:T/C:BOT-design,C/T,
BARC_1.01_Gm20_43485102_G_T,ss715638547,Gm20,44611098,T,G,unambiguous:T/G:BOT-design,G/T,
BARC_1.01_Gm20_43540222_C_A,ss715638556,Gm20,44666247,A,C,unambiguous:A/C:TOP,C/A,
BARC_1.01_Gm20_43631496_T_C,ss715638568,Gm20,44760035,T,C,unambiguous:T/C:BOT-design,T/C,
BARC_1.01_Gm20_43713385_G_A,ss715638576,Gm20,44841784,A,G,unambiguous:A/G:TOP,G/A,
BARC_1.01_Gm20_43810783_C_T,ss715638586,Gm20,44939180,T,C,unambiguous:T/C:BOT-design,C/T,
BARC_1.01_Gm20_43967040_A_G,ss715638599,Gm20,45095440,A,G,unambiguous:A/G:TOP,A/G,
BARC_1.01_Gm20_44049329_C_T,ss715638607,Gm20,45177883,T,C,unambiguous:T/C:BOT-design,C/T,
BARC_1.01_Gm20_44260228_A_G,ss715638616,Gm20,45389200,A,G,unambiguous:A/G:TOP,A/G,
BARC_1.01_Gm20_44329030_A_G,ss715638618,Gm20,45458003,A,G,unambiguous:A/G:TOP,A/G,
BARC_1.01_Gm20_44446670_G_A,ss715638624,Gm20,45575644,A,G,unambiguous:A/G:TOP,G/A,
BARC_1.01_Gm20_44488564_G_A,ss715638629,Gm20,45617538,A,G,unambiguous:A/G:TOP,G/A,
BARC_1.01_Gm20_44566507_A_G,ss715638643,Gm20,45695479,A,G,unambiguous:A/G:TOP,A/G,
BARC_1.01_Gm20_44585208_A_G,ss715638650,Gm20,45714180,A,G,unambiguous:A/G:TOP,A/G,
BARC_1.01_Gm20_44728794_A_C,ss715638667,Gm20,45857761,A,C,unambiguous:A/C:TOP,A/C,
BARC_1.01_Gm20_44828590_T_G,ss715638681,Gm20,45957555,T,G,unambiguous:T/G:BOT-design,T/G,
BARC_1.01_Gm20_44830703_G_T,ss715638682,Gm20,45959668,T,G,unambiguous:T/G:BOT-design,G/T,
BARC_1.01_Gm20_44914896_G_A,ss715638700,Gm20,46043807,A,G,unambiguous:A/G:TOP,G/A,
BARC_1.01_Gm20_44936870_T_C,ss715638703,Gm20,46065781,T,C,unambiguous:T/C:BOT-design,T/C,
BARC_1.01_Gm20_45116741_C_A,ss715638718,Gm20,46245652,A,C,unambiguous:A/C:TOP,C/A,
BARC_1.01_Gm20_45327121_C_A,ss715638752,Gm20,46455568,A,C,unambiguous:A/C:TOP,C/A,
BARC_1.01_Gm20_45348343_C_T,ss715638756,Gm20,46476790,T,C,unambiguous:T/C:BOT-design,C/T,
BARC_1.01_Gm20_45394375_T_G,ss715638761,Gm20,46522603,T,G,unambiguous:T/G:BOT-design,T/G,
BARC_1.01_Gm20_45460065_T_C,ss715638769,Gm20,46588294,T,C,unambiguous:T/C:BOT-design,T/C,
BARC_1.01_Gm20_45499889_C_A,ss715638776,Gm20,46628118,A,C,unambiguous:A/C:TOP,C/A,
BARC_1.01_Gm20_45563283_G_T,ss715638788,Gm20,46691512,T,G,unambiguous:T/G:BOT-design,G/T,
BARC_1.01_Gm20_45603015_C_A,ss715638795,Gm20,46731243,A,C,unambiguous:A/C:TOP,C/A,
BARC_1.01_Gm20_45658213_A_G,ss715638801,Gm20,46785799,A,G,unambiguous:A/G:TOP,A/G,
BARC_1.01_Gm20_45724030_T_C,ss715638812,Gm20,46851986,T,C,unambiguous:T/C:BOT-design,T/C,
BARC_1.01_Gm20_45830184_T_C,ss715638838,Gm20,46958141,T,C,unambiguous:T/C:BOT-design,T/C,
BARC_1.01_Gm20_45896946_G_A,ss715638849,Gm20,47024906,A,G,unambiguous:A/G:TOP,G/A,
BARC_1.01_Gm20_45953874_G_A,ss715638858,Gm20,47081835,A,G,unambiguous:A/G:TOP,G/A,
BARC_1.01_Gm20_46008718_T_C,ss715638866,Gm20,47136679,T,C,unambiguous:T/C:BOT-design,T/C,
BARC_1.01_Gm20_46056821_A_G,ss715638872,Gm20,47184782,A,G,unambiguous:A/G:TOP,A/G,
BARC_1.01_Gm20_46108934_G_A,ss715638877,Gm20,47241278,A,G,unambiguous:A/G:TOP,G/A,
BARC_1.01_Gm20_46161456_C_T,ss715638885,Gm20,47293800,T,C,unambiguous:T/C:BOT-design,C/T,
BARC_1.01_Gm20_46235513_G_A,ss715638896,Gm20,47367858,A,G,unambiguous:A/G:TOP,G/A,
BARC_1.01_Gm20_46314790_C_T,ss715638903,Gm20,47447552,T,C,unambiguous:T/C:BOT-design,C/T,
BARC_1.01_Gm20_46443586_C_T,ss715638909,Gm20,47576355,T,C,unambiguous:T/C:BOT-design,C/T,
BARC_1.01_Gm20_46513542_G_T,ss715638918,Gm20,47646309,T,G,unambiguous:T/G:BOT-design,G/T,
BARC_1.01_Gm20_46574547_T_C,ss715638929,Gm20,47707314,T,C,unambiguous:T/C:BOT-design,T/C,
BARC_1.01_Gm11_14829557_A_C,ss715609099,Gm11,36351,A,C,unambiguous:A/C:TOP,A/C,
BARC_1.01_Gm11_14704799_C_T,ss715609078,Gm11,161114,T,C,unambiguous:T/C:BOT-design,C/T,
BARC_1.01_Gm11_14663140_C_T,ss715609070,Gm11,202812,T,C,unambiguous:T/C:BOT-design,C/T,
BARC_1.01_Gm11_14571958_T_C,ss715609066,Gm11,302645,T,C,unambiguous:T/C:BOT-design,T/C,
BARC_1.01_Gm11_14500437_C_T,ss715609063,Gm11,373621,T,C,unambiguous:T/C:BOT-design,C/T,
BARC_1.01_Gm11_14084162_C_T,ss715609030,Gm11,788729,T,C,unambiguous:T/C:BOT-design,C/T,
BARC_1.01_Gm11_13075838_T_C,ss715608984,Gm11,1780922,T,C,unambiguous:T/C:BOT-design,T/C,
BARC_1.01_Gm11_11932224_G_A,ss715608919,Gm11,2935462,A,G,unambiguous:A/G:TOP,G/A,
BARC_1.01_Gm11_11797269_T_C,ss715608892,Gm11,3072338,T,C,unambiguous:T/C:BOT-design,T/C,
BARC_1.01_Gm11_11738651_C_T,ss715608871,Gm11,3130954,T,C,unambiguous:T/C:BOT-design,C/T,
BARC_1.01_Gm11_11633102_G_A,ss715608857,Gm11,3238190,A,G,unambiguous:A/G:TOP,G/A,
BARC_1.01_Gm11_11572077_A_C,ss715608852,Gm11,3302705,A,C,unambiguous:A/C:TOP,A/C,
BARC_1.01_Gm11_11450492_A_G,ss715608847,Gm11,3424291,A,G,unambiguous:A/G:TOP,A/G,
BARC_1.01_Gm11_11383598_C_T,ss715608840,Gm11,3490834,T,C,unambiguous:T/C:BOT-design,C/T,
BARC_1.01_Gm11_19320136_A_G,ss715609594,Gm11,374271,A,G,unambiguous:A/G:TOP,A/G,
BARC_1.01_Gm11_19115601_T_C,ss715609591,Gm11,579510,T,C,unambiguous:T/C:BOT-design,T/C,
BARC_1.01_Gm11_31168005_T_C,ss715609917,Gm11,892815,T,C,unambiguous:T/C:BOT-design,T/C,
BARC_1.01_Gm02_23589448_C_T,ss715581566,Gm02,119574,T,C,unambiguous:T/C:BOT-design,C/T,
BARC_1.01_Gm03_20082797_A_G,ss715584694,Gm03,217029,A,G,unambiguous:A/G:TOP,A/G,
BARC_1.01_Gm14_8186078_G_A,ss715619979,Gm14,64866,A,G,unambiguous:A/G:TOP,G/A,
BARC_1.01_Gm14_8128492_T_G,ss715619968,Gm14,122452,T,G,unambiguous:T/G:BOT-design,T/G,
BARC_1.01_Gm14_8096329_G_T,ss715619964,Gm14,154615,T,G,unambiguous:T/G:BOT-design,G/T,
BARC_1.01_Gm14_8027761_C_T,ss715619947,Gm14,223576,T,C,unambiguous:T/C:BOT-design,C/T,
BARC_1.01_Gm11_11131574_C_T,ss715608825,Gm11,96454,T,C,unambiguous:T/C:BOT-design,C/T,
BARC_1.01_Gm11_11269310_G_A,ss715608829,Gm11,234189,A,G,unambiguous:A/G:TOP,G/A,
BARC_1.01_Gm16_36732450_T_C,ss715624959,Gm16,11614,T,C,unambiguous:T/C:BOT-design,T/C,
BARC_1.01_Gm03_7856828_A_G,ss715586962,Gm03,56474,A,G,unambiguous:A/G:TOP,A/G,
